sensor_id,macroarea_id,edge_cluster,edge_id,lat,lon,x_km,y_km,rows,rows_per_day,distance_to_edge_km
10006,none,9,edge-9,42.626,23.382,5415.687140553402,2266.5838791275664,16181,521.9677419354839,52.64931275159225
10008,none,9,edge-9,41.766,26.204,5661.796603442334,2218.443037683086,16591,535.1935483870968,203.86611255166517
10060,none,3,edge-3,49.306,8.636,4221.790708344964,2911.2547778250328,13292,428.7741935483871,96.88356159168646
10079,none,9,edge-9,42.544,22.966,5383.50404558921,2251.632380835675,16280,525.1612903225806,87.6828288246948
10097,none,9,edge-9,42.66211199999999,23.465317,5421.753407484052,2271.753983227442,16337,527.0,45.71836793563818
10127,none,9,edge-9,42.608,23.362000000000002,5414.400336795875,2264.322458934865,16194,522.3870967741935,54.44764339336143
10135,none,3,edge-3,48.85,8.924,4242.009093625474,2860.213203978963,16593,535.258064516129,61.392290680045924
10145,none,9,edge-9,41.822,23.563999999999997,5445.265624787385,2181.3104628256347,12783,412.35483870967744,99.57149149271191
10176,none,0,edge-0,38.704,0.152,3461.4713073570065,1790.9641737683426,15618,503.80645161290323,369.82350714150965
10261,none,9,edge-9,42.606,23.388,5416.539022701698,2264.4824926278143,6206,200.19354838709677,52.34250520980115
10310,none,9,edge-9,43.236,27.986,5770.114379298354,2411.2836671521914,16258,524.4516129032259,330.95242399176726
10342,none,7,edge-7,54.602,18.356,4859.781428090407,3530.7607690560085,16197,522.483870967742,343.80578276489155
10423,none,0,edge-0,44.755529,-0.41278,3498.0085490367815,2462.390361178598,9695,312.741935483871,317.0672323751846
10460,none,2,edge-2,51.206,6.887999999999999,4103.587474296585,3126.2890951578847,16517,532.8064516129032,88.46221354140353
10462,none,9,edge-9,42.656,23.374,5414.490527973417,2269.7507299364825,16286,525.3548387096774,53.20488767562839
10464,none,9,edge-9,42.048,24.638,5528.567066186944,2222.6445942939145,16269,524.8064516129032,83.13938396392264
10466,none,9,edge-9,42.6,23.556,5430.229427758235,2266.2921513333877,16224,523.3548387096774,38.71463094835028
10470,none,8,edge-8,47.052,15.458000000000002,4735.629710115709,2675.100237614374,16247,524.0967741935484,269.03182549597426
10474,none,2,edge-2,50.446,7.904,4172.1345620362745,3039.245365578569,7854,253.3548387096774,197.4071076354969
10476,none,3,edge-3,48.264,11.436000000000002,4427.65553671685,2795.534976605542,13450,433.8709677419355,139.5452470032258
10482,none,9,edge-9,42.334,23.876,5461.1275036269535,2241.9904281637687,15867,511.83870967741933,36.96167515545926
10510,none,5,edge-5,53.266000000000005,10.41,4348.3589479864995,3350.952356266441,20103,648.483870967742,161.9375020928825
10518,none,9,edge-9,42.548,22.968,5383.5950470361295,2252.0987435515735,16240,523.8709677419355,87.4543578818625
10539,none,3,edge-3,49.048,8.468,4208.986962790213,2882.8145107554733,16195,522.4193548387096,97.35437251332287
10587,none,3,edge-3,47.606,7.575999999999999,4138.653611736319,2724.3625017283084,7267,234.41935483870967,212.7719299133653
10606,none,9,edge-9,42.698,23.148,5395.471041727163,2271.0857543843954,16288,525.4193548387096,71.88426288201863
10618,none,9,edge-9,43.526,26.534000000000002,5648.770779062816,2415.81117645816,12085,389.83870967741933,227.83390331882288
10638,none,3,edge-3,49.252,8.904,4241.193686711029,2904.925201668219,55823,1800.741935483871,77.29967012356975
10652,none,9,edge-9,42.742,23.266,5404.199683477745,2277.5988179992214,14331,462.2903225806452,62.77987991382993
10668,none,9,edge-9,42.136,24.796,5539.6396622983875,2234.7984854504084,11518,371.5483870967742,84.78844411725953
10688,none,9,edge-9,42.68800000000001,23.298,5407.7669385937115,2272.1498974944807,16595,535.3225806451613,59.54450974849078
10712,none,2,edge-2,51.234,6.804,4097.858954553031,3129.6548989981598,16103,519.4516129032259,81.85259517004074
10716,none,9,edge-9,42.62,23.316,5410.46206382354,2264.9673448689805,16615,535.9677419354839,58.10590386594412
10718,none,9,edge-9,42.70000000000001,23.124,5393.496419638485,2270.9616044569143,14493,467.51612903225805,73.86121650445777
10732,none,9,edge-9,42.81199999999999,23.216,5398.894582441582,2284.5427572217723,13619,439.3225806451613,68.34751441183491
10796,none,9,edge-9,42.994,23.372,5408.118725025,2306.7190874178887,6881,221.96774193548387,65.27568738887359
10802,none,2,edge-2,50.852,7.102,4116.9763360772995,3086.318835282765,16019,516.741935483871,125.21882784476728
10806,none,2,edge-2,53.224,6.0,4053.9782834480625,3353.5611657279824,16218,523.1612903225806,176.56937019048357
10852,none,2,edge-2,52.046,6.314,4068.236770966087,3221.512106846228,16214,523.0322580645161,56.30627909874085
10869,none,3,edge-3,48.698,8.762,4229.839695191087,2843.5043113005377,16377,528.2903225806451,75.16984572199237
10881,none,3,edge-3,48.884,8.338,4199.080323566266,2864.7914734036117,16312,526.1935483870968,104.46884905563012
10897,none,2,edge-2,51.176,6.47,4074.2490425895207,3124.281787493304,8023,258.80645161290323,68.57848641755616
10921,none,3,edge-3,50.58,8.818,4237.279515933982,3052.696988624027,14253,459.7741935483871,204.64507566343178
10940,none,9,edge-9,42.696,23.493999999999996,5423.4423607148565,2275.8832215362813,16110,519.6774193548387,43.608717182840934
10946,none,9,edge-9,42.648,23.368,5414.152473463791,2268.7877695669963,16261,524.5483870967741,53.70391863235334
10948,none,9,edge-9,42.07,24.751999999999995,5537.393749510925,2226.883230081317,16266,524.7096774193549,87.30395652280006
10978,none,3,edge-3,48.272,10.794,4379.966122177957,2795.7040428622918,16271,524.8709677419355,99.36500216838427
10992,none,8,edge-8,47.028,15.513999999999998,4740.066521887127,2672.7550658155706,15874,512.0645161290323,264.9810074234229
11038,none,3,edge-3,49.54,11.932,4460.8405053176775,2938.192494910473,12254,395.2903225806452,176.2335667140771
11053,none,9,edge-9,42.602,23.47,5423.241460513845,2265.244667195471,16608,535.741935483871,45.6927659683967
11077,none,9,edge-9,42.62599999999999,23.38,5415.525500479204,2266.554725389512,13,0.41935483870967744,52.81335945556102
11099,none,9,edge-9,42.65,23.364,5413.792653939638,2268.9484448975713,15431,497.7741935483871,54.02926297829273
11108,none,3,edge-3,48.302,14.294,4639.504035157793,2807.9877293153418,14540,469.03225806451616,339.9668833813048
11114,none,5,edge-5,52.154,9.198,4266.11050835212,3227.437481380908,14478,467.03225806451616,195.0826478806299
11124,none,9,edge-9,42.692,23.312,5408.824424020286,2272.79050708499,16271,524.8709677419355,58.4272070243552
11172,none,5,edge-5,50.83,12.082,4467.6665668633195,3081.9174003789058,15343,494.93548387096774,152.8918807759691
11174,none,5,edge-5,50.856,12.088,4468.007112448447,3084.820753149265,990,31.93548387096774,150.00668042024967
11184,none,9,edge-9,43.6254833,22.69161397,5342.340212137517,2366.328550859654,16503,532.3548387096774,152.47805748395584
11198,none,3,edge-3,48.744,9.162,4259.348846796062,2848.2029870592273,16577,534.741935483871,45.351049044912266
11223,none,2,edge-2,52.01200000000001,8.724,4233.395437323963,3212.1020129965773,15571,502.2903225806452,204.1329813865737
113,none,3,edge-3,48.808,9.182,4260.897486012199,2855.300869258239,16303,525.9032258064516,42.65523048111636
11314,none,3,edge-3,48.858,9.206,4262.719477469388,2860.83985866927,16310,526.1290322580645,40.710892199192095
11329,none,9,edge-9,42.714,23.732,5442.303446590133,2281.377899357143,16178,521.8709677419355,24.838652422895752
11339,none,9,edge-9,42.684,23.252,5404.124749825531,2271.047290954344,14735,475.3225806451613,63.28732664291409
11343,none,9,edge-9,42.16,24.746,5535.099586635517,2236.608633830456,16612,535.8709677419355,79.96863403682279
11345,none,9,edge-9,42.6,23.028,5387.527508249454,2258.64383222079,16276,525.0322580645161,81.8863735948286
11347,none,9,edge-9,42.722,23.258,5403.9181204521565,2275.293889149172,16232,523.6129032258065,63.13595384211713
11395,none,5,edge-5,54.402,10.22,4335.291082854012,3477.31466819042,16458,530.9032258064516,273.30527676568306
11413,none,9,edge-9,43.256,26.96,5688.645343230332,2394.128684412175,16358,527.6774193548387,250.02305018811967
11440,none,2,edge-2,51.814,4.51,3942.8109319734526,3203.5477750604655,16313,526.2258064516129,92.74696418589615
11448,none,3,edge-3,49.736,8.734,4229.72841833598,2958.937122798882,19504,629.1612903225806,124.1311388078026
11468,none,9,edge-9,42.762,23.43,5417.060681247996,2282.1687810201956,16252,524.258064516129,50.04821623553712
11499,none,3,edge-3,48.748,9.277999999999999,4267.886822175742,2848.557338497153,7721,249.06451612903226,37.0138967789046
11519,none,3,edge-3,48.228,14.116,4626.764241882391,2799.021136450234,7785,251.1290322580645,328.89418698659625
11523,none,9,edge-9,43.208,27.904,5764.342378127316,2406.6611198221194,16273,524.9354838709677,323.81632238866786
11525,none,3,edge-3,49.648,8.33,4200.388098855709,2949.735132009502,14586,470.51612903225805,137.2508002233577
11605,none,9,edge-9,43.076,25.626,5586.80535117211,2351.064621429916,14894,480.4516129032258,140.09729052141518
11621,none,3,edge-3,49.093999999999994,11.9,4459.78386833741,2888.554451448681,16195,522.4193548387096,159.1574636092893
11643,none,2,edge-2,50.93,6.918,4104.394245832725,3095.518696840911,2388,77.03225806451613,109.96667994191105
11648,none,5,edge-5,52.342,9.662,4297.963987709656,3248.10783437816,16525,533.0645161290323,163.64812964194445
11672,none,9,edge-9,43.412,24.612,5499.114046213792,2371.1796384617132,16534,533.3548387096774,98.10694614049412
11678,none,9,edge-9,41.95,24.372,5508.843994736943,2207.709261999837,16223,523.3225806451613,82.2352136451277
11682,none,9,edge-9,42.64,23.31,5409.6121012277545,2267.06951057022,16299,525.7741935483871,58.4864237439196
11692,none,9,edge-9,42.672,23.354,5412.58186564979,2271.210929582133,16292,525.5483870967741,54.87591327637055
11808,none,9,edge-9,42.64,23.38,5415.268722546644,2268.086973890323,16290,525.483870967742,52.740116230842595
11810,none,9,edge-9,41.566,23.734,5463.943469508754,2155.879920564842,16152,521.0322580645161,122.64440742293272
11830,none,9,edge-9,42.134,24.718,5533.348820029629,2233.3189987608257,3471,111.96774193548387,80.28605860191826
11856,none,5,edge-5,53.14,8.904,4247.653848822345,3337.407185731304,13061,421.3225806451613,236.849092666232
11866,none,2,edge-2,52.744,6.898,4111.576804211476,3297.2553709394133,2,0.06451612903225806,143.03214631145133
11878,none,9,edge-9,42.676,23.268000000000004,5405.562622362239,2270.4024797015663,11328,365.4193548387097,61.94051098658841
11912,none,9,edge-9,41.928000000000004,25.556,5605.644918550145,2224.7699415833904,16345,527.258064516129,148.71225324787116
11987,none,2,edge-2,51.382,6.768,4096.0732769572605,3146.2174526127583,15664,505.2903225806452,71.61822504033047
1207,none,2,edge-2,53.184,8.216,4201.741865230972,3343.215367329165,16622,536.1935483870968,236.57292270891062
12073,none,3,edge-3,49.004,8.372,4201.863059275522,2878.0742077610503,978,31.548387096774192,103.29852476655971
12077,none,9,edge-9,42.676,23.262,5405.077958436261,2270.315829633447,16271,524.8709677419355,62.432342595353674
12087,none,3,edge-3,48.84054385,9.18906704,4261.455711211258,2858.9128639905102,16306,526.0,41.93431282508846
12123,none,6,edge-6,59.628,17.852,4764.037158530911,4083.12122662806,5661,182.61290322580646,30.911596647991608
12146,none,8,edge-8,47.032,15.398,4731.237242128051,2672.5495189114786,15920,513.5483870967741,273.74330982669875
12172,none,5,edge-5,52.418,13.668,4570.439363916127,3262.7980090164174,16309,526.0967741935484,112.93985733699596
12182,none,5,edge-5,51.55,12.138000000000002,4469.276711931212,3162.102890466232,15317,494.0967741935484,73.02737079639826
12203,none,9,edge-9,42.178,24.622,5524.678319013994,2236.5791441486517,16349,527.3870967741935,71.31711688177785
12213,none,9,edge-9,44.158,22.788,5340.5305193825,2426.0314930769227,7908,255.09677419354838,194.31206779333223
12219,none,9,edge-9,42.646,23.344,5412.249970925257,2268.2197678337925,16026,516.9677419354839,55.678134895332
12283,none,2,edge-2,51.1680846,6.932825799999999,4106.540721115361,3121.9417005645682,7356,237.29032258064515,93.42541019489207
12349,none,9,edge-9,42.71,27.258,5725.142951577491,2340.32834380184,16247,524.0967741935484,265.47305486135207
12358,none,2,edge-2,51.244,6.773999999999999,4095.8148742061007,3130.8585458981775,16549,533.8387096774194,79.4939304970665
12360,none,2,edge-2,51.46,7.09,4118.812878288932,3153.947399768371,6892,222.32258064516128,90.11059597936963
12400,none,9,edge-9,42.6824291,23.2784717,5406.291385035309,2271.257587947287,11340,365.80645161290323,61.1110097153859
12471,none,4,edge-4,46.484,13.832,4615.401593286297,2604.3412003234184,12040,388.38709677419354,339.4053034408628
12475,none,9,edge-9,42.624,23.334,5411.844089134981,2265.6664755865086,15545,501.4516129032258,56.60027477893449
12486,none,4,edge-4,46.803509,11.579422,4441.665925277962,2633.513312509798,16440,530.3225806451613,239.37417589186782
12536,none,2,edge-2,48.696,2.114,3741.530089579468,2873.554738911946,15986,515.6774193548387,421.091374989213
12588,none,2,edge-2,51.44905763,7.345489560000001,4136.510704766065,3152.054287854251,16232,523.6129032258065,107.70057996573661
12594,none,3,edge-3,50.208,9.182,4262.602528139545,3010.969940019301,16414,529.483870967742,157.3245693962499
12624,none,9,edge-9,42.836,23.998000000000005,5461.396300420933,2298.7286367604843,16231,523.5806451612904,20.995968883728573
12626,none,9,edge-9,42.684,23.372,5413.815482843986,2272.7862117055056,16568,534.4516129032259,53.462598188133846
12666,none,6,edge-6,59.05,17.416,4746.577663986149,4016.55092216297,16258,524.4516129032259,93.7555669512505
12722,none,3,edge-3,50.31600000000001,8.114,4186.677025952013,3024.3843663878156,4056,130.83870967741936,202.40002459212334
12759,none,8,edge-8,47.048,15.39,4730.505635676611,2674.2788152139688,16089,519.0,274.2203750434629
12763,none,5,edge-5,52.49,13.378,4550.3616974368415,3269.847697303232,16645,536.9354838709677,95.98261160032476
12775,none,9,edge-9,42.63,23.381999999999998,5415.613769022631,2267.021661585529,4666,150.51612903225808,52.6236751828312
12781,none,9,edge-9,43.303999999999995,24.344,5479.95136354911,2355.1955650202026,16048,517.6774193548387,77.79878024495751
12785,none,9,edge-9,42.68,23.26,5404.843651211754,2270.724844054439,16210,522.9032258064516,62.61262227264412
12789,none,9,edge-9,42.71,23.192,5398.807624707302,2273.030323128733,12070,389.35483870967744,68.38370423343048
12793,none,9,edge-9,42.684,23.26,5404.770896811403,2271.162734203231,15131,488.0967741935484,62.63210089858816
12803,none,9,edge-9,42.7006288,23.2778087,5405.906329456238,2273.240320883287,16267,524.741935483871,61.29191814309792
12897,none,9,edge-9,35.028,32.37199999999999,6352.362157660724,1628.0998960666218,16498,532.1935483870968,1098.597612366786
12913,none,5,edge-5,51.36800000000001,11.984,4459.148439118017,3141.558886476534,5919,190.93548387096774,93.12715873515126
12937,none,7,edge-7,54.33752042,18.58339012,4877.91743813305,3503.230766254447,16374,528.1935483870968,312.5751441134709
12949,none,3,edge-3,49.47599999999999,8.484,4211.12004511458,2930.3708559580855,14497,467.64516129032256,116.63628110041243
12951,none,2,edge-2,50.858,7.232,4126.148468498134,3086.6315528115224,16583,534.9354838709677,131.3923185540345
12969,none,2,edge-2,53.128,8.182,4199.312030796855,3337.0416919121176,13390,431.93548387096774,230.54424107755955
12973,none,5,edge-5,51.056000000000004,9.466,4283.5593653787255,3105.1090482840923,16525,533.0645161290323,219.75281486081437
12987,none,2,edge-2,51.96,5.582,4017.525216919597,3214.7490458910643,16184,522.0645161290323,39.192218334356454
13011,none,6,edge-6,57.632,11.962000000000002,4438.343568941486,3838.277234964855,16095,519.1935483870968,413.09077607080854
13013,none,6,edge-6,57.67,12.005999999999998,4440.8510493479625,3842.575249332197,2735,88.2258064516129,408.3766724603758
13015,none,6,edge-6,57.696,11.95,4437.424221939333,3845.373510866715,10940,352.9032258064516,409.15353121757
13027,none,9,edge-9,42.68,23.324,5410.012672338987,2271.650932494531,16257,524.4193548387096,57.3693423775316
13029,none,9,edge-9,42.662,23.402,5416.642037753187,2270.8155947047217,5047,162.80645161290323,50.912503502317094
13033,none,9,edge-9,42.632,23.298,5408.788127912423,2266.0199226745945,16204,522.7096774193549,59.505777841234064
13041,none,9,edge-9,42.728,23.288,5406.2300861605945,2276.383954210932,16391,528.741935483871,60.7795868604717
13050,none,2,edge-2,51.446,5.404,4001.7174985761885,3158.4122797363475,16196,522.4516129032259,36.319375538867895
13058,none,3,edge-3,49.578,11.011999999999999,4394.199538863233,2941.084321011018,12491,402.93548387096774,122.39365538349553
13068,none,2,edge-2,51.362,6.686,4090.270409088331,3144.2500010126278,16597,535.3870967741935,67.45653738145478
13080,none,3,edge-3,49.154,9.28,4268.466523296616,2893.691522828332,14825,478.2258064516129,49.20814985492543
13124,none,5,edge-5,50.92,12.05,4465.134259955136,3091.862343918661,16187,522.1612903225806,142.86222946689597
13126,none,9,edge-9,42.5687372,23.72758806,5444.68115045603,2265.4233149770766,11174,360.4516129032258,25.83788530363105
13209,none,9,edge-9,42.678,23.332,5410.695309152387,2271.5480881746244,16102,519.4193548387096,56.70412046310771
13235,none,3,edge-3,48.506,9.05,4250.776187088075,2821.8482897085078,13101,422.61290322580646,64.42260366177628
13241,none,3,edge-3,47.79,7.322,4120.2744439539665,2745.455656398517,10903,351.7096774193548,215.474236715063
13270,none,2,edge-2,51.9939546,7.56924846,4154.074104159949,3212.1108452925673,16144,520.7741935483871,126.58639444360614
13280,none,3,edge-3,49.814,8.652,4223.974410461864,2967.7153578283933,16187,522.1612903225806,134.61246438787677
13312,none,3,edge-3,48.672,9.376,4275.02588446484,2840.043208609606,16595,535.3225806451613,34.12925346869995
13348,none,3,edge-3,49.934,9.138,4259.107699130932,2980.533722426336,16544,533.6774193548387,129.32671351411375
13367,none,5,edge-5,52.612,13.63,4566.775483934304,3284.232847471355,8025,258.8709677419355,116.75944123054607
13387,none,3,edge-3,48.524,9.044,4250.358038619368,2823.8546958581683,16563,534.2903225806451,63.634046170395465
13407,none,3,edge-3,48.208,10.766,4377.958776175023,2788.569227931455,16238,523.8064516129032,102.58883136255054
13434,none,3,edge-3,47.678,9.158,4257.737208974123,2729.735967676914,8173,263.64516129032256,137.11197688061802
13456,none,2,edge-2,50.93999999999999,6.94,4105.985638174645,3096.565419525623,9975,321.7741935483871,110.2409736924371
13476,none,6,edge-6,63.824,20.288,4828.228983974089,4561.757885610234,14056,453.4193548387097,458.34485414239055
13478,none,6,edge-6,62.382,17.344,4701.80897965634,4384.360100140666,38303,1235.5806451612902,278.1677102919587
13486,none,6,edge-6,59.336,17.998,4776.070255223779,4051.7762404875916,14923,481.38709677419354,64.3464956976878
13581,none,4,edge-4,46.17,7.222,4106.269854308804,2565.8927125387268,15514,500.4516129032258,264.8940855953392
13591,none,2,edge-2,50.778,7.206,4123.981762914426,3077.8072113674734,16592,535.2258064516129,136.22645260370558
13604,none,3,edge-3,48.264,11.436,4427.65553671685,2795.534976605542,13159,424.48387096774195,139.5452470032258
13612,none,2,edge-2,51.436,6.774,4096.755178109927,3152.2018825538426,16428,529.9354838709677,69.77157008668186
13661,none,3,edge-3,49.480000000000004,11.102,4400.869668125155,2930.2814016903226,16612,535.8709677419355,120.7470662569703
13690,none,5,edge-5,52.194,9.894,4313.751607422628,3231.591447469838,16667,537.6451612903226,147.33965626233316
13709,none,2,edge-2,51.908,7.73,4164.810902247271,3202.1949370003795,16560,534.1935483870968,134.86342864102264
13732,none,5,edge-5,56.096,12.664,4486.876704599206,3668.867725601921,5710,184.19354838709677,434.96815990270227
13734,none,5,edge-5,52.56,13.508,4558.803344608688,3278.0468985711195,16494,532.0645161290323,106.93824034456915
13765,none,3,edge-3,48.81,9.204000000000002,4262.516214035495,2855.5054984868734,16613,535.9032258064516,41.024866420256885
13863,none,5,edge-5,53.1318229,8.73230159,4236.148729144238,3336.6843726963425,16377,528.2903225806451,246.9663252609516
13867,none,8,edge-8,46.982,15.248,4720.239396908388,2666.188051135562,16142,520.7096774193549,285.5911707355086
13869,none,8,edge-8,48.206,16.402,4796.389205173597,2808.676868615032,16434,530.1290322580645,227.00831680955562
13873,none,5,edge-5,51.494,11.964,4457.380112855799,3155.5352902221666,14934,481.741935483871,79.2166306619432
13934,none,5,edge-5,52.168,9.866,4311.831602832067,3228.7015786637567,15656,505.03225806451616,149.34673457227865
13952,none,5,edge-5,52.192,9.886,4313.204210110961,3231.369732850431,16301,525.8387096774194,147.89171099529986
13968,none,5,edge-5,52.198,9.92,4315.530004355126,3232.0342594632525,16300,525.8064516129032,145.5529702670803
13974,none,0,edge-0,43.77,4.008,3837.965549598967,2314.947669612579,15816,510.19354838709677,454.73891115767134
1401,none,3,edge-3,48.842,8.926,4242.143205237887,2859.3217683989446,15715,506.93548387096774,61.247391505577234
14035,none,3,edge-3,49.42,11.039999999999997,4396.46929408873,2923.544718146573,867,27.967741935483872,113.25473458251749
14067,none,9,edge-9,42.684,23.35,5412.039085088239,2272.4662430622407,16579,534.8064516129032,55.26313640110548
141,none,3,edge-3,48.778000000000006,9.16,4259.24389009965,2851.984158522868,13048,420.9032258064516,44.703854708643505
14117,none,2,edge-2,51.436,6.544,4080.7808056328577,3152.9333280304472,13116,423.0967741935484,54.94498943063869
14120,none,3,edge-3,49.24600000000001,9.1,4255.456694468411,2904.0645534362643,16489,531.9032258064516,65.77381676802405
14184,none,2,edge-2,50.64800000000001,7.312000000000001,4130.925370203721,3063.074411332864,16375,528.2258064516129,151.86188327238165
14204,none,2,edge-2,51.854,6.622,4088.3483193025204,3199.1446093994573,14363,463.3225806451613,59.99406094575574
14253,none,5,edge-5,51.502,10.722,4371.1329151813325,3154.838983474556,1,0.03225806451612903,120.2462257018369
14269,none,2,edge-2,51.48,7.006,4113.071304396444,3156.406911272031,16310,526.1290322580645,83.9213849648848
14273,none,3,edge-3,49.45,11.052,4397.293074853116,2926.8926953044115,9515,306.93548387096774,115.8615591075118
14383,none,3,edge-3,50.328,8.72,4229.853829284337,3024.786996185689,16090,519.0322580645161,181.34153006223224
14612,none,5,edge-5,52.078,11.65,4434.110690321036,3219.9594780729503,16153,521.0645161290323,30.700414681819485
14689,none,3,edge-3,48.728,9.154,4258.7403379665575,2846.4311420123577,16343,527.1935483870968,46.39153171933561
1472,none,9,edge-9,42.64399999999999,23.336,5411.6401245152,2267.8846277136413,16620,536.1290322580645,56.33974104211209
14777,none,9,edge-9,43.124,25.686000000000003,5590.548173529838,2357.3119955331827,16216,523.0967741935484,146.5747245988728
14790,none,5,edge-5,51.01,10.366,4346.687179576052,3099.9192602408407,14483,467.19354838709677,176.742059511673
1480,none,2,edge-2,51.698,4.886,3967.75728969718,3188.7844198186267,16037,517.3225806451613,65.15379374914515
14800,none,6,edge-6,57.75,11.97,4438.445804403624,3851.4101451621805,15388,496.38709677419354,404.48588668479556
14882,none,5,edge-5,51.278,12.588,4501.541344451867,3132.867406482799,7701,248.41935483870967,109.55295417155185
14902,none,3,edge-3,49.07800000000001,9.194,4262.101152349307,2885.307077486087,25912,835.8709677419355,48.94417009405149
15050,none,9,edge-9,42.724,23.25,5403.236016642664,2275.397475592226,7358,237.3548387096774,63.81209516911462
15066,none,6,edge-6,64.944,20.038,4796.746143973553,4682.814242771021,13176,425.03225806451616,574.5123372366115
15193,none,2,edge-2,51.63000000000001,7.483999999999999,4146.825338176532,3171.8348227079414,5983,193.0,114.93937981070243
15195,none,9,edge-9,42.478,23.756000000000004,5448.685765721699,2255.925341251883,16225,523.3870967741935,29.04233260508387
15260,none,5,edge-5,51.368,12.364,4485.598514812149,3142.346338128813,16134,520.4516129032259,95.52581221295004
15263,none,5,edge-5,51.553999999999995,13.59,4569.880628065979,3166.49773195665,16485,531.7741935483871,128.40982108762796
15272,none,2,edge-2,51.578,7.268,4131.663813484771,3166.5903407457986,16309,526.0967741935484,100.2852956353457
15278,none,3,edge-3,48.9201145,8.75976,4230.081776320746,2868.1966381858224,19187,618.9354838709677,73.8796673650948
15308,none,2,edge-2,52.208,6.964,4113.529621696913,3237.4685024193877,15961,514.8709677419355,100.6467440909566
15382,none,5,edge-5,51.364,12.357999999999999,4485.195244023301,3141.888010580435,7843,253.0,95.8665071010833
15405,none,3,edge-3,48.124,11.59,4439.418236158153,2780.212532785292,16577,534.741935483871,157.2101884057438
15444,none,3,edge-3,48.146,11.576000000000002,4438.324898370394,2782.6347762646637,16185,522.0967741935484,155.05757794943798
15529,none,5,edge-5,52.28,9.5,4286.875674577617,3241.272634588666,7926,255.67741935483872,174.30872819551485
15568,none,9,edge-9,42.596,23.044,5388.893899493436,2258.4331293699975,15841,511.0,80.61354454311892
15604,none,3,edge-3,49.042,9.092,4254.599431907321,2881.3915800721325,16556,534.0645161290323,53.67301942147681
15634,none,3,edge-3,48.898,8.308,4196.915076820956,2866.3976560452206,16626,536.3225806451613,106.72978007119454
15646,none,0,edge-0,43.622,1.476,3632.949705108681,2318.3784088750676,16650,537.0967741935484,273.8710428987409
15674,none,8,edge-8,48.09,16.212,4783.37541859474,2794.6157882428924,13214,426.258064516129,233.5578692093356
15678,none,2,edge-2,50.814,6.368,4065.137213044745,3084.401580046621,16288,525.4193548387096,99.60330190836507
15694,none,3,edge-3,48.833999999999996,9.132,4257.257276078076,2858.233152265138,12154,392.06451612903226,46.13938636356383
15817,none,3,edge-3,50.07,8.232,4194.426831861598,2996.8207120780894,14,0.45161290322580644,175.67224316243534
15884,none,3,edge-3,50.254,10.96,4389.468047716612,3016.208754728806,16613,535.9032258064516,179.21031563979543
15914,none,2,edge-2,51.93,8.84,4241.213282201155,3202.8460294753168,16596,535.3548387096774,210.57114578607207
15932,none,3,edge-3,49.52,11.284000000000002,4413.982591684807,2934.9427936807715,16631,536.483870967742,134.1429612763993
16016,none,5,edge-5,53.592,10.184,4333.185146109118,3387.168678836424,7911,255.19354838709677,199.01934334803516
16094,none,3,edge-3,47.79,12.076,4476.619083306227,2744.0053319374692,16069,518.3548387096774,207.9369393608803
16100,none,5,edge-5,50.83,12.082,4467.6665668633195,3081.9174003789058,16474,531.4193548387096,152.8918807759691
16120,none,5,edge-5,53.502,10.252,4337.723568578054,3377.1667902087815,13069,421.5806451612903,188.462252413455
16150,none,5,edge-5,55.88609809,12.94568181,4505.389021110061,3646.214727206735,16186,522.1290322580645,413.9288912293019
1616,none,3,edge-3,47.982,7.8100000000000005,4157.453003989314,2765.580329828308,15324,494.3225806451613,173.28989013609726
16200,none,2,edge-2,52.494,4.654,3958.2736062874737,3278.301001962072,3217,103.7741935483871,124.23790040456035
163,none,3,edge-3,48.958000000000006,8.284,4195.3076856700245,2873.1073860813817,14409,464.80645161290323,108.99581193192839
16331,none,8,edge-8,48.206,16.34,4791.7983658802195,2808.2794689180105,15865,511.7741935483871,231.01049030792038
16355,none,2,edge-2,51.644,8.494,4216.761225068738,3171.4654808061846,10132,326.83870967741933,184.81861662462777
16431,none,3,edge-3,49.284,7.238000000000001,4120.059227785185,2911.661039463126,6860,221.29032258064515,190.7373328724502
16451,none,9,edge-9,42.708,23.310000000000002,5408.370759778208,2274.5129558981553,16220,523.2258064516129,58.73710746430344
16461,none,9,edge-9,42.048,24.65,5529.542812293007,2222.8373694101683,16026,516.9677419354839,83.73658809713055
16544,none,3,edge-3,47.996,7.786,4155.706696348796,2767.188996567962,15798,509.61290322580646,173.90826221572758
16595,none,5,edge-5,52.532,13.336,4547.296961694926,3274.3854782361127,16051,517.7741935483871,94.94502711785019
16613,none,5,edge-5,52.358,9.751999999999999,4304.10389391421,3249.863505587062,14651,472.61290322580646,157.68928379697593
16664,none,5,edge-5,51.27,9.434,4281.4993569897015,3128.9328621784275,16145,520.8064516129032,208.3778230018904
16674,none,5,edge-5,52.654,10.326,4343.061848084511,3282.821501308152,7599,245.1290322580645,127.44519744613537
16690,none,5,edge-5,52.22,9.884,4313.072418858721,3234.4855235775426,16288,525.4193548387096,147.98686419763234
16777,none,3,edge-3,49.456,8.164,4187.876804116352,2928.676150250493,16171,521.6451612903226,134.88743472842023
16793,none,9,edge-9,42.662,23.35,5412.441890959855,2270.0582402944246,16419,529.6451612903226,55.17893482366685
16806,none,7,edge-7,50.102,20.010000000000005,5034.66889941724,3047.6606144609314,16050,517.741935483871,172.8792307535297
16821,none,2,edge-2,49.74,6.604,4076.2738859411893,2964.253564301761,8047,259.5806451612903,218.61788134536235
16834,none,3,edge-3,48.426,10.868,4385.264933067678,2812.8817878723285,16620,536.1290322580645,93.98231885427546
16857,none,5,edge-5,51.312,12.276,4479.667175007567,3135.9240339635053,16143,520.741935483871,100.48044980839539
16921,none,3,edge-3,48.383877,11.923796,4463.538340368363,2809.6795744780147,10946,353.0967741935484,167.57820235211875
1694,none,8,edge-8,47.068,15.408,4731.713799245333,2676.5953412291346,2335,75.3225806451613,272.70898981926763
16945,none,3,edge-3,48.71283859,8.99473697,4246.997968272269,2844.8930019343816,13014,419.80645161290323,58.135590024766316
17054,none,3,edge-3,48.824,11.422,4425.44278865345,2857.753716971128,15336,494.7096774193548,122.059528750266
17060,none,3,edge-3,49.716,9.266,4268.058759872201,2956.1909895669337,13039,420.61290322580646,103.39057823237424
17209,none,3,edge-3,48.48799999999999,9.202,4261.990296852937,2819.714482756878,15955,514.6774193548387,57.08943573962031
17230,none,3,edge-3,50.364000000000004,8.958,4246.856214485713,3028.5224723923798,9092,293.2903225806452,178.67739829344828
17254,none,5,edge-5,52.832,13.816,4578.063033500493,3309.3296534614497,13055,421.1290322580645,138.79660919922372
17260,none,3,edge-3,49.23,9.22,4264.176870406644,2902.1858741573,16608,535.741935483871,58.31434435375227
17311,none,0,edge-0,43.3,0.394,3541.83558373782,2293.474916098543,14816,477.93548387096774,188.5084883710564
1736,none,5,edge-5,53.672,10.25,4337.524789792262,3396.0843869657333,16243,523.9677419354839,203.26459809636734
17362,none,2,edge-2,51.938,4.348,3932.7461893869868,3218.162283903188,15991,515.8387096774194,107.00454086183024
17450,none,2,edge-2,51.244,7.102,4118.695685168853,3129.899136070987,8038,259.2903225806452,99.25670992135498
17525,none,5,edge-5,52.198,9.902000000000001,4314.2992561148,3232.035763142132,16330,526.7741935483871,146.78349197471226
17593,none,5,edge-5,51.76,14.3,4617.69281268907,3192.0440196848317,16252,524.258064516129,162.32919665180557
17607,none,7,edge-7,52.242,20.979999999999997,5067.731078633081,3293.385744634217,8596,277.2903225806452,148.77230002518644
17651,none,6,edge-6,59.30199999999999,18.082,4781.2762440493725,4048.560377212901,12960,418.06451612903226,69.52221445210682
17764,none,5,edge-5,52.832,13.816,4578.063033500493,3309.3296534614497,11849,382.2258064516129,138.79660919922372
17781,none,5,edge-5,52.516,13.79,4578.156853177101,3274.115379286322,7526,242.7741935483871,123.56409480231291
17950,none,3,edge-3,48.699999999999996,9.316,4270.633694223922,2843.1949044849034,48467,1563.4516129032259,36.38054353460636
18014,none,3,edge-3,47.946,10.394,4350.44906115015,2759.234976824759,16310,526.1290322580645,110.32913815143246
18022,none,3,edge-3,48.82200000000001,7.966000000000001,4171.612275803782,2858.58540716871,11901,383.9032258064516,131.77833118818415
18137,none,9,edge-9,42.632,23.298,5408.788127912423,2266.0199226745945,8018,258.64516129032256,59.505777841234064
18193,none,2,edge-2,50.96528645,3.1238275700000004,3838.758878827126,3117.5721263108817,7283,234.93548387096774,202.6433002415722
18197,none,5,edge-5,52.422,13.024,4526.6583628817125,3261.229168255815,14516,468.258064516129,70.77310392087249
18201,none,3,edge-3,47.858,9.594,4290.601765326486,2749.4608627518774,16617,536.0322580645161,110.30743161528609
18231,none,7,edge-7,49.966,21.994000000000003,5177.218894700764,3053.9341993645367,16543,533.6451612903226,268.03741669023964
18275,none,3,edge-3,49.322,7.218,4118.762007090083,2915.938634226178,15860,511.61290322580646,193.20110460347382
18303,none,9,edge-9,37.98,23.748000000000005,5530.268038151418,1764.653584089891,4591,148.09677419354838,517.7170082700368
1832,none,3,edge-3,48.106,11.708,4448.249847097308,2778.4086675238173,6870,221.61290322580646,165.78095828170765
18323,none,3,edge-3,49.456,11.064,4398.153769473295,2927.5723373926776,9395,303.06451612903226,116.95725582155586
18436,none,2,edge-2,52.006,4.72,3958.795016738669,3223.7949122846794,16045,517.5806451612904,86.22106184731696
18500,none,5,edge-5,52.13399999999999,11.576,4428.903697766546,3226.0770256950723,16173,521.7096774193549,33.28291778355619
18504,none,5,edge-5,54.244,10.074,4325.825315184059,3459.7126436308636,8073,260.4193548387097,262.55283139642205
18533,none,5,edge-5,51.51,11.934,4455.25041719896,3157.259285448579,16345,527.258064516129,77.62479911201095
18569,none,1,edge-1,48.316,-1.05,3504.584675739931,2861.5643908121638,14687,473.7741935483871,413.21350281239756
18652,none,5,edge-5,54.30200000000001,10.124000000000002,4329.07440497428,3466.1715336076495,16266,524.7096774193549,266.4856216528713
18697,none,9,edge-9,43.69,27.956000000000003,5756.488043343494,2459.9341511399866,7893,254.61290322580646,341.675142320735
18749,none,5,edge-5,53.56,10.246,4337.303227729848,3383.6198092930103,16150,520.9677419354839,193.6559827409341
18755,none,3,edge-3,47.664,9.166,4258.32121776401,2728.173646688306,15930,513.8709677419355,138.39484607389846
18819,none,4,edge-4,45.594,9.294,4265.8337791713475,2498.2054049232565,34883,1125.258064516129,98.64430067729585
18850,none,3,edge-3,48.772,9.154000000000002,4258.79530026403,2851.3222302592676,6727,217.0,45.25484845875143
18858,none,3,edge-3,50.178,8.37,4204.568307990563,3008.6013215467697,3790,122.25806451612904,179.2733206394346
18900,none,2,edge-2,52.018,6.306,4067.5305695276543,3218.4277783317993,16314,526.258064516129,53.50807154845367
18918,none,5,edge-5,52.742,13.65,4567.3978986897455,3298.751024156091,14239,459.3225806451613,124.15618565253371
18985,none,5,edge-5,52.552,13.436,4553.969052947277,3276.924581703922,16531,533.258064516129,102.0685862979768
18988,none,5,edge-5,51.79600000000001,10.952,4386.67594488076,3187.7303921999446,16097,519.258064516129,87.95372229178398
19001,none,5,edge-5,50.980000000000004,13.85,4591.238719772726,3103.631734776299,25561,824.5483870967741,184.7073601353477
19005,none,2,edge-2,52.077999999999996,8.648,4228.314777338662,3219.538698128137,7435,239.83870967741936,200.5182936911272
19023,none,3,edge-3,48.606,8.858,4236.75303226116,2833.1642484318504,16364,527.8709677419355,71.47882348891348
19086,none,2,edge-2,51.53799999999999,6.728,4094.067533788949,3163.682826937954,16488,531.8709677419355,63.709197965657225
19096,none,5,edge-5,52.52,13.332,4547.087297527299,3273.0389377438137,16069,518.3548387096774,94.1981251059052
19108,none,3,edge-3,48.832,9.126,4256.814098478364,2858.0160312260496,16573,534.6129032258065,46.586693742363025
19112,none,2,edge-2,51.906,8.376,4209.244283760978,3200.7855044279922,12333,397.83870967741933,178.58727254087106
19114,none,5,edge-5,51.05199999999999,13.772,4585.3585620166195,3111.347281538237,7922,255.5483870967742,175.09412737789248
19150,none,3,edge-3,49.158,8.632,4221.199283423175,2894.806730799785,16631,536.483870967742,89.64184534754217
19208,none,6,edge-6,59.466,18.036,4776.5070157109885,4066.384464914163,16203,522.6774193548387,51.65808103099629
19236,none,5,edge-5,54.27,12.47,4481.924411533628,3465.3515944708556,7938,256.06451612903226,231.62685083551446
19259,none,3,edge-3,48.78,9.212,4263.069042367419,2852.1642655925525,11454,369.48387096774195,40.90027612388808
1926,none,9,edge-9,42.606,23.588,5432.70373730686,2267.4218153479846,16267,524.741935483871,36.011633227141466
19286,none,2,edge-2,50.798,6.43,4069.4146634228887,3082.408559882162,16319,526.4193548387096,102.9585849204142
19397,none,3,edge-3,48.07600000000001,11.878000000000002,4460.994818884504,2775.3828449461844,16225,523.3870967741935,178.42434542231615
19407,none,1,edge-1,53.36399999999999,-1.204,3578.5002812553575,3419.29230582235,16617,536.0322580645161,161.46593633270095
19447,none,3,edge-3,49.462,11.054,4397.419286942541,2928.2290183776386,16286,525.3548387096774,116.75098988223425
19520,none,7,edge-7,52.246,20.898,5062.136279423427,3292.987557920891,16088,518.9677419354839,144.21359790367714
19526,none,9,edge-9,42.676,26.348,5653.237404400408,2320.018889011966,13727,442.80645161290323,190.83822907957827
19553,none,2,edge-2,50.876,7.012,4110.752520140891,3089.241633128656,8,0.25806451612903225,118.87872739361201
19576,none,2,edge-2,51.196,7.074,4116.5293004851555,3124.64054015947,8077,260.5483870967742,100.09269346799057
19594,none,8,edge-8,48.24,16.477999999999998,4801.693104832051,2812.9364183316547,9019,290.93548387096774,224.09019951029944
19596,none,4,edge-4,46.01,8.946,4239.269175594464,2544.6980243899266,7025,226.61290322580646,151.66222840020737
19600,none,6,edge-6,57.722,12.012,4441.0401419885375,3848.3668144709036,16232,523.6129032258065,404.4597976274797
19624,none,3,edge-3,49.798,9.928,4315.815569639732,2965.0481142780095,16131,520.3548387096774,106.74924664328292
19674,none,2,edge-2,50.61,7.23,4124.971500233198,3059.066047444634,15926,513.741935483871,151.1972159233344
19676,none,5,edge-5,52.20199999999999,9.876000000000001,4312.52226948003,3232.483553702953,15635,504.35483870967744,148.5529419032512
19736,none,3,edge-3,49.31,8.646,4222.526000375108,2911.6860439846764,16609,535.7741935483871,96.49975651579699
19748,none,5,edge-5,51.38600000000001,12.515999999999998,4496.108366588403,3144.701443856337,16299,525.7741935483871,96.55126513708225
19761,none,9,edge-9,42.632,23.408,5417.678109887521,2267.6199158179415,16604,535.6129032258065,50.478760553074395
19771,none,9,edge-9,41.946247,25.537356,5603.74517159087,2226.439761271465,5488,177.03225806451613,146.3402005560978
19777,none,9,edge-9,42.49,26.012,5630.4091113382165,2293.8559864869194,16424,529.8064516129032,164.1568740122984
19789,none,6,edge-6,59.332,18.244,4790.048571979467,4052.9342021672,16153,521.0645161290323,70.36657545894212
19795,none,6,edge-6,59.402,17.866,4767.744194826174,4058.232281382094,16199,522.5483870967741,55.223739914448785
19827,none,2,edge-2,52.018,4.726000000000001,3959.302502639089,3225.0973514265042,7907,255.06451612903226,86.48707897731428
19843,none,2,edge-2,51.038,6.992,4110.082948486638,3107.3082619430666,6093,196.5483870967742,105.51607391090737
19845,none,2,edge-2,51.038,7.012,4111.484419033228,3107.250768210925,1642,52.96774193548387,106.59475358131668
19884,none,5,edge-5,50.732,10.174,4333.285069207105,3068.9441033912053,15018,484.4516129032258,209.26087736126038
19890,none,2,edge-2,51.198,6.824,4099.080965145303,3125.592137252602,9770,315.16129032258067,85.28983680229231
19913,none,8,edge-8,48.552831,18.172869,4923.1747419438425,2860.0166281340466,126,4.064516129032258,167.22891805164934
19980,none,2,edge-2,53.543605410000005,7.94068784,4184.4911475416375,3383.706333105409,16622,536.1935483870968,255.73539281336096
20003,none,9,edge-9,41.6,23.805999999999997,5469.224532182733,2160.6906951392843,11037,356.03225806451616,117.81771314875053
20009,none,9,edge-9,42.662000000000006,23.26,5405.171001883715,2268.75435114164,15014,484.3225806451613,62.563921396719834
20015,none,9,edge-9,42.022,23.078,5401.896106666558,2196.0744161850143,38547,1243.4516129032259,105.0088370932569
20017,none,9,edge-9,42.664,23.61,5433.399307272022,2274.093082770869,2668,86.06451612903226,33.86026243430647
20023,none,9,edge-9,42.054,24.546,5520.9664641891395,2221.8269193787546,16576,534.7096774193549,78.26632052272015
20039,none,9,edge-9,42.868,25.32,5566.796818619218,2323.257890751906,16413,529.4516129032259,109.40374908413078
2004,none,3,edge-3,48.79401405,8.95603456,4244.274251904038,2853.9559114109215,16033,517.1935483870968,59.3325178579512
20043,none,2,edge-2,52.896,6.496,4085.280872176291,3315.385858566505,7877,254.09677419354838,146.99808295050457
20079,none,3,edge-3,48.85,8.924000000000001,4242.009093625474,2860.213203978963,16117,519.9032258064516,61.392290680045924
20087,none,3,edge-3,49.632,8.346000000000002,4201.503979924934,2947.9301101600204,16108,519.6129032258065,135.22182034313468
20105,none,9,edge-9,42.71399999999999,23.31,5408.261179994301,2275.1697447139036,707,22.806451612903224,58.80573436756199
20111,none,9,edge-9,42.658,23.248,5404.274085354282,2268.1432680748276,31,1.0,63.54667500448002
20115,none,9,edge-9,42.874,25.32,5566.670556941681,2323.9122341367442,16516,532.7741935483871,109.5582395458966
20119,none,9,edge-9,42.716,23.306,5407.901798281764,2275.3307527223387,5939,191.58064516129033,59.1557385901738
20145,none,2,edge-2,50.814,6.59,4080.7629238709183,3083.649084144161,39017,1258.6129032258063,106.49089398531304
20156,none,3,edge-3,49.556,10.956000000000001,4390.180575774202,2938.583848692071,12017,387.64516129032256,117.73832588437335
20210,none,2,edge-2,53.178,5.839999999999999,4043.0145866711046,3349.0499103829584,126,4.064516129032258,171.04426204423666
20228,none,11,edge-11,55.79,37.572,6002.3755524082935,3960.2475829651767,7595,245.0,61.459786033515364
20270,none,8,edge-8,47.917761,16.425375,4800.831576579463,2776.8916418656504,16354,527.5483870967741,211.24632112949004
20368,none,5,edge-5,52.402,9.796,4307.115358745273,3254.7502023959023,15802,509.741935483871,155.24836629543657
20394,none,3,edge-3,50.54399999999999,9.642,4295.622473951439,3048.0790787791975,16312,526.1935483870968,189.21406112649413
20424,none,3,edge-3,49.042,8.002,4174.905841466116,2882.964274915802,39868,1286.0645161290322,130.69529112146122
20444,none,5,edge-5,53.73,10.01,4321.660090640632,3402.510380411853,10090,325.48387096774195,218.18270294019476
20455,none,5,edge-5,54.31399999999999,10.022,4322.432143210388,3467.5002290289385,14548,469.2903225806452,270.97790663000836
20612,none,9,edge-9,42.686,23.364,5413.13287005474,2272.888704354368,16471,531.3225806451613,54.130672449495805
20620,none,9,edge-9,42.72,23.252,5403.470192777602,2274.988403715549,14683,473.64516129032256,63.599384957612706
20622,none,9,edge-9,42.67,23.354,5412.618494379456,2270.992022037315,11362,366.51612903225805,54.86908120150298
20630,none,9,edge-9,43.846,25.95,5595.619543129872,2440.481847018862,16575,534.6774193548387,206.86281466360438
20696,none,5,edge-5,52.75399999999999,13.04,4526.193451522826,3298.190497461378,16296,525.6774193548387,90.98230597660691
20710,none,5,edge-5,51.51800000000001,9.864,4311.5598194711965,3156.380050471086,16473,531.3870967741935,168.75667559564715
20860,none,3,edge-3,48.154,11.514,4433.692317054306,2783.427197693337,7508,242.19354838709677,150.64421846806695
20889,none,2,edge-2,51.976,7.594,4155.707105882674,3210.057616224511,11775,379.83870967741933,127.6356041069331
20909,none,2,edge-2,53.198,6.57,4091.8552780052582,3348.722763250738,15888,512.516129032258,180.55179364870693
20930,none,8,edge-8,47.072,15.132,4710.762458992505,2675.5483302272464,16195,522.4193548387096,293.6205248641371
20971,none,3,edge-3,48.834,10.087999999999997,4327.4625658178375,2857.861614208767,15620,503.8709677419355,24.100762647091877
20987,none,3,edge-3,50.306,8.57,4219.12686549446,3022.5378053041395,9952,321.03225806451616,183.94795790887025
21011,none,9,edge-9,42.714,23.274,5405.355275633559,2274.6490549592518,23666,763.4193548387096,61.73740934612086
21096,none,3,edge-3,49.036,12.112,4475.446074843137,2882.5300436591297,15393,496.5483870967742,173.65438572976083
21102,none,3,edge-3,49.006,12.1,4474.662107348736,2879.1706838890327,16142,520.7096774193549,172.45302430168266
21109,none,5,edge-5,52.944,9.098,4260.362557269217,3315.419079149168,16497,532.1612903225806,216.33335352743347
21129,none,2,edge-2,51.91,8.352,4207.603112995559,3201.267527006583,14585,470.48387096774195,177.02095860135884
21153,none,8,edge-8,44.792,20.482,5148.883171437149,2467.1713897781337,15718,507.03225806451616,285.96251793681233
21182,none,4,edge-4,46.296,7.524,4130.050664829188,2579.051553310058,16633,536.5483870967741,253.1718716104128
21203,none,5,edge-5,51.98199999999999,9.232,4268.235276954202,3208.2751332200737,16118,519.9354838709677,194.62157082623446
21234,none,9,edge-9,42.178,26.578000000000003,5682.907946473693,2269.979827772687,15961,514.8709677419355,216.10217418362416
21236,none,9,edge-9,42.678,26.324,5651.2720106010875,2319.8103311450473,16592,535.2258064516129,188.87468754962143
21240,none,3,edge-3,48.962,9.018,4249.071968175393,2872.5674224489712,16510,532.5806451612904,55.98075928676384
21276,none,7,edge-7,52.17,20.884,5062.456636932205,3284.4686402712023,15881,512.2903225806451,139.10367452358096
21290,none,2,edge-2,48.988,2.408,3766.316824915199,2903.6070778925728,16171,521.6451612903226,382.24646208704087
21300,none,3,edge-3,49.476,11.015999999999998,4394.643169257703,2929.7468758427,16066,518.258064516129,115.45049190583426
21359,none,7,edge-7,50.852,20.632,5066.697224935497,3136.6013260402497,16129,520.2903225806451,130.6675249649112
21361,none,9,edge-9,43.206,23.55,5418.452077131173,2332.518116301551,16605,535.6451612903226,72.62010636282756
21395,none,9,edge-9,42.71399999999999,23.18,5397.7663026484815,2273.296085751266,16414,529.483870967742,69.40137234522683
21401,none,7,edge-7,50.166,18.908,4955.72168565717,3044.589184794251,12847,414.4193548387097,155.067671630858
21433,none,3,edge-3,49.708,10.9,4385.924445276375,2955.434537906249,19669,634.483870967742,126.91275705306488
21449,none,5,edge-5,52.83,13.788,4576.190492417743,3309.008675279445,2112,68.12903225806451,137.0473953234525
21504,none,5,edge-5,51.992,9.228,4267.972274658006,3209.3906544416513,16585,535.0,194.73421762612261
21520,none,5,edge-5,53.614000000000004,9.882,4313.189642405879,3389.6078056597307,16223,523.3225806451613,214.17802003373615
21545,none,5,edge-5,50.754,11.507999999999997,4427.411980249742,3072.4728161916096,16444,530.4516129032259,165.6469305990893
21547,none,2,edge-2,51.912,4.388,3935.2648423858896,3215.0642737467383,7359,237.38709677419354,103.53232865438144
21566,none,3,edge-3,48.73753899999999,9.319608,4270.937059968404,2847.365348704179,16170,521.6129032258065,34.4836391454731
21574,none,3,edge-3,48.706,9.258000000000001,4266.3695963156015,2843.903167958986,16661,537.4516129032259,39.989450791392464
21588,none,3,edge-3,48.878,13.316,4564.211279449714,2868.223465404651,16617,536.0322580645161,260.98357326380227
21594,none,2,edge-2,51.328,7.322,4134.386569540221,3138.6531850524498,16310,526.1290322580645,109.74869072531773
21631,none,4,edge-4,46.807827652655675,11.843217150427558,4461.803655811507,2634.457561269797,16606,535.6774193548387,250.2929990832769
21640,none,4,edge-4,45.462,10.974,4397.289328690202,2483.7932146349126,6062,195.5483870967742,91.92430768433664
21644,none,5,edge-5,51.982,9.226,4267.823070390875,3208.27949301277,16122,520.0645161290323,195.02938802513353
21664,none,5,edge-5,52.51,13.456,4555.547029646052,3272.3197638727506,8041,259.38709677419354,101.71395107848687
21728,none,7,edge-7,50.56,17.852,4876.189692437906,3079.5972798147727,16199,522.5483870967741,142.08040917707538
21730,none,5,edge-5,51.03,13.812,4588.285926496581,3109.0480121925225,16640,536.7741935483871,178.7921606459983
21742,none,3,edge-3,47.49,11.116,4405.153701187997,2709.1217578051687,16631,536.483870967742,181.18143558864975
21760,none,7,edge-7,50.854,20.58,5063.047706323576,3136.29242114017,16402,529.0967741935484,127.63557924568043
2178,none,2,edge-2,50.992,6.798,4096.266808652089,3102.772607581527,15396,496.64516129032256,99.1662818080874
21781,none,5,edge-5,53.614,9.894,4313.983915365857,3389.606578543085,19333,623.6451612903226,213.6295329201751
21803,none,8,edge-8,47.080000000000005,22.214,5244.5233019266925,2739.293023842042,19649,633.8387096774194,243.95142530061037
21817,none,3,edge-3,47.504,7.382,4123.677587423248,2713.532333320802,14659,472.8709677419355,231.22387665703846
21824,none,3,edge-3,48.596,9.238,4264.773510652439,2831.690835276197,16620,536.1290322580645,47.311242087556494
21826,none,3,edge-3,47.944,11.776,4453.736284813426,2760.528858097363,15933,513.9677419354839,179.73713329902313
21828,none,3,edge-3,47.942,11.804,4455.83378078839,2760.357330389663,679,21.903225806451612,181.58842871466024
21838,none,4,edge-4,45.94599999999999,6.140000000000001,4021.4706125787047,2544.783326171382,15216,490.83870967741933,330.91480258061074
2184,none,3,edge-3,48.888000000000005,8.322,4197.916765184176,2865.262675204214,16097,519.258064516129,105.65742582587984
21869,none,9,edge-9,41.564,23.296,5427.964595659362,2149.1236350965737,3966,127.93548387096774,135.11673238720894
2188,none,2,edge-2,52.013999999999996,8.54,4220.769099414434,3212.561596686117,16605,535.6451612903226,191.77317268516478
21900,none,5,edge-5,50.658,12.704000000000002,4512.164681295797,3064.227802950046,1504,48.516129032258064,177.93566962379683
21902,none,8,edge-8,46.038,14.612,4678.1979626326765,2558.302296721204,5736,185.03225806451613,358.70342021548146
2192,none,3,edge-3,49.71790699999999,11.901015,4458.094177876343,2957.9124034740694,15099,487.06451612903226,183.60892096193984
21944,none,3,edge-3,48.778,9.126,4256.744369945356,2852.0132216400325,16612,535.8709677419355,47.169496521626414
21956,none,3,edge-3,49.93,8.606000000000002,4220.90560244185,2980.675832237927,15934,514.0,146.97856467997835
21960,none,9,edge-9,43.03,25.108,5546.459015330353,2337.4341804502956,24887,802.8064516129032,98.9583950910843
22020,none,1,edge-1,53.362,-1.518,3557.8563800462875,3422.336021904684,14637,472.16129032258067,156.2474370421937
22031,none,7,edge-7,52.106,21.024,5072.987366897481,3278.8530512502666,16610,535.8064516129032,144.43281860728413
22047,none,7,edge-7,49.412,20.956,5112.818731126614,2981.277879461572,16210,522.9032258064516,271.03734357620164
22124,none,4,edge-4,46.77727087,10.16990125,4333.98779587952,2629.3300717453008,15925,513.7096774193549,207.03183516319703
2214,none,9,edge-9,42.018,23.986,5476.07060139338,2209.1276912051435,11169,360.2903225806452,69.95327575807184
22181,none,5,edge-5,50.830000000000005,12.834,4520.614749387306,3083.6965676166665,8076,260.51612903225805,162.29223501405144
22206,none,3,edge-3,50.104,8.754,4231.8558853095365,2999.834199010265,1798,58.0,157.93821287340126
22241,none,5,edge-5,52.524,13.694,4571.604264087326,3274.669561022095,16567,534.4193548387096,117.5604816980562
22283,none,7,edge-7,51.528,21.204,5095.010195393962,3217.060176905112,15875,512.0967741935484,143.84262194482113
22311,none,3,edge-3,49.61,11.015999999999998,4394.4403928161455,2944.6464908999014,8002,258.1290322580645,124.98527762094449
22389,none,3,edge-3,48.102,11.62,4441.704385774177,2777.816538658492,16647,537.0,160.39214153104362
22426,none,7,edge-7,50.82608572000001,15.78653812,4728.240661808856,3095.507970814317,16527,533.1290322580645,247.00121258886517
22572,none,5,edge-5,53.368,14.658,4630.842943495827,3372.177245437077,7925,255.6451612903226,218.48512562439637
22582,none,3,edge-3,48.542,9.052,4250.97428214773,2825.8477619721684,3965,127.90322580645162,62.03298559650056
22605,none,3,edge-3,49.024,8.246,4192.696263105659,2880.508975235901,16408,529.2903225806451,112.75929172708771
22649,none,9,edge-9,41.94199999999999,24.22,5496.60631482713,2204.4481657040506,16067,518.2903225806451,79.74867100989637
22651,none,9,edge-9,42.646,23.4,5416.774477077149,2269.035310712776,16559,534.1612903225806,51.08084268212274
22653,none,9,edge-9,43.344,26.226,5628.565474528194,2390.574588235272,14139,456.0967741935484,196.66135127392914
22662,none,7,edge-7,52.222,21.245999999999995,5086.000029513952,3293.9476863461664,16189,522.2258064516129,163.68522744794916
2268,none,9,edge-9,43.338,25.502,5571.3230936674145,2377.543739434792,10816,348.9032258064516,143.87891121926373
22688,none,2,edge-2,51.513999999999996,7.08,4118.3582600627815,3159.979001219648,16643,536.8709677419355,88.2223929475691
22743,none,3,edge-3,48.88399999999999,8.696,4225.338621481858,2864.2628737268064,16219,523.1935483870968,78.22684097797666
22753,none,9,edge-9,43.14399999999999,24.684,5510.268570372799,2343.045433363493,16092,519.0967741935484,77.73214593094357
22755,none,9,edge-9,42.02,23.094,5403.239019470937,2196.0854250061916,15098,487.03225806451616,104.17321600020692
22775,none,2,edge-2,51.106,3.684,3879.271246780038,3129.6322168431743,4323,139.4516129032258,160.38021252972555
22830,none,2,edge-2,51.25,6.778,4096.123197304337,3131.5131959532814,13872,447.48387096774195,79.35318158014292
22862,none,2,edge-2,50.652,6.172,4050.408483175316,3067.1051574017,4042,130.38709677419354,112.75207226082156
22872,none,4,edge-4,44.91,8.63,4212.6250143402685,2423.042427305751,16604,535.6129032258065,116.28422303444681
22930,none,9,edge-9,42.66,23.292,5407.792865387887,2268.9980215481855,7282,234.90322580645162,59.936303296144544
22932,none,9,edge-9,42.59692169,25.20904452,5563.569200471713,2291.852736737412,15865,511.7741935483871,97.5162405231666
22964,none,3,edge-3,49.306,6.934,4098.056812694532,2914.9814585652816,16201,522.6129032258065,212.8211602911907
23164,none,9,edge-9,42.674,23.35,5412.222192127412,2271.3716925086637,37332,1204.258064516129,55.211483951623286
23166,none,9,edge-9,42.7,24.17,5477.8658920419375,2286.494926058531,15204,490.4516129032258,13.51952193831266
23172,none,9,edge-9,42.664,23.594,5432.107801719464,2273.8561437639655,15646,504.7096774193548,35.17165876189825
23176,none,9,edge-9,42.651999999999994,23.332,5411.170667507184,2268.7021899312363,15967,515.0645161290323,56.6539695363608
23229,none,2,edge-2,50.35,6.576,4077.3849737506926,3032.1291297641783,16614,535.9354838709677,153.08713557800928
23241,none,5,edge-5,53.48199999999999,9.862,4311.83755493789,3374.920792841221,16566,534.3870967741935,204.78860862832357
23253,none,8,edge-8,47.054,15.407999999999998,4731.823433392214,2675.043500341916,19702,635.5483870967741,272.809348063398
23261,none,1,edge-1,47.74,-3.39,3322.4326110568445,2827.049934556128,16580,534.8387096774194,484.07985139077556
23339,none,7,edge-7,49.368,20.962,5113.964144901895,2976.494530387398,14563,469.7741935483871,275.5759544794832
23341,none,7,edge-7,53.40400000000001,23.492,5212.4313752002545,3449.511247811307,1283,41.38709677419355,360.7660216461134
23361,none,7,edge-7,50.082,18.554,4931.70828736332,3032.2932159236043,36542,1178.774193548387,168.5779472224044
23363,none,3,edge-3,48.07999999999999,11.96,4467.0943797437885,2775.9860214743694,16530,533.2258064516129,183.5607692555222
2339,none,2,edge-2,51.438,6.978,4110.935092315291,3151.8175940765736,16607,535.7096774193549,83.20949693324613
23419,none,9,edge-9,42.52199999999999,27.458,5745.572010560189,2323.693209534594,13820,445.80645161290323,282.24255936605215
23433,none,4,edge-4,45.412000000000006,10.992,4398.7696212996225,2478.2635812752433,7726,249.2258064516129,89.47568170778924
23473,none,5,edge-5,52.516,13.564,4562.8370807070605,3273.3403341049607,16171,521.6451612903226,108.87797104577287
23574,none,5,edge-5,53.64,10.05,4324.307453689628,3392.495957827197,25647,827.3225806451613,208.8329208490338
23589,none,3,edge-3,48.078,11.876,4460.840268048192,2775.601269873442,10064,324.64516129032256,178.18547592921092
23616,none,3,edge-3,49.40400000000001,7.734,4156.533714537843,2923.765842906431,7931,255.83870967741936,160.4935252005509
23659,none,9,edge-9,42.666,23.326,5410.430062495301,2270.1475140876746,16615,535.9677419354839,57.154885737302735
23677,none,3,edge-3,49.058,12.19,4481.07678469982,2885.1417369251403,16515,532.741935483871,179.59606638450526
23867,none,1,edge-1,53.404,-1.502,3559.6531220676043,3426.7906782553546,3939,127.06451612903226,161.04533772743716
23939,none,10,edge-10,48.343889000000004,35.015,6135.3582650521175,3115.7448955353702,4308,138.96774193548387,455.35949233324715
23963,none,7,edge-7,52.24693894,16.85912132,4788.676820368144,3259.524874768848,15993,515.9032258064516,174.17871660308313
2397,none,3,edge-3,48.41,9.054,4250.938188973755,2811.1744540618292,16599,535.4516129032259,70.99864548498621
23983,none,7,edge-7,52.2065534,16.82637691,4786.873884226328,3254.8380169243983,16215,523.0645161290323,174.33197206938843
24013,none,7,edge-7,50.194,18.948,4958.180372365815,3048.0315382354743,1635,52.74193548387097,151.70276083701987
24053,none,11,edge-11,55.850871510000005,37.5752458,5999.944598534419,3966.653865107392,16368,528.0,54.62071840310298
24160,none,9,edge-9,41.594,23.808000000000003,5469.500860442176,2160.065413177242,16475,531.4516129032259,118.44845594750647
24198,none,7,edge-7,50.96144066,16.35353297,4766.735061214028,3113.828742941284,15980,515.483870967742,204.371564603951
24230,none,3,edge-3,50.004,8.006,4178.054499804559,2989.897340690224,16597,535.3870967741935,181.20886595205397
24234,none,0,edge-0,43.554,1.388,3625.0682727822905,2311.69144745171,16602,535.5483870967741,263.5654095742159
24302,none,7,edge-7,49.732,20.078,5045.046941104166,3007.495771157376,3739,120.61290322580645,213.36805187382706
24306,none,3,edge-3,48.768,8.85,4236.437797968473,2851.180243193566,12898,416.06451612903226,67.41003827063335
24336,none,7,edge-7,52.4,16.88,4788.481621323041,3276.625977066335,13909,448.6774193548387,180.95172076575162
24392,none,3,edge-3,49.812,11.582,4434.870260804736,2967.8289449164095,16292,525.5483870967741,170.66193453015026
24440,none,7,edge-7,54.386,18.394,4865.0578438965995,3507.1499773829505,1351,43.58064516129032,319.648296504155
24486,none,3,edge-3,49.374,8.584,4218.152156560332,2918.8861436411817,16165,521.4516129032259,104.15797327719956
24498,none,5,edge-5,51.469198150000004,9.89431575,4313.656283278536,3150.946991364309,14522,468.4516129032258,169.51860683453938
24504,none,2,edge-2,50.8710007,6.662848,4086.178224949991,3089.7478642739434,10090,325.48387096774195,103.82195527728264
24558,none,3,edge-3,49.148,8.582,4217.531076040084,2893.7640836811943,13533,436.5483870967742,92.6205761060445
24584,none,9,edge-9,42.726941229999994,23.33974584,5410.425134644686,2277.017577362498,9397,303.1290322580645,56.56723292171986
24610,none,3,edge-3,47.89,11.694000000000003,4447.742768979687,2754.385426651242,16426,529.8709677419355,178.28936176723457
24622,none,2,edge-2,52.267271,4.62073267,3954.1501359737294,3253.297229344075,37978,1225.0967741935483,108.1103672653345
24641,none,3,edge-3,49.56569902,9.70025986,4299.313115819203,2939.256748863974,16228,523.483870967742,80.3357420704234
24652,none,5,edge-5,50.98865,13.57305,4571.770873152698,3103.6064874410595,15948,514.4516129032259,171.5627937868847
24666,none,1,edge-1,53.53199999999999,-1.478,3563.50004678657,3440.6286092286705,14750,475.80645161290323,175.37995278847825
24680,none,9,edge-9,42.685300000000005,23.293200000000002,5407.428552481963,2271.7848700592294,16605,535.6451612903226,59.92071393036478
24758,none,9,edge-9,43.98717965,22.86772817,5349.882235514674,2408.395769756999,16182,522.0,174.890331545332
24762,none,5,edge-5,51.934,10.33,4343.69694589293,3202.707755451679,14825,478.2258064516129,121.63572598963864
24778,none,7,edge-7,52.43800000000001,16.588,4768.320919100226,3279.002894855864,5357,172.80645161290323,200.310361735335
24788,none,2,edge-2,52.662,5.196,3996.2237732890994,3294.3946827470068,16587,535.0645161290323,121.44951962778707
24808,none,7,edge-7,52.48102585,16.85423166,4785.884550675791,3285.4426730237665,14019,452.2258064516129,187.18026550348256
24810,none,3,edge-3,49.41770717,10.96326917,4390.904862242993,2923.2139501069514,16476,531.483870967742,108.53182302344679
24828,none,9,edge-9,42.83440522,22.64733374,5352.634642289693,2279.005468963202,2179,70.29032258064517,114.33981538395659
24834,none,9,edge-9,43.702,22.862,5354.532928975708,2377.0558582116646,16609,535.7741935483871,149.5281674014749
24858,none,2,edge-2,50.782,6.074,4044.258300859987,3081.9156708948885,16634,536.5806451612904,97.20741992102181
24868,none,3,edge-3,48.698,9.31,4270.189862799348,2842.9766996571293,38975,1257.258064516129,36.87510253777935
24872,none,1,edge-1,48.1058667,-1.6952849,3453.758013239963,2845.802408530166,16203,522.6774193548387,432.1999554034201
24896,none,3,edge-3,48.64882775,11.53580815,4434.197569478178,2838.451615091213,7861,253.58064516129033,132.41562221191992
24962,none,5,edge-5,50.884,13.668,4579.008692346296,3092.306867835177,16625,536.2903225806451,184.8738419512992
24996,none,7,edge-7,52.162,21.034,5072.719877479655,3285.126875618617,6671,215.19354838709677,147.74940948369135
25130,none,5,edge-5,50.86,13.664,4578.860429866024,3089.6257347575497,8192,264.258064516129,186.85273035439315
25156,none,2,edge-2,51.496,7.606000000000001,4154.779224271275,3156.648746677812,8040,259.35483870967744,124.61336771230884
25180,none,7,edge-7,50.22394434999999,19.07209285,4966.558373260569,3052.4277077359293,8016,258.5806451612903,147.88566454598808
25206,none,5,edge-5,51.00326282,13.65766883,4577.623271956151,3105.5239879778155,8027,258.93548387096774,173.96828037593005
25212,none,5,edge-5,52.67773772,13.27487683,4542.419781291492,3290.4001586767745,16244,524.0,98.61944993081832
25232,none,2,edge-2,51.14,6.29,4061.476655514532,3120.904283200351,16107,519.5806451612904,64.5398845587115
25238,none,2,edge-2,50.872,5.306,3990.838693388045,3095.098220703636,16495,532.0967741935484,92.90847544383051
25270,none,2,edge-2,51.63894325,7.75785496,4165.806672943798,3172.2114437121777,16631,536.483870967742,133.87665551127185
25350,none,3,edge-3,48.79600000000001,11.978,4466.351917929216,2855.5838820388767,4814,155.29032258064515,162.99835966702943
25354,none,9,edge-9,42.93104817,23.39091658,5410.798269356317,2300.1024761031676,16661,537.4516129032259,60.19024199568354
25420,none,3,edge-3,48.17399999999999,11.566,4437.516261782085,2785.730277239483,16603,535.5806451612904,152.84610786499024
25430,none,1,edge-1,48.152,-1.788,3447.745220395876,2851.9720335614516,16684,538.1935483870968,426.86293329327657
25526,none,3,edge-3,48.424,11.258,4414.140719778449,2813.075421123489,9519,307.06451612903226,119.90441476943323
25560,none,3,edge-3,49.374,8.584,4218.152156560332,2918.8861436411817,16490,531.9354838709677,104.15797327719956
25578,none,2,edge-2,51.55656418,4.63965404,3949.6218758627333,3174.305682087965,20072,647.483870967742,82.54865937763383
25584,none,5,edge-5,51.526,9.928,4316.00313126864,3157.2637888782333,16225,523.3870967741935,164.41540594699455
25610,none,3,edge-3,49.044,8.716,4227.109698070109,2882.0231359972404,12132,391.35483870967744,79.67183981854555
25638,none,5,edge-5,51.04,13.679999999999998,4578.983979551604,3109.6851530125855,8039,259.3225806451613,171.83300784158192
25650,none,4,edge-4,45.196,5.696000000000001,3982.463115841943,2463.54405570926,6048,195.09677419354838,348.8833735235634
25722,none,5,edge-5,53.45,15.496000000000002,4685.7724665305595,3385.1811793874967,13154,424.3225806451613,270.4639548377914
25759,none,5,edge-5,52.496,13.456,4555.621376800012,3270.763416275223,15326,494.38709677419354,101.21759767980411
25805,none,9,edge-9,42.83104917,23.39352129,5412.8492228145715,2289.1944955175577,41615,1342.4193548387098,55.17305861746732
25855,none,3,edge-3,49.936,11.344,4417.492619872677,2981.2760756660355,16634,536.5806451612904,167.2270330599759
25869,none,7,edge-7,53.15400000000001,18.136,4864.0025734894525,3368.885595052577,7273,234.61290322580646,190.88109911020513
25900,none,5,edge-5,52.58625399999999,13.2284712,4539.739085316581,3280.088453066138,13044,420.7741935483871,90.84980916667043
25944,none,3,edge-3,49.306,8.636,4221.790708344964,2911.2547778250328,40462,1305.225806451613,96.88356159168646
25947,none,5,edge-5,51.47,9.894,4313.634471909089,3151.0362346550683,14526,468.5806451612903,169.49352147654372
25969,none,4,edge-4,43.97929767,4.68171108,3893.7181771936566,2334.0069701801076,16440,530.3225806451613,444.06742739805117
25979,none,5,edge-5,51.92903349,10.46052754,4352.6778266830515,3202.2038284276887,15976,515.3548387096774,113.1385759059173
26029,none,2,edge-2,51.473290780000006,9.01259243,4252.396211748575,3151.860823514387,16416,529.5483870967741,221.91248723852917
26043,none,2,edge-2,52.156,5.382,4005.1920366765044,3237.3720854680514,16326,526.6451612903226,64.84883837063079
26083,none,3,edge-3,49.01800000000001,12.078,4473.015884631281,2880.458731357276,16543,533.6451612903226,170.97487731808963
26101,none,3,edge-3,50.07985930000001,8.933059949999999,4244.626873477815,2996.9475938797623,16626,536.3225806451613,149.9195327967889
26112,none,3,edge-3,48.99,8.346,4199.926463074204,2876.5604315770765,16244,524.0,104.93896364100527
26132,none,6,edge-6,59.2941734,18.0453592,4779.303265024236,4047.4587315911413,16657,537.3225806451613,69.62789548885625
26138,none,3,edge-3,48.4262564,11.3541919,4421.25726561822,2813.4522356230755,16474,531.4193548387096,126.37070169805348
26178,none,3,edge-3,47.67,10.31,4344.295642418333,2728.5358946112015,4075,131.4516129032258,136.74999673648006
26192,none,11,edge-11,55.672,37.763999999999996,6018.4933310044335,3952.5349135603788,14372,463.61290322580646,75.96673430783298
26206,none,5,edge-5,52.37686326,13.217521009999999,4540.0327842530205,3256.775159513962,5308,171.2258064516129,82.00991874803263
26222,none,5,edge-5,52.9432074,8.76479387,4237.96324372487,3315.6603247909366,16594,535.2903225806451,237.34321680049257
26268,none,2,edge-2,51.81491617,5.7260415,4026.4595562947766,3198.0397127495853,16113,519.7741935483871,20.467887512549773
26308,none,3,edge-3,48.52676155,9.05950314,4251.507369775496,2824.146915902399,14879,479.96774193548384,62.51592797355655
26320,none,2,edge-2,52.226,5.2,3993.280680985883,3245.9513366012166,16684,538.1935483870968,77.9346786034151
26374,none,3,edge-3,48.55413573,8.8832134,4238.527534814422,2827.3711035062574,15445,498.2258064516129,72.1738292775615
26376,none,9,edge-9,42.196,24.336,5501.110318838501,2234.00985210844,1298,41.87096774193548,56.06732482104829
26436,none,7,edge-7,52.408,16.825999999999997,4784.74118558594,3277.1671718028006,16410,529.3548387096774,184.57013751496496
26443,none,2,edge-2,52.296265,6.8055501,4103.1416515129695,3247.7449596614265,15636,504.38709677419354,99.32692298299985
26487,none,11,edge-11,56.136,40.36,6144.533600672536,4064.6768621151973,7636,246.32258064516128,174.09536293720973
26501,none,9,edge-9,44.09055483000001,22.85700173,5347.1806122435355,2419.581287349366,16405,529.1935483870968,185.0889255792308
26507,none,8,edge-8,46.90439892,19.66840267,5055.920343114596,2691.434352680481,15872,512.0,57.86965627793615
26539,none,9,edge-9,43.2,24.17,5468.119396891855,2341.1489001850655,16591,535.1935483870968,62.67248280336869
26605,none,7,edge-7,51.2629338,17.0576381,4812.7438584962865,3151.768718047033,16526,533.0967741935484,147.46398966757587
26627,none,1,edge-1,56.46665136,-3.20591569,3511.6728728147987,3781.798313448832,16332,526.8387096774194,507.05130513425286
26657,none,3,edge-3,50.01,8.26,4196.274617744501,2990.1012809427425,16584,534.9677419354839,169.2772790799981
26661,none,7,edge-7,52.1650567,20.87927721,5062.219840905662,3283.87567297481,7985,257.5806451612903,138.5547154096812
26667,none,3,edge-3,47.7167978,9.38291315,4274.670230841331,2733.8802519303167,16593,535.258064516129,128.39744683257993
26697,none,5,edge-5,52.614,13.496,4557.700267652624,3284.0107019564025,2274,73.35483870967742,108.50971073575523
26719,none,2,edge-2,50.794,6.0600000000000005,4043.3438953999253,3083.301979920524,13712,442.3225806451613,95.72021703511201
2675,none,9,edge-9,42.122,24.745999999999995,5535.862627511528,2232.4613163734916,15833,510.741935483871,82.84984083191804
26775,none,2,edge-2,51.902,7.626,4157.636205893482,3201.755526595398,9918,319.93548387096774,127.7267715820277
2679,none,9,edge-9,42.236,24.734,5532.60001676824,2244.7099779610817,14861,479.38709677419354,73.80886585762411
26807,none,2,edge-2,49.91,6.792,4090.626150884399,2982.5354196561557,16301,525.8387096774194,204.38793744319617
2681,none,9,edge-9,42.13399999999999,24.708,5532.53702876631,2233.1577814562106,16267,524.741935483871,79.70780220052897
26823,none,2,edge-2,51.91,8.878,4243.792461360903,3200.5800307520385,15824,510.4516129032258,212.88456098982005
26839,none,2,edge-2,51.214,6.785999999999999,4096.50568324943,3127.486788642065,4050,130.6451612903226,82.09446317059086
26865,none,5,edge-5,51.166,10.321999999999997,4343.52305668989,3117.2593390324314,16454,530.7741935483871,166.1299678234363
26899,none,7,edge-7,51.252275,15.568077560000003,4709.311380239638,3141.6120904655813,9889,319.0,249.74712661225965
26911,none,1,edge-1,56.46667507,-3.2063663,3511.646121309284,3781.8060027134247,16312,526.1935483870968,507.0587212330809
26913,none,5,edge-5,52.5081984,13.4627232,4556.012498796398,3272.141179927721,16280,525.1612903225806,102.0808023343489
26978,none,3,edge-3,48.088,11.642,4443.376968540944,2776.297132581782,16615,535.9677419354839,162.6044461527774
27020,none,3,edge-3,49.098000000000006,11.826,4454.369076030776,2888.8622927632787,6457,208.29032258064515,153.8993569007551
27022,none,3,edge-3,49.1068732,9.76390064,4303.756664450981,2888.2225364738256,16440,530.3225806451613,29.200326045146834
27040,none,2,edge-2,51.578,7.306,4134.2959420472625,3166.4924578299456,16065,518.2258064516129,102.9109477214363
27060,none,9,edge-9,42.669431,23.2333509,5402.882881027429,2269.183471104473,16440,530.3225806451613,64.76212791566363
2711,none,3,edge-3,47.402,8.55,4211.4781048110735,2699.7827627314828,18835,607.5806451612904,183.8632888090655
27144,none,3,edge-3,50.25,8.312,4200.608500279127,3016.701358586864,16506,532.4516129032259,188.21795435066502
27146,none,2,edge-2,51.744,7.19,4126.971780269611,3185.2533483415145,15583,502.6774193548387,95.15098717565039
27202,none,8,edge-8,46.92399999999999,15.474000000000002,4737.856407787785,2661.0028555243966,16628,536.3870967741935,269.16789052713614
27210,none,9,edge-9,42.668,23.386,5415.2396084245165,2271.2389341416733,13898,448.3225806451613,52.238931192416864
27214,none,11,edge-11,55.814,37.46,5994.915909577755,3960.106192486508,3,0.0967741935483871,58.944292602281095
27264,none,5,edge-5,52.5055088,13.4146635,4552.767626027132,3271.688013075735,10720,345.80645161290323,98.8991264888863
27286,none,3,edge-3,48.888236649999996,9.11878944,4256.357849531587,2864.2739102659066,6423,207.19354838709677,47.324070164199185
27294,none,5,edge-5,52.556,13.43,4553.541494328013,3277.350062507011,8843,285.258064516129,101.85711248428241
27304,none,5,edge-5,52.39200000000001,13.092,4531.422173480558,3258.087838889722,16220,523.2258064516129,74.15870663509646
27334,none,1,edge-1,57.104,-2.0940000000000003,3591.3443634173814,3839.755627652551,16146,520.8387096774194,571.3187921435525
27358,none,2,edge-2,50.474,7.616,4151.78798483376,3042.9837097499444,8123,262.03225806451616,180.71472859123702
27425,none,3,edge-3,49.088,11.886,4458.778278711875,2887.861245687428,7917,255.38709677419354,158.04149128746798
27441,none,2,edge-2,51.23511624000001,6.46901206,4074.496470940961,3130.855442451853,16482,531.6774193548387,63.68848687690114
27565,none,2,edge-2,50.83047894,6.43807411,4070.1577860384855,3085.990264693407,10932,352.64516129032256,99.91016596737411
27585,none,5,edge-5,51.84946585,12.203601650000001,4472.8190891305485,3195.544481923496,8080,260.64516129032256,40.851234457370424
27643,none,3,edge-3,48.61800000000001,10.024,4322.770170793973,2833.8462022734957,16235,523.7096774193549,31.77331016803051
27653,none,2,edge-2,51.00144065,6.58214618,4081.1781796975583,3104.5075003118313,13825,445.96774193548384,88.68550748451759
27673,none,5,edge-5,52.367706,9.95818913,4318.152064652277,3250.915561461544,15998,516.0645161290323,143.82793666579056
27685,none,3,edge-3,50.129999999999995,8.526,4215.603567385464,3003.027804533589,15870,511.93548387096774,168.65166323827896
27703,none,5,edge-5,52.4946443,13.38041272,4550.5012597680025,3270.371622612825,16639,536.741935483871,96.30548760509276
27705,none,2,edge-2,50.9911745,6.91710758,4104.616733159719,3102.3216556475954,11897,383.7741935483871,105.09093035705604
27712,none,2,edge-2,51.734,8.95,4248.464519211083,3180.9254559446827,16428,529.9354838709677,216.40866767517042
27729,none,9,edge-9,42.186,24.340000000000003,5501.630487148432,2232.980383154826,15426,497.61290322580646,57.20109071981634
27805,none,5,edge-5,51.35,11.102,4397.771315336084,3138.2592067918386,16440,530.3225806451613,115.32435889153044
27840,none,9,edge-9,42.182,24.308000000000003,5499.110007918829,2232.041440674717,16359,527.7096774193549,56.479639472561075
2785,none,3,edge-3,48.722,9.316,4270.655903552246,2845.6404552908093,15976,515.3548387096774,35.364472919899534
27864,none,5,edge-5,51.092,13.916,4595.202695514315,3116.3224281137104,4050,130.6451612903226,178.8848519763362
27906,none,2,edge-2,51.19970067,6.73962682,4093.1983548132353,3126.0407762171417,16147,520.8709677419355,80.45764673047626
27908,none,3,edge-3,48.092,11.484,4431.59456511953,2776.492488082373,39434,1272.0645161290322,152.47287560222182
27958,none,9,edge-9,42.658,23.374,5414.453850980768,2269.9696279732275,11107,358.2903225806452,53.205587048820284
27980,none,2,edge-2,50.836,4.43,3929.0474135445897,3095.4252569635873,4047,130.5483870967742,132.25507280432691
27984,none,3,edge-3,50.36,8.726000000000003,4230.342276032628,3028.33839106786,7875,254.03225806451613,184.39940533136615
28000,none,5,edge-5,50.86000000000001,10.562,4360.5703536520305,3083.320265294061,7394,238.51612903225808,181.66911609411923
28004,none,2,edge-2,51.234,6.754,4094.370641680745,3129.8087698250947,16594,535.2903225806451,78.98148357054214
28027,none,1,edge-1,52.342000000000006,-1.29,3555.1064542323907,3307.6275747519617,16622,536.1935483870968,58.67713507618336
28043,none,3,edge-3,48.724226,11.1803282,4407.868374290906,2846.3497825649674,16538,533.483870967742,105.24450366261753
28157,none,2,edge-2,50.80703309,4.44024146,3929.523442147886,3092.1558678784327,16225,523.3870967741935,133.9645537967399
28167,none,1,edge-1,53.376,-6.262,3249.122565555972,3484.0552923442897,14538,468.96774193548384,331.7175967334724
28181,none,5,edge-5,50.988,10.318,4343.328980201523,3097.4561130948664,16120,520.0,180.79566470724885
28306,none,0,edge-0,43.57,1.448,3630.082879374267,2312.901000470662,16284,525.2903225806451,268.3460039336272
28312,none,3,edge-3,48.809999999999995,9.148,4258.401980403414,2855.551499459282,8063,260.0967741935484,45.121752265410926
28314,none,9,edge-9,43.20437736,27.89940155,5764.069039789989,2406.179491926058,13857,447.0,323.3748413439656
28344,none,2,edge-2,50.914,6.638,4084.649608018011,3094.6070800714397,9692,312.64516129032256,98.88577212983134
28354,none,2,edge-2,50.878,8.036,4182.785976701387,3087.0256470146082,16209,522.8709677419355,176.22775809166885
28356,none,2,edge-2,53.26057818000001,8.11815405,4195.42576361473,3351.8997809132998,51,1.6451612903225807,238.33203032130635
28428,none,3,edge-3,49.128,8.52,4212.963841621015,2891.6298257418816,16147,520.8709677419355,96.12478311311985
28444,none,3,edge-3,48.6245566,10.02443693,4322.802161248913,2834.575052280865,16219,523.1935483870968,31.218792867096056
28448,none,1,edge-1,52.86999999999999,-1.416,3555.887356380159,3367.0979921909243,16600,535.483870967742,104.70896566652537
28454,none,2,edge-2,50.8201991,6.27982058,4058.9661674820927,3085.402486324063,15996,516.0,96.76630160122784
28456,none,11,edge-11,56.742,38.866,6033.386300329844,4089.7367121316247,20276,654.0645161290323,92.3767602725681
28490,none,5,edge-5,52.53145992,13.43536198,4554.034301567409,3274.6391111257044,16127,520.2258064516129,101.20370029057374
28498,none,3,edge-3,48.49162840999999,11.344381570000001,4420.401708820657,2820.704319327811,16192,522.3225806451613,123.12679031053841
28538,none,3,edge-3,48.93076715000001,8.36538355,4201.201789711378,2869.944784968962,3256,105.03225806451613,102.76992347743067
28588,none,3,edge-3,49.662,10.162,4332.697842110035,2949.9343404697142,15487,499.5806451612903,95.5172938892211
28606,none,3,edge-3,49.968,7.754,4159.8742993230235,2986.4169365744233,6440,207.74193548387098,191.8998433177178
28626,none,9,edge-9,42.668,23.364,5413.462798380838,2270.9185642591133,16571,534.5483870967741,54.04305230249861
28628,none,8,edge-8,46.76,19.604,5053.057054368046,2674.8656578940313,15405,496.93548387096774,63.42631364339051
28630,none,9,edge-9,42.13,24.762,5537.000809727408,2233.5931032772755,14984,483.35483870967744,83.18237482618444
28648,none,1,edge-1,51.494,-0.262,3611.0168049541694,3203.722900851473,35572,1147.483870967742,126.38893431069003
28665,none,3,edge-3,47.524,7.814,4156.289798572063,2714.6971571469617,7996,257.93548387096774,206.07964136751346
28701,none,7,edge-7,52.34400000000001,16.79,4782.970047363012,3269.843187981203,15823,510.4193548387097,183.24916606645868
28797,none,7,edge-7,54.444,18.56,4874.9824209903145,3514.8274355037956,15878,512.1935483870968,324.5371078195045
28843,none,3,edge-3,50.55591005,8.49543571,4214.3811672558295,3050.4368007111134,12901,416.16129032258067,211.09527130623314
28853,none,1,edge-1,53.39221607,-1.51845217,3558.3648515024315,3425.6667142792403,20086,647.9354838709677,159.5613412267968
28865,none,9,edge-9,42.64566712,23.3748588,5414.749389598603,2268.6323196923076,8067,260.2258064516129,53.14553246696305
28911,none,9,edge-9,42.642,23.31,5409.575605950279,2267.288431189665,5121,165.19354838709677,58.47990117848845
28921,none,5,edge-5,53.593999999999994,9.952,4317.821411754776,3387.376834992971,19998,645.0967741935484,209.3741158590811
28927,none,3,edge-3,47.692,9.4,4275.931333977995,2731.114351332965,15934,514.0,130.82423801423505
29045,none,3,edge-3,49.486000000000004,12.176,4478.670864620685,2932.6833863214733,16657,537.3225806451613,190.12904730583645
29121,none,3,edge-3,49.548,8.658,4223.87374535528,2938.1309676637015,16228,523.483870967742,112.16347856239202
29147,none,11,edge-11,55.72483111,37.669537410000004,6010.782678871562,3955.7799280899835,16081,518.741935483871,69.21851328515426
29151,none,5,edge-5,52.465002,13.323425,4546.786762814946,3266.8978873254373,16143,520.741935483871,91.58649382021575
29163,none,2,edge-2,53.144,8.208,4201.096284369592,3338.77845926298,71503,2306.548387096774,233.0340048032979
29169,none,9,edge-9,42.864,23.36,5409.544332458188,2292.3142655672395,16231,523.5806451612904,59.07013041709478
29197,none,9,edge-9,42.654,23.316,5409.841396398382,2268.688947444519,16605,535.6451612903226,57.96595686033369
29205,none,3,edge-3,49.80965926,7.96419472,4174.466874024129,2968.3732196426895,16301,525.8387096774194,169.05111556733274
29215,none,3,edge-3,49.81600000000001,7.964,4174.472145994522,2969.0785378431046,16265,524.6774193548387,169.5041860366866
29239,none,3,edge-3,48.194,11.545999999999998,4435.9830711706445,2787.9213436059586,15905,513.0645161290323,150.45469892065867
29247,none,3,edge-3,48.18800000000001,9.964,4318.32197469371,2786.051678641694,16611,535.8387096774194,74.48491332547825
29271,none,6,edge-6,60.6023709,15.5508125,4625.628757013756,4178.816505296123,15878,512.1935483870968,141.35727335704664
29315,none,5,edge-5,53.954,9.506,4288.56423874559,3427.548542421774,15542,501.35483870967744,258.762452912294
29359,none,2,edge-2,53.232,6.555999999999999,4091.102056881872,3352.54695383311,16202,522.6451612903226,183.92147727768085
29371,none,2,edge-2,52.188,7.838,4173.16530991588,3233.1125395265153,16227,523.4516129032259,151.3467651381256
29379,none,8,edge-8,47.20199999999999,15.258,4719.323007861156,2690.631198416666,15950,514.516129032258,283.5674357165985
29385,none,3,edge-3,48.736,9.218,4263.459312962616,2847.268425895873,14305,461.4516129032258,41.62517781364302
2941,none,2,edge-2,51.43367905,7.154563480000001,4123.182272617348,3150.8441017130526,9867,318.2903225806452,95.1743373573813
29433,none,5,edge-5,53.96399999999999,13.448,4547.242699917131,3433.9391260311677,15206,490.51612903225805,217.1110389314665
29535,none,2,edge-2,52.65,8.116,4193.5058767120445,3283.978335195,16606,535.6774193548387,192.91771287204298
29569,none,5,edge-5,51.462,14.345999999999998,4622.833787767356,3159.1261822018632,16633,536.5483870967741,178.54231129278867
29603,none,1,edge-1,53.423113439999995,-1.52507991,3558.4810845779707,3429.137393750138,16546,533.741935483871,162.8844497180688
29611,none,2,edge-2,52.12904,5.0189,3980.198585417296,3236.0144461588875,30398,980.5806451612904,77.55800486582373
29695,none,5,edge-5,50.98871937,13.57305318,4571.770721265466,3103.6142077738878,14542,469.0967741935484,171.55679813772872
29745,none,4,edge-4,44.68971597,10.6392771,4371.771795127074,2397.8310571594075,14073,453.96774193548384,49.38692067787603
29815,none,2,edge-2,50.426,7.664,4155.024957883393,3037.5371476018,2167,69.90322580645162,186.94283878675168
29833,none,7,edge-7,52.17750529999999,21.07505,5075.229218391875,3287.2602966046898,28253,911.3870967741935,151.03077926312235
29907,none,5,edge-5,50.958,10.994,4390.838496572119,3094.544684245582,16291,525.516129032258,156.7324158042005
29909,none,2,edge-2,51.952,6.146,4056.1747769117082,3211.661382807818,16596,535.3548387096774,41.112400017462704
29921,none,6,edge-6,60.06337346,15.70082545,4638.931306575507,4119.767180354769,16387,528.6129032258065,110.7301515767013
29935,none,1,edge-1,53.37,-6.314,3245.611722574278,3484.1745039225134,15787,509.258064516129,334.52346861495215
29941,none,5,edge-5,53.562,10.038,4323.5182721537285,3383.8153790703846,10725,345.96774193548384,202.88643339094264
30021,none,2,edge-2,52.29399999999999,7.76,4168.197601777513,3245.063695936469,13811,445.51612903225805,151.59263724598972
30073,none,5,edge-5,52.422,13.678,4571.096150455062,3263.276940748534,10049,324.16129032258067,113.69563401894578
30081,none,5,edge-5,50.816,12.828,4520.252157646136,3082.1238072434553,8017,258.61290322580646,163.62476812318485
30105,none,1,edge-1,57.072,-2.797,3548.7900755836527,3843.627841790748,16549,533.8387096774194,570.4249325967978
30110,none,5,edge-5,50.66,13.226,4549.033491161686,3065.9443628238196,16508,532.516129032258,190.2803735643492
30116,none,2,edge-2,52.232,6.919999999999999,4110.638122139085,3240.263218011687,11012,355.2258064516129,100.02633914293855
30226,none,4,edge-4,44.56675327,6.50074661,4042.5929146563785,2390.490089933994,39279,1267.0645161290322,288.0826623702245
30238,none,5,edge-5,51.83041205,12.2378853,4475.245322254056,3193.4972395057353,8080,260.64516129032256,43.5448049030709
30256,none,11,edge-11,60.03706452000001,30.36371112,5440.640542883846,4266.488052960138,16240,523.8709677419355,592.0733418174508
30343,none,3,edge-3,49.902,8.68,4226.163128916352,2977.4640545758893,1,0.03225806451612903,141.39269820689097
30421,none,5,edge-5,54.07,10.012,4321.785747574425,3440.346887118144,16285,525.3225806451613,248.3979319841057
30502,none,2,edge-2,51.83114987,5.00815898,3977.1930764615786,3202.9852651078636,7845,253.06451612903226,60.15142708887806
30516,none,5,edge-5,54.02199999999999,10.76,4370.819911427047,3435.266713415879,16665,537.5806451612904,219.9627089942948
30528,none,9,edge-9,42.77713418999999,23.14714998,5393.974255535648,2279.738597454121,15985,515.6451612903226,73.00975671141039
30554,none,2,edge-2,50.72,7.452,4141.096954813202,3070.7255492373515,12762,411.6774193548387,153.20238124366844
30598,none,3,edge-3,48.878,8.334,4198.772171967111,2864.1312017540845,16612,535.8709677419355,104.74226525187923
30618,none,5,edge-5,51.214,9.202000000000002,4265.2411304256175,3122.85416085117,16617,536.0322580645161,225.49211001891726
30636,none,5,edge-5,52.392,9.75,4303.980682887003,3253.6472372979756,15975,515.3225806451613,158.22111900827088
30656,none,2,edge-2,52.3723287,6.4841699,4081.6528510360995,3257.2103169639754,16612,535.8709677419355,93.14686481814574
30682,none,3,edge-3,48.092,11.842,4458.268662985728,2777.0930087824345,16176,521.8064516129032,175.21475513556913
30708,none,3,edge-3,48.958,8.284,4195.3076856700245,2873.1073860813817,14654,472.7096774193548,108.99581193192839
30724,none,7,edge-7,52.286,20.93,5063.624970629172,3297.722423767788,451,14.548387096774194,148.4372663027862
30730,none,3,edge-3,48.458,7.927999999999999,4167.710014239641,2818.213106415766,16482,531.6774193548387,141.68484649801857
30732,none,11,edge-11,55.92889859,37.54050046,5994.599937500535,3973.94942739511,15629,504.16129032258067,45.80193488380193
30736,none,2,edge-2,51.14312245,8.29970714,4202.0219514555065,3116.0482251216195,14186,457.61290322580646,181.01259765154438
30744,none,4,edge-4,46.738,7.622,4139.118628892828,2627.867318377534,16521,532.9354838709677,279.7369013872172
30803,none,4,edge-4,44.67467659,10.09670913,4328.68285454416,2395.9508915461765,7929,255.7741935483871,26.410646014824415
30819,none,9,edge-9,42.674,23.284,5406.891460575486,2270.4148020578587,10380,334.83870967741933,60.62164600411959
3082,none,2,edge-2,51.04600000000001,7.01,4111.380471148633,3108.14585582941,14326,462.1290322580645,105.92191839713747
30827,none,4,edge-4,44.78188835,10.33024371,4347.185510445275,2407.8955015325864,7999,258.03225806451616,23.30952279112107
30873,none,0,edge-0,42.69,2.586,3712.639861415734,2205.974791245377,2813,90.74193548387096,305.1366655597874
30875,none,9,edge-9,43.222,27.924000000000003,5765.573916803542,2408.56561342213,14662,472.96774193548384,325.7035638211115
30905,none,11,edge-11,55.93632689,37.51895696,5993.048221403167,3974.21575629861,15924,513.6774193548387,44.98844026457221
30919,none,2,edge-2,51.606,5.884,4036.021342058205,3174.2002542545943,16490,531.9354838709677,5.733703721030189
30927,none,9,edge-9,42.68412635,23.3265903,5410.146434052379,2272.140177090316,13958,450.258064516129,57.18016685486249
30935,none,9,edge-9,42.648,23.292,5408.011577389121,2267.684446327823,16131,520.3548387096774,59.94310251329494
30949,none,7,edge-7,51.984,21.208,5087.510629029928,3267.332498864083,16058,518.0,151.28259100794418
3096,none,9,edge-9,42.70000000000001,23.360000000000003,5412.553315613542,2274.3628817488825,15815,510.16129032258067,54.576004073116074
30967,none,2,edge-2,51.836,8.33,4205.900931631052,3193.0701759932194,13337,430.2258064516129,174.45146312253033
31011,none,7,edge-7,53.41199999999999,19.598,4957.138966335137,3409.303552355048,2689,86.74193548387096,209.7435097994297
31017,none,9,edge-9,42.6427353,23.40926081,5417.5826526513565,2268.813212156022,16576,534.7096774193549,50.32906155388659
3102,none,9,edge-9,42.666000000000004,23.392,5415.760905048098,2271.107506292844,13257,427.64516129032256,51.74130792451746
31044,none,5,edge-5,52.519999999999996,13.352,4548.443256196453,3273.1012754254093,6181,199.38709677419354,95.46315808839714
31062,none,5,edge-5,53.546,9.974,4319.276325312322,3382.0344976827873,10065,324.6774193548387,204.49870353361143
31092,none,5,edge-5,53.122,12.775999999999998,4506.807580663037,3338.4028393013823,25891,835.1935483870968,113.37617515454598
31096,none,2,edge-2,51.962,8.56,4222.027445502565,3206.7493476386812,10049,324.16129032258067,192.06662482921936
31121,none,4,edge-4,45.966,13.632,4602.749632427823,2546.1109043932197,16530,533.2258064516129,300.50590428456024
31123,none,3,edge-3,48.77895659,9.15962714,4259.217666446158,2852.0908078726247,15123,487.83870967741933,44.71308898875961
31197,none,3,edge-3,47.5561054,7.5852178,4139.171167954567,2718.7984501178466,3940,127.09677419354838,215.9424296261757
31285,none,2,edge-2,51.516,6.742,4094.928744088104,3161.193765688175,12761,411.64516129032256,65.15848563047275
31299,none,5,edge-5,52.35,13.402,4552.721128794774,3254.3598059209685,16637,536.6774193548387,93.7536284208327
3132,none,5,edge-5,52.33,9.104,4259.919153352635,3247.094917936988,15984,515.6129032258065,201.5236321566167
31325,none,5,edge-5,52.5910908,13.4690762,4556.001215808217,3281.3766479404785,4041,130.3548387096774,105.81037276430172
31337,none,9,edge-9,42.654,23.314,5409.679803640066,2268.6599474058935,16598,535.4193548387096,58.13012633494451
31346,none,7,edge-7,49.708,18.568,4937.486573818152,2991.0496820835356,16119,519.9677419354839,209.088218922262
31357,none,3,edge-3,48.404,11.738,4449.7239417136025,2811.574261989725,25818,832.8387096774194,153.83492904591932
3142,none,2,edge-2,51.568,6.998,4112.91791543859,3166.21348816208,16233,523.6451612903226,81.75359082038858
31433,none,7,edge-7,53.01302285,18.5722546,4894.830897041252,3356.6444532907517,15799,509.64516129032256,167.18853700393237
31437,none,6,edge-6,57.68197240999999,11.97733194,4439.100458785707,3843.8586856329925,16606,535.6774193548387,408.86288225981843
31469,none,2,edge-2,51.9561915,4.2162652,3923.87929024394,3220.890981296328,1188,38.32258064516129,116.2526798646362
31483,none,2,edge-2,52.24600000000001,8.052,4187.967219372821,3239.1514654312946,16467,531.1935483870968,167.33103725944792
3150,none,3,edge-3,47.748,8.96,4242.967955238598,2737.7026695461313,16179,521.9032258064516,135.53522943181466
31538,none,2,edge-2,51.952,6.146,4056.1747769117082,3211.661382807818,16540,533.5483870967741,41.112400017462704
31595,none,3,edge-3,48.726,8.892,4239.457175708682,2846.464357404527,9729,313.83870967741933,65.15479742739396
31637,none,0,edge-0,41.43620739,2.21629266,3669.115721754589,2070.809970586091,16152,521.0322580645161,271.8704390823644
31649,none,7,edge-7,51.22295559,17.37250954,4835.045002877443,3149.507516142476,13336,430.19354838709677,127.4484791327788
31701,none,7,edge-7,52.143716299999994,21.030868290000004,5072.816460395898,3283.0798989202985,16141,520.6774193548387,146.65364241072677
31717,none,7,edge-7,51.076,17.046,4813.930171063307,3130.9749370271556,8013,258.48387096774195,154.3968451614363
31719,none,9,edge-9,42.42374163,25.62669128,5600.838354012216,2279.9919136442077,16581,534.8709677419355,133.87353230817064
31723,none,1,edge-1,53.35964861,-1.5173055399999997,3557.860076026753,3422.069881873526,14744,475.61290322580646,155.99733184432475
31761,none,2,edge-2,51.486,7.562,4151.688431168381,3155.637779421014,16328,526.7096774193549,121.75560143340316
3178,none,9,edge-9,42.666,23.344,5411.884023696798,2270.408862581082,16042,517.483870967742,55.67837107091623
31807,none,9,edge-9,42.67989105,23.27944726,5406.41640706215,2270.9938530281297,10882,351.03225806451616,61.01869214109445
31873,none,9,edge-9,42.82000000000001,23.374,5411.4800298793925,2287.701213599829,16101,519.3870967741935,56.25304091293259
31911,none,7,edge-7,52.432,16.914,4790.4444228352595,3280.3920728722696,15863,511.7096774193548,180.82808507443823
32019,none,2,edge-2,51.78786692,4.67117161,3953.677995982626,3199.8229122277,16630,536.4516129032259,81.27917258022111
32033,none,5,edge-5,52.638,9.216,4267.924960728808,3281.2776790427883,13229,426.741935483871,198.6792168660168
32057,none,5,edge-5,52.34438998,10.23700207,4337.151776180176,3248.3465923286335,6534,210.7741935483871,124.66029593660596
32083,none,3,edge-3,48.328,7.932,4167.610497431349,2803.7598118253854,16465,531.1290322580645,146.5954528842727
32103,none,3,edge-3,48.5963299,9.2751603,4267.515745038776,2831.6998675361574,16464,531.0967741935484,45.09533836784458
32109,none,3,edge-3,50.042,8.436,4208.963128551079,2993.375591364774,16222,523.2903225806451,164.2151712431123
32197,none,9,edge-9,42.769999999999996,23.4,5414.4946834070615,2282.606768337697,16224,523.3548387096774,52.64006660713625
32218,none,7,edge-7,52.519944,16.723263,4776.6294919133215,3288.928303061471,13065,421.4516129032258,197.0066581392152
32237,none,4,edge-4,44.732,10.55,4364.648724626523,2402.4645797865273,8629,278.35483870967744,40.90604894905779
32298,none,3,edge-3,48.984,8.547999999999998,4214.697702391303,2875.5816884275728,16070,518.3870967741935,90.22439566423425
32314,none,4,edge-4,44.75878285,10.671992,4374.304518922155,2405.514354347816,13220,426.4516129032258,48.42219068384847
32320,none,2,edge-2,51.75,5.888,4037.199939963079,3190.184827856236,15806,509.8709677419355,12.892786844286706
32324,none,4,edge-4,44.35,9.222,4258.839430200156,2360.262009435396,16212,522.9677419354839,93.62548128094735
32338,none,11,edge-11,55.93744762000001,37.51974016,5993.044880469545,3974.350699984831,16452,530.7096774193549,44.860907475606204
32342,none,7,edge-7,52.39500515,20.52297324,5034.442208870869,3305.662996982642,7744,249.80645161290323,134.18139156674457
32362,none,4,edge-4,45.95594591,13.63193035,4602.796460905103,2544.99557832047,5121,165.19354838709677,300.09106614963
32452,none,2,edge-2,52.102,5.242,3995.2402899765652,3231.990645276971,806,26.0,65.06284861892365
32456,none,9,edge-9,43.269999999999996,27.941999999999997,5765.806234833641,2414.1185548843173,16636,536.6451612903226,328.1723331173275
32468,none,10,edge-10,47.14176690000001,27.58440077,5641.597485255718,2827.6649427458724,13205,425.96774193548384,286.87217493356707
32492,none,7,edge-7,49.78199999999999,18.764,4950.546314387168,3000.896071693835,16623,536.2258064516129,198.72857152525015
3250,none,9,edge-9,42.02,23.992,5476.521588073691,2209.4384043454033,16245,524.0322580645161,69.7055566439514
32526,none,5,edge-5,54.4277,10.1696,4332.010302684943,3480.165810653372,16700,538.7096774193549,277.350952899231
3254,none,9,edge-9,42.804,23.342,5409.195372570652,2285.485308847716,16607,535.7096774193549,58.20021082507124
32542,none,3,edge-3,47.255093650000006,11.39713615,4426.827779946819,2683.3877920644322,16230,523.5483870967741,214.67457797228752
3260,none,3,edge-3,48.15,14.003999999999998,4618.911753099066,2789.9048759443917,16025,516.9354838709677,323.00399330807903
32676,none,3,edge-3,47.06466776,8.32419705,4193.605202844712,2662.676287819957,16125,520.1612903225806,224.9562186649138
32708,none,5,edge-5,53.65726652,9.66935009,4299.136779293239,3394.4661621879827,16218,523.1612903225806,227.49683989241151
32730,none,0,edge-0,41.37246105,2.06936717,3656.177741787452,2065.0664212796614,14428,465.4193548387097,261.6097536411522
32733,none,5,edge-5,51.198,11.966,4458.40257461492,3122.617732234156,8036,259.2258064516129,112.08019784020142
32735,none,2,edge-2,51.07600000000001,3.706,3880.519766034977,3126.172361674466,15971,515.1935483870968,160.28396656897158
32755,none,2,edge-2,52.14921172,6.718099419999999,4096.442754335283,3231.661571493637,16564,534.3225806451613,83.57740997122353
32759,none,5,edge-5,52.36,9.974,4319.228709925814,3250.0575907827833,16596,535.3548387096774,142.66312621991736
32761,none,3,edge-3,47.472,7.85,4158.83866745861,2708.842230849139,16148,520.9032258064516,208.44608400926955
32789,none,3,edge-3,48.980000000000004,8.41,4204.586901750922,2875.3456973368534,12349,398.35483870967744,100.14194237417736
32845,none,5,edge-5,53.66065871,9.9988997,4320.927251517909,3394.79379016665,16234,523.6774193548387,212.7856270471523
32873,none,7,edge-7,52.462,16.898,4789.04428308349,3283.614365776217,16142,520.7096774193549,183.53403132376175
32875,none,9,edge-9,42.12799999999999,24.75,5536.066886025738,2233.1807943471813,26031,839.7096774193549,82.62305478753076
32933,none,3,edge-3,50.518,10.87,4382.704306313345,3045.4913638197204,13633,439.7741935483871,202.63431341261864
3294,none,2,edge-2,51.47,6.77,4096.6442576643785,3155.993792885284,15054,485.61290322580646,68.3356749909548
33025,none,5,edge-5,52.27011408,10.68485498,4367.750437860806,3240.2752840975018,16607,535.7096774193549,93.47715801132767
33075,none,2,edge-2,50.768,7.212,4124.362541767916,3076.6793492673523,16513,532.6774193548387,137.31667512313868
33089,none,5,edge-5,51.04668909,13.69295865,4579.854166478582,3110.4743029031815,8671,279.7096774193548,171.86022773614238
33151,none,9,edge-9,42.577999999999996,23.416,5419.317288280846,2261.8271613562565,14688,473.80645161290323,50.48406218488743
33161,none,4,edge-4,45.656000000000006,11.302,4422.617943381136,2505.7130302117216,16549,533.8387096774194,125.4166116146524
33163,none,4,edge-4,45.656,11.302,4422.617943381136,2505.71303021172,16512,532.6451612903226,125.41661161465117
33177,none,11,edge-11,57.10676569999999,32.6232938,5666.791446612851,3993.556001022344,5860,189.03225806451613,311.3242132323093
33185,none,9,edge-9,42.872,25.494,5580.633399855035,2326.602125438945,16249,524.1612903225806,123.42486608784459
33199,none,7,edge-7,52.24331241,20.98255366,5067.881184180033,3293.556595526686,16619,536.0967741935484,148.99652591585237
33227,none,7,edge-7,52.17151493,20.782055850000003,5055.546053871512,3283.601167988924,15455,498.5483870967742,133.14524115733707
33280,none,4,edge-4,43.114,12.434,4519.627384239853,2226.1625272476954,16513,532.6774193548387,273.6199036461484
33286,none,7,edge-7,50.096,20.014,5035.041884557852,3047.037404172958,7904,254.96774193548387,173.6048842046755
33302,none,2,edge-2,50.97000735,6.82970264,4098.384803955695,3100.2310081918067,9569,308.6774193548387,102.47455953255867
33404,none,9,edge-9,40.274,18.268,5026.168916832769,1947.1817937875342,16455,530.8064516129032,551.426840263677
33406,none,9,edge-9,42.688562,23.313622999999996,5409.01826347646,2272.4376918791227,16608,535.741935483871,58.269863855300564
33414,none,4,edge-4,41.88399999999999,12.534,4532.061133496041,2090.3018598497724,15956,514.7096774193549,389.2743269814001
33422,none,11,edge-11,55.79800000000001,37.782,6014.076107949281,3966.0536879989245,13695,441.7741935483871,62.31937224381177
33496,none,11,edge-11,55.812,37.56,6000.741379599716,3962.252278526247,8348,269.2903225806452,58.96639649543399
33506,none,5,edge-5,51.04,13.781999999999998,4586.127364601299,3110.0500103809213,16002,516.1935483870968,176.5539792091806
33520,none,9,edge-9,43.13757865000001,23.75025004,5435.763424511326,2327.986726017429,16464,531.0967741935484,58.51741760254024
33534,none,7,edge-7,53.83417858,20.69255054,5022.104063432665,3465.9983597650094,4358,140.58064516129033,275.3929356871365
33554,none,9,edge-9,42.208,24.952,5550.830647439321,2245.1957990628575,16628,536.3870967741935,90.22391619036995
33592,none,9,edge-9,42.83907845,22.560210229999996,5345.522934873381,2278.324399862701,12488,402.83870967741933,121.45045555352685
33602,none,7,edge-7,50.95973774,16.3451913,4766.167871592294,3113.589074390078,16000,516.1290322580645,204.98696994013795
33606,none,7,edge-7,50.99575384,20.64265985,5065.131405982641,3152.560567260791,12848,414.4516129032258,122.31638138354757
33625,none,2,edge-2,47.82,1.93,3717.7026962394098,2778.125023783291,16513,532.6774193548387,508.9326123401938
33649,none,1,edge-1,55.9382199,-3.1991134,3501.0067973625214,3723.814646105535,15228,491.2258064516129,449.0746116465097
33657,none,7,edge-7,53.14235261000001,17.94757515,4851.629011045749,3366.2019593295668,6109,197.06451612903226,194.60407249510402
33675,none,3,edge-3,48.1432425,11.5356207,4435.325585553598,2782.2650526866432,14747,475.7096774193548,152.64025202820048
33697,none,9,edge-9,43.416,23.232,5389.16342286372,2350.9136297966525,16611,535.8387096774194,106.30148454713063
33769,none,9,edge-9,43.270049,22.958754,5369.974035064723,2331.0642154464113,14765,476.2903225806452,110.33235320374588
33795,none,7,edge-7,52.242000000000004,21.118000000000002,5077.03206702745,3294.8118986648656,12469,402.2258064516129,156.96420404889142
33797,none,5,edge-5,52.5001593,13.3560053,4548.817129583959,3270.9080369683497,8222,265.2258064516129,94.94689190958665
33859,none,3,edge-3,47.486,12.074,4477.38860202607,2710.2336766094313,2502,80.70967741935483,228.9416305664417
33949,none,7,edge-7,49.85600000000001,19.03,4968.547874833156,3011.3913951289665,7689,248.03225806451613,188.93220328231206
33953,none,9,edge-9,42.71,23.279999999999998,5405.912503044112,2274.297856711355,14239,459.3225806451613,61.204303434536946
33976,none,9,edge-9,43.85490847,25.95674515,5595.951720260281,2441.567632375687,7743,249.7741935483871,207.920089315685
33980,none,9,edge-9,42.67533669,23.42798209,5418.494849277702,2272.6546658422885,16561,534.2258064516129,48.827997537041604
33986,none,7,edge-7,51.73514158,19.43357226,4970.596185931669,3222.620477876398,3991,128.74193548387098,29.4361608337218
34027,none,3,edge-3,48.19874219,11.79812551,4454.71833096187,2788.8727944607813,16201,522.6129032258065,166.7979773235511
34034,none,7,edge-7,52.588,22.472,5161.512377841828,3347.762459728322,11290,364.19354838709677,256.41067068881074
34065,none,7,edge-7,49.754,20.158,5050.419461350757,3010.7158752167425,16105,519.516129032258,212.8971265473054
34073,none,7,edge-7,52.702,16.885999999999996,4785.693345944605,3310.141181323226,16614,535.9354838709677,199.87401769358615
34077,none,7,edge-7,52.24209644,20.916638369999998,5063.457946770453,3292.7475005074443,4925,158.8709677419355,145.06915415482226
34081,none,7,edge-7,50.272,19.026,4962.647731904068,3057.33397774115,12700,409.6774193548387,142.66448343537405
34177,none,3,edge-3,49.074,9.158,4259.465572682232,2884.8918162079895,16132,520.3870967741935,50.97510847995659
34185,none,3,edge-3,48.1,11.776,4453.330522896139,2777.8614609195124,16507,532.483870967742,170.4982081508546
34205,none,7,edge-7,49.68,20.074,5045.541677040355,3001.718250551576,14350,462.9032258064516,218.7952592387014
34235,none,7,edge-7,49.856,20.29,5058.26248686698,3023.2888601721347,11334,365.61290322580646,205.75442679527413
34237,none,4,edge-4,45.956,13.632000000000001,4602.801579090455,2545.0018409550416,16574,534.6451612903226,300.0982967565085
34273,none,3,edge-3,48.887379440000004,9.15676385,4259.142291566391,2864.1460182660558,16607,535.7096774193549,44.54299585292653
34297,none,9,edge-9,42.902,25.336,5567.360948747971,2327.2317971856605,14443,465.9032258064516,111.59636593872001
34316,none,7,edge-7,51.145638049999995,17.217578890000002,4825.128606319722,3139.8619631021393,8030,259.03225806451616,140.44661234576242
3434,none,9,edge-9,41.932,25.548,5604.910505694319,2225.06912319912,16553,533.9677419354839,147.91935782943463
3440,none,9,edge-9,42.286,22.69,5365.611147331943,2219.5035615707625,15002,483.93548387096774,117.27453372645581
3444,none,2,edge-2,52.068,6.968,4113.152952377104,3221.890824636762,14854,479.16129032258067,92.03009830601
34452,none,7,edge-7,50.83472423,19.06751812,4957.911635507516,3119.8938917300443,4006,129.2258064516129,79.92589321667258
34454,none,2,edge-2,52.08,5.312,3999.8674105017544,3229.2362960793444,1989,64.16129032258064,60.21522345794404
34458,none,1,edge-1,51.85050594,-2.2450679499999997,3481.817493954908,3264.0832674760945,16103,519.4516129032259,26.888380321576705
34482,none,3,edge-3,48.88600000000001,9.387999999999998,4276.103419764518,2863.825151622022,16627,536.3548387096774,27.705537014562537
34506,none,9,edge-9,42.632,23.198,5400.704024393148,2264.576753823833,15416,497.2903225806452,67.71341504206782
34566,none,9,edge-9,42.676,26.348000000000003,5653.237404400408,2320.018889011967,15702,506.51612903225805,190.83822907957847
34586,none,5,edge-5,50.95000000000001,11.108,4398.860877168925,3093.769881403292,16215,523.0645161290323,154.01450765948334
34658,none,9,edge-9,43.312,27.152,5702.496358600683,2403.7432777060594,15185,489.83870967741933,266.7588431663755
34664,none,7,edge-7,52.09559594,21.059466,5075.560738352239,3278.0739541638754,16266,524.7096774193549,146.17152922325508
34674,none,11,edge-11,55.668000000000006,37.858,6024.070874621978,3954.3626987683133,6834,220.4516129032258,77.66498703509184
34742,none,9,edge-9,42.696,23.36,5412.6266300527295,2273.92506438836,16074,518.516129032258,54.537774733163026
34831,none,2,edge-2,52.2412751,6.2100482,4062.2486515718024,3243.5810028846736,2320,74.83870967741936,71.86774928446518
34863,none,2,edge-2,51.941059,5.875958300000001,4037.572240458871,3211.4611142186486,7866,253.74193548387098,33.5589782120428
34867,none,9,edge-9,42.43121744999999,25.62130541,5600.244954978269,2280.714710977291,16481,531.6451612903226,133.2902923866858
34921,none,7,edge-7,50.016,20.002,5035.388366106164,3038.0912992923145,16433,530.0967741935484,181.67605871632338
34925,none,2,edge-2,51.728,8.748,4234.500075923899,3180.4781031597804,15975,515.3225806451613,202.44009309894793
34931,none,3,edge-3,49.646,8.56,4216.992383075839,2949.161248670036,16333,526.8709677419355,124.85654803819905
34961,none,2,edge-2,52.03,7.109999999999999,4122.713197808219,3217.2698995299997,16246,524.0645161290323,98.64214859693121
34979,none,5,edge-5,50.978,13.72,4582.134264097909,3102.9372300942973,7995,257.9032258064516,178.9183135853322
34983,none,5,edge-5,50.976,13.72,4582.14551470129,3102.7149794352617,8024,258.83870967741933,179.0896161196819
35023,none,4,edge-4,44.912,8.204,4178.937525847253,2423.9782698833214,16662,537.483870967742,149.97843701610375
35045,none,10,edge-10,48.394,34.964,6130.008129356663,3119.792514626945,14540,469.03225806451616,450.0618495927984
3506,none,9,edge-9,42.224,24.734,5532.841046860253,2243.400203225907,14877,479.9032258064516,74.63001161371977
35065,none,7,edge-7,52.0858,20.77576,5056.531323727354,3274.088739928577,15922,513.6129032258065,128.1597662670046
35091,none,7,edge-7,52.350273,17.519367,4832.327056111071,3275.417045428343,7109,229.32258064516128,141.8522399979424
35119,none,7,edge-7,54.37638631,18.61159354,4879.213981322252,3507.7468501190315,16492,532.0,316.6621008041125
35121,none,2,edge-2,52.008,4.576,3948.9540926958716,3224.7424916414284,5440,175.48387096774192,95.18474567266938
35129,none,4,edge-4,43.626,10.58,4367.92804735272,2279.8596441194545,12380,399.35483870967744,147.74688324161778
35212,none,2,edge-2,50.2967761,7.61065543,4150.772384368861,3023.29233974303,16603,535.5806451612904,195.28123541931268
3524,none,5,edge-5,53.33,11.498,4420.804087664137,3359.0273530258733,16649,537.0645161290323,130.71384081977985
35250,none,9,edge-9,42.69908679,23.34191859,5411.110396185557,2274.0001993534247,3589,115.7741935483871,56.04277334747317
35254,none,3,edge-3,47.1465504,7.26443139,4113.400032429233,2674.163532249931,15664,505.2903225806452,265.084369712945
35268,none,3,edge-3,48.926209,8.374409000000002,4201.852163873752,2869.423496621047,8033,259.1290322580645,102.06882824115851
35307,none,7,edge-7,52.196,21.416,5097.908464615893,3292.886993240075,9779,315.4516129032258,172.97885639738138
35331,none,7,edge-7,52.19,20.91,5063.879107475139,3286.9382160489663,16228,523.483870967742,141.74144776165812
35419,none,9,edge-9,41.24,16.5,4867.42748761287,2039.003466795258,16464,531.0967741935484,645.6062833018875
35435,none,11,edge-11,55.782,37.528,6000.192558930166,3958.377671637438,15944,514.3225806451613,62.33630730217327
35439,none,7,edge-7,50.11204181,19.79865074,5019.558114274932,3046.732066163755,15855,511.4516129032258,167.05437319702492
3544,none,5,edge-5,52.87,9.578,4292.581962333228,3306.8905447090046,16212,522.9677419354839,183.3054593488301
35443,none,11,edge-11,55.654,37.592,6009.369280216283,3946.5772069480645,16198,522.516129032258,76.79850839492548
35489,none,11,edge-11,55.67,37.578,6007.875791718256,3947.9096899058122,16250,524.1935483870968,74.96815380406689
35517,none,9,edge-9,42.61438952,23.36707314,5414.693442962079,2265.095653006711,16594,535.2903225806451,53.967647550431174
35519,none,8,edge-8,48.216,16.482,4802.217237370144,2810.303322895691,16196,522.4516129032259,222.4521725651136
35595,none,7,edge-7,50.2372566,18.655146,4936.879298717601,3050.309457914914,8014,258.51612903225805,150.09501024250548
35649,none,3,edge-3,48.562,13.414,4572.9852888513815,2833.4539244978328,14009,451.9032258064516,270.80535816128327
35655,none,7,edge-7,50.01,19.972,5033.3502803636875,3037.1370714479845,13009,419.64516129032256,181.60547536261026
35658,none,3,edge-3,48.308,11.75,4450.859487940427,2800.9274030754527,16461,531.0,158.50098087675667
35676,none,9,edge-9,42.66799999999999,23.298,5408.131729531598,2269.9605976060925,6618,213.48387096774192,59.45608515233283
35686,none,9,edge-9,42.142,24.719999999999995,5533.350822507362,2234.2244169642154,4588,148.0,79.78185975972559
35694,none,11,edge-11,55.536,37.664,6018.59439855938,3936.016661744646,16566,534.3870967741935,90.3348079979071
35706,none,5,edge-5,51.073115509999994,11.69289708,4439.6401415787295,3108.249770769615,16624,536.258064516129,128.2183665033978
35710,none,9,edge-9,42.66498,23.2625,5405.318795080773,2269.116675069465,16575,534.6774193548387,62.362463066770744
3572,none,5,edge-5,53.024,12.97,4520.234481265869,3328.0189862206894,16264,524.6451612903226,110.52789144598005
35734,none,7,edge-7,52.241898,16.86094254,4788.853532895975,3258.977783481185,16274,524.9677419354839,173.82520763792004
35762,none,7,edge-7,49.81046932,18.91776502,4961.151083036993,3005.3738608697263,16170,521.6129032258065,194.44845378453513
35768,none,9,edge-9,43.07860897,25.621074739999997,5586.356839070531,2351.2657656529377,16561,534.2258064516129,139.81844422863358
35778,none,9,edge-9,42.662,23.316000000000003,5409.695319398804,2269.5646294598555,16408,529.2903225806451,57.968714345365235
35788,none,9,edge-9,41.82955737,23.48421246,5438.594419637298,2180.94922596843,16618,536.0645161290323,101.58226850083925
35806,none,4,edge-4,44.608,11.58,4446.657577163058,2389.878095156594,16486,531.8064516129032,122.14849323504666
35808,none,5,edge-5,52.41369779,13.27334046,4543.644685601957,3261.039753112125,15370,495.80645161290323,86.69439744256125
35834,none,3,edge-3,48.13637288,14.373614790000001,4646.464460466518,2789.9522765236356,5931,191.32258064516128,349.95877604330525
35842,none,9,edge-9,42.6773996,23.3197501,5409.7169606063835,2271.3046564583906,16565,534.3548387096774,57.705033579334085
35848,none,7,edge-7,51.954,20.118,5014.01472093287,3253.095387186241,10613,342.35483870967744,81.71505807681714
35862,none,11,edge-11,59.92415316,30.35618663,5443.996137455564,4254.304280092449,14659,472.8709677419355,583.9638819921852
35878,none,10,edge-10,49.804,24.072,5327.008061364107,3062.570160503045,15356,495.35483870967744,356.44391659272753
35880,none,9,edge-9,42.67206311999999,23.35467517,5412.635238455593,2271.2276546872317,16599,535.4516129032259,54.82079494730882
35892,none,9,edge-9,42.672,23.296,5407.897226944611,2270.369501370301,15755,508.2258064516129,59.63113595413148
3590,none,3,edge-3,48.47,9.226,4263.744439535255,2817.6948832670073,16614,535.9354838709677,57.27040225925674
35908,none,3,edge-3,50.32,8.054,4182.416589553485,3024.9408207130455,16606,535.6774193548387,205.33571698206305
35910,none,1,edge-1,49.12,-0.2,3578.986120326147,2941.1914477893547,16615,535.9677419354839,341.36894959422875
35918,none,11,edge-11,59.912,30.3,5441.400353006432,4252.112910828318,16139,520.6129032258065,585.4494394246635
35932,none,3,edge-3,48.74571942,12.68272877,4518.314779959888,2851.634699391342,7369,237.70967741935485,215.05190992335736
35944,none,5,edge-5,54.775999999999996,9.434,4284.565640111855,3519.0551941679305,20263,653.6451612903226,334.704242039123
3598,none,2,edge-2,52.01519924,8.71452659,4232.751400945653,3212.4693658001056,16079,518.6774193548387,203.55907435041578
35989,none,9,edge-9,42.672,23.281999999999996,5406.766341558437,2270.166943486444,16477,531.516129032258,60.77908592617929
36010,none,2,edge-2,52.182,5.404,4006.877167273439,3240.1650521768265,16312,526.1935483870968,66.74640139029259
36056,none,7,edge-7,52.275087000000006,21.044866,5071.54457405267,3297.699507489773,16486,531.8064516129032,154.45474804916057
36062,none,7,edge-7,52.412,20.97,5064.203406370525,3312.0165626686585,16540,533.5483870967741,158.65623232899623
36084,none,9,edge-9,42.42106868,25.62277217,5600.579676474308,2279.6338403987775,4912,158.4516129032258,133.611317622683
36086,none,7,edge-7,50.23128821,18.67942661,4938.675361199921,3049.853894205377,3223,103.96774193548387,150.37568253432502
36092,none,5,edge-5,52.388,13.39,4551.706781801425,3258.5461449568747,16171,521.6451612903226,93.74022251797466
36138,none,7,edge-7,50.074,21.904000000000003,5168.940211862006,3064.767101536269,15811,510.03225806451616,255.24176733007937
36144,none,2,edge-2,52.19942065,5.95312536,4044.468500870157,3239.873780500317,16557,534.0967741935484,62.754453879763275
36190,none,5,edge-5,50.914,13.858,4592.184566222168,3096.3276999237323,15870,511.93548387096774,190.60817477963124
36192,none,9,edge-9,42.708,23.36,5412.406675960564,2275.2385195291768,16411,529.3870967741935,54.663209074810624
36194,none,9,edge-9,42.90640458,23.791741130000002,5443.474661567715,2303.3168682925107,8031,259.06451612903226,34.186438463445114
36222,none,2,edge-2,52.34,4.962,3977.940802759817,3259.7081990547717,16209,522.8709677419355,97.71517276757403
36234,none,2,edge-2,50.89,5.982000000000001,4038.435883016791,3094.2666523071807,16580,534.8387096774194,84.32997211538625
36242,none,4,edge-4,42.748000000000005,12.731999999999998,4545.313619400456,2186.4785948641356,7919,255.4516129032258,320.11253449000446
36254,none,7,edge-7,52.25,21.228,5084.306329929924,3296.842547163235,16182,522.0,164.00339097783817
36304,none,3,edge-3,49.8,8.596,4219.914867829495,2966.2341749682937,5948,191.8709677419355,135.87489929870887
36312,none,3,edge-3,49.0427483,8.71949562,4227.362905442388,2881.879538511668,37439,1207.7096774193549,79.38798586203399
36354,none,5,edge-5,51.114,13.666,4577.592800959065,3117.859552342867,2162,69.74193548387096,164.99677545627958
36378,none,9,edge-9,42.746,23.606,5431.545841634921,2283.005184546576,34,1.096774193548387,35.71440079745109
36380,none,7,edge-7,53.016,18.632,4898.768853628052,3357.447824527031,16567,534.4193548387096,166.6385271662661
36454,none,1,edge-1,51.74,-1.314,3543.1041654236983,3241.5822245218046,16292,525.5483870967741,49.41963895849217
36514,none,4,edge-4,46.796,9.824,4307.550757935171,2631.4112604356537,8088,260.9032258064516,210.1387266075029
36524,none,4,edge-4,46.796,9.824,4307.550757935171,2631.4112604356537,16478,531.5483870967741,210.1387266075029
3654,none,5,edge-5,54.302,10.064,4325.167436565056,3466.1664557128493,16210,522.9032258064516,268.4377404405682
36598,none,3,edge-3,49.55,11.940000000000001,4461.390506814256,2939.3194270449826,15966,515.0322580645161,177.23282021592092
36630,none,9,edge-9,42.154,23.001999999999995,5393.34852301751,2209.437573345269,16204,522.7096774193549,100.93767545215684
36646,none,9,edge-9,42.6786929,23.3286497,5410.4120707748,2271.5753128777983,15724,507.2258064516129,56.98193215282882
36664,none,7,edge-7,51.97599999999999,20.144,5015.441894350514,3255.7710006746447,15127,487.96774193548384,84.55221094331264
36692,none,2,edge-2,52.052,4.242,3926.4849462625643,3231.383220135172,16463,531.0645161290323,118.15376944269903
36706,none,3,edge-3,50.3178592,8.0510031,4182.196958153821,3024.708445471881,16549,533.8387096774194,205.27758836617346
36726,none,2,edge-2,52.086,5.15,3988.8334021200403,3230.629077710961,16633,536.5483870967741,67.83777716949722
36730,none,7,edge-7,50.36060502,19.08397347,4965.537855524208,3067.6360671950956,16456,530.8387096774194,132.65077338470755
36748,none,2,edge-2,51.556,5.08,3980.0701331743257,3172.0940181147816,14344,462.7096774193548,52.37666094022406
36788,none,4,edge-4,45.56,9.434,4276.745580004523,2494.3387491673043,206,6.645161290322581,88.89147770091257
36828,none,3,edge-3,48.04200000000001,11.192,4409.923134726953,2770.5422517262646,16204,522.7096774193549,138.4862668576303
36878,none,7,edge-7,52.16223000000001,21.22831,5085.8331135506105,3287.1782327604924,7465,240.80645161290323,159.74017229019216
36893,none,7,edge-7,52.315737670000004,21.13828808,5077.14318854433,3303.146297753204,6559,211.58064516129033,162.2397867814933
36932,none,9,edge-9,42.654,23.369999999999997,5414.204068681115,2269.473585266209,395,12.741935483870968,53.53344422399591
36948,none,5,edge-5,51.152,14.982,4669.273526170967,3127.526434131824,15656,505.03225806451616,234.162760179753
36960,none,3,edge-3,47.2341195,9.5902682,4289.94996460905,2680.14589657747,105003,3387.1935483870966,179.3828058398553
3697,none,3,edge-3,48.81,8.872,4238.1253446402925,2855.8238907973637,3138,101.2258064516129,65.34296416163303
36984,none,7,edge-7,50.43500578,18.93329769,4953.911079296322,3074.545164191345,7420,239.3548387096774,125.0836642970716
37006,none,4,edge-4,46.08066197,6.73287302,4068.069395202477,2557.5183307926027,16534,533.3548387096774,293.77541903406217
37008,none,7,edge-7,50.37326349,18.33707213,4912.6602395940645,3062.7308690061936,19507,629.258064516129,142.49086344389588
37021,none,7,edge-7,51.32784263,19.37370032,4972.297800341442,3177.087622479064,13271,428.0967741935484,30.17201844146554
37042,none,2,edge-2,49.84109584,5.74057639,4014.7679381975317,2978.7230326192384,23,0.7419354838709677,200.38153058134688
37066,none,9,edge-9,43.08,25.55,5580.664043238805,2350.21924219508,16356,527.6129032258065,134.42886022864536
37078,none,11,edge-11,55.998,37.212,5972.847857736855,3973.4694773157516,1192,38.45161290322581,43.109335197364516
37082,none,6,edge-6,55.92604169,21.06586254,5010.023629534781,3700.051990826972,16181,521.9677419354839,486.0849697205366
37122,none,3,edge-3,48.89110627,11.17784053,4407.394902519292,2864.896944386865,11561,372.93548387096774,104.17068254781772
37132,none,7,edge-7,50.032,21.978,5174.908576168832,3061.006908083978,4647,149.90322580645162,262.29576774199893
37134,none,2,edge-2,51.3422044,5.4315693,4002.909721975372,3146.763229672197,16632,536.516129032258,42.99412947600174
37160,none,3,edge-3,48.195161999999996,12.769977999999998,4526.97303366664,2790.7101485254702,15931,513.9032258064516,233.78682856826939
37174,none,2,edge-2,51.42999999999999,5.54,4011.043170467787,3156.0490236921887,86,2.774193548387097,30.655819974920938
37200,none,7,edge-7,50.892,16.746,4794.888757300869,3108.597784469681,16331,526.8064516129032,181.77062976596306
37202,none,2,edge-2,52.39,6.136,4058.0798717609023,3260.375810500741,16627,536.3548387096774,86.0446991642066
37208,none,8,edge-8,49.27752240000001,19.8778474,5037.438904944034,2955.376209591033,13379,431.5806451612903,245.38953528204217
37228,none,9,edge-9,42.644,23.33,5411.155288135714,2267.7974991419037,14929,481.5806451612903,56.8323117155411
37238,none,3,edge-3,49.662,8.448,4208.941264599575,2951.104869783417,16022,516.8387096774194,131.9065274118937
37298,none,2,edge-2,51.932,4.278,3927.8966002154684,3217.8716606664966,14725,475.0,111.41726796768408
37304,none,7,edge-7,51.188,16.374,4765.981998225496,3139.0778523532026,3999,129.0,195.83926572723905
37420,none,2,edge-2,52.373999999999995,4.816,3968.28854661618,3264.1814250819734,342,11.03225806451613,106.93083090611293
37458,none,3,edge-3,49.19305093,9.147797230000002,4258.8704155258965,2898.136179835381,16506,532.4516129032259,59.25963802960286
3748,none,3,edge-3,50.058,8.688,4227.044116259158,2994.801109432908,16221,523.258064516129,155.76892746141328
37486,none,7,edge-7,50.296,18.96,4957.660607662036,3059.4107779049536,12674,408.83870967741933,140.3119094132746
37610,none,2,edge-2,51.966,8.23,4199.361726686939,3207.6936403870172,16185,522.0967741935484,169.8435867224509
37634,none,7,edge-7,49.902,22.507999999999996,5214.702972367264,3053.0379100315154,16186,522.1290322580645,300.62956955750235
37648,none,5,edge-5,53.656000000000006,10.075999999999999,4326.0254379461985,3394.277986821505,16675,537.9032258064516,209.06925856386394
37650,none,4,edge-4,46.06901,11.11331,4407.2354789355895,2551.3153774306593,16471,531.3225806451613,150.87959414744935
37674,none,3,edge-3,47.6771434,10.61037585,4366.861253263911,2729.4699880139246,16636,536.6451612903226,144.2670823615532
37724,none,5,edge-5,54.49057997,9.55130607,4291.915554800424,3487.2406261496326,27549,888.6774193548387,303.9790818082674
37726,none,9,edge-9,42.63889438,23.36533785,5414.104237938464,2267.752407886507,16598,535.4193548387096,53.9477994694283
37792,none,11,edge-11,55.766,37.57,6003.292068486169,3957.7045401396736,817,26.35483870967742,64.1557226046136
3780,none,5,edge-5,52.482,9.802,4307.5480602441785,3263.6509645343262,15452,498.4516129032258,156.2234430387686
37852,none,2,edge-2,52.486,4.65,3957.93703857255,3277.4328108542513,16277,525.0645161290323,123.74189297271263
37860,none,2,edge-2,52.014,5.19,3991.038765342439,3222.4509302583992,15269,492.5483870967742,60.232945125847884
37892,none,3,edge-3,47.466,9.486,4282.221755491584,2705.9556340618697,7527,242.80645161290323,154.52563332846185
37904,none,7,edge-7,50.422,18.758,4941.7315175734575,3071.606264663946,16104,519.483870967742,128.4409572515945
37920,none,7,edge-7,51.26593953,22.52517253,5190.267573786197,3203.118753402104,10740,346.4516129032258,238.06426497203893
3796,none,2,edge-2,50.66,7.834,4167.862456055815,3063.1853434562945,14513,468.16129032258067,178.05502605397572
37972,none,3,edge-3,48.234,8.344,4197.934468362904,2792.543462438167,16221,523.258064516129,124.66183502577734
38002,none,2,edge-2,51.46209565,6.692166140000001,4091.202394647471,3155.357174172633,315,10.161290322580646,63.44651009590684
38038,none,5,edge-5,51.32,12.34,4484.098666193849,3136.954622098905,16304,525.9354838709677,100.39132388315514
38042,none,2,edge-2,50.41049925000001,7.893379929999999,4171.2680729289605,3035.3195932689846,9,0.2903225806451613,199.58766441994632
38088,none,9,edge-9,42.68686100000001,23.404695000000004,5416.402650611724,2273.57581807098,16421,529.7096774193549,50.808537041166744
3812,none,3,edge-3,49.368,11.068,4398.583579839356,2917.792242683881,15457,498.61290322580646,111.87263865759445
38177,none,1,edge-1,48.13141793,-1.65396273,3457.2283019530028,2848.1284834978906,16185,522.0967741935484,429.47948813401354
38225,none,3,edge-3,48.138,11.428000000000003,4427.325487471062,2781.521772584662,15885,512.4193548387096,146.17356426854653
38227,none,3,edge-3,49.446,8.576,4217.723661964995,2926.902154699305,15592,502.96774193548384,109.2980979227428
38249,none,7,edge-7,51.138,17.126,4818.838021379269,3138.387643745279,1895,61.12903225806452,146.77283774211642
38271,none,3,edge-3,48.8835025,8.7053264,4226.021772155475,2864.1955066763644,16620,536.1290322580645,77.54071552098218
3832,none,9,edge-9,42.662000000000006,23.288,5407.433246465917,2269.159065970334,2700,87.09677419354838,60.266277864856114
38335,none,7,edge-7,52.1375,20.8097,5057.9749928332785,3280.1312804687223,19466,627.9354838709677,132.90849797344953
38398,none,2,edge-2,52.093999999999994,4.408,3938.1915184952854,3235.1587700389714,13306,429.2258064516129,109.7265738168458
38400,none,9,edge-9,42.67600000000001,23.32,5409.762713043986,2271.1550790346955,16615,535.9677419354839,57.678459904289355
38434,none,2,edge-2,51.1944746,6.5449634,4079.581254776424,3126.0847801913806,9,0.2903225806451613,70.63642365011363
3844,none,2,edge-2,51.444,6.484,4076.656767761689,3154.0216017930784,16272,524.9032258064516,50.79418014448749
38466,none,2,edge-2,51.95,5.902,4039.415759204167,3212.3536771978706,16239,523.8387096774194,34.78188864156489
38534,none,9,edge-9,42.41365579,25.59741282,5598.6945082334705,2278.394106856813,16481,531.6451612903226,131.72125919949747
38540,none,9,edge-9,42.77125103,22.756832239999998,5362.576077699697,2273.596766363003,15809,509.96774193548384,104.51167204626253
38552,none,5,edge-5,51.01191849999999,13.765123,4585.105420134484,3106.86843748588,16475,531.4516129032259,178.10053727045158
38612,none,7,edge-7,52.156,20.788000000000004,5056.203272490606,3281.950955521299,7928,255.74193548387098,132.62515733692132
38616,none,2,edge-2,51.986,4.666,3954.9352537496006,3221.8444183895153,16601,535.516129032258,88.55040419548101
38630,none,2,edge-2,51.988,4.644,3953.4449287667408,3222.1771910637144,13739,443.19354838709677,90.01313412346835
38716,none,3,edge-3,49.324,8.694,4226.043690471424,2913.1794101984924,16190,522.258064516129,94.42025782648338
38776,none,7,edge-7,52.19330318,22.052109719999997,5140.801270640005,3299.575548858621,4033,130.09677419354838,213.42700778232376
38780,none,3,edge-3,49.96200000000001,9.768,4304.351520856703,2983.3106787363777,16601,535.516129032258,124.28988481228664
38786,none,4,edge-4,45.508,12.252,4497.217473573798,2491.061556900344,15366,495.6774193548387,181.7915259676413
38806,none,7,edge-7,51.146,17.162,4821.257058661268,3139.5200004426265,15269,492.5483870967742,144.10196382691217
38846,none,7,edge-7,52.27139744,21.04947209,5071.917130651003,3297.340549049217,16459,530.9354838709677,154.51545455260808
38852,none,3,edge-3,50.092,9.182,4262.460265527949,2998.0689253591117,15881,512.2903225806451,144.94337256196982
38912,none,3,edge-3,48.056,14.408,4649.538914967434,2781.18484955235,16206,522.7741935483871,354.7931382915668
38939,none,7,edge-7,49.98,19.776,5019.883769752418,3031.938504197492,14385,464.03225806451616,180.81319674520591
38971,none,7,edge-7,52.31632595,16.12373228,4738.029693694878,3262.7500345165986,16070,518.3870967741935,223.30938552348493
39051,none,11,edge-11,55.852,37.64399999999999,6003.835655861372,3968.3939802725527,8032,259.0967741935484,54.81800743716223
39069,none,5,edge-5,53.57488774,9.61120516,4295.242369450351,3385.317969968599,8035,259.19354838709677,224.0336921303132
39083,none,9,edge-9,44.444,26.098,5593.81740492283,2508.161947292232,6719,216.74193548387098,262.3738932702701
39119,none,7,edge-7,52.28565451,20.79708637,5054.677375862685,3296.3348201787844,16519,532.8709677419355,140.8896536082315
3913,none,5,edge-5,51.778,10.329999999999998,4343.775540275202,3185.350593378042,2428,78.3225806451613,127.23011927541643
39141,none,3,edge-3,48.436,10.298,4343.059436880934,2813.6599135810516,16315,526.2903225806451,60.262933000317794
3917,none,2,edge-2,50.51800000000001,7.318,4130.824324662958,3048.606393349151,16226,523.4193548387096,163.05576538662274
39177,none,7,edge-7,52.208000000000006,21.192,5082.599845275166,3291.8387172312273,7701,248.41935483870967,159.69123946366926
39197,none,5,edge-5,51.111425,13.77212155,4585.027730984605,3117.9512831596558,15806,509.8709677419355,170.26635508584283
39223,none,4,edge-4,46.328,11.026,4400.091893988952,2579.9703879640283,8874,286.258064516129,172.93960041278882
39243,none,3,edge-3,47.404,8.566,4212.690619590311,2699.9813969911083,15602,503.2903225806452,183.0875968603473
39265,none,2,edge-2,51.910000000000004,7.724,4164.405175014164,3202.4302466059817,16122,520.0645161290323,134.50602621124793
39267,none,5,edge-5,51.154,13.812,4587.570276484642,3122.827127817701,422,13.612903225806452,168.85819942217526
39275,none,2,edge-2,48.874,2.332,3759.495313530407,2891.5646083784845,16018,516.7096774193549,395.66010261491317
39295,none,2,edge-2,52.1,5.248,3995.635870046194,3231.741694316082,6407,206.67741935483872,64.63396096983999
39304,none,9,edge-9,43.42449202,24.59826529,5497.770401227304,2372.3282081157677,16464,531.0967741935484,98.76565222132076
39309,none,8,edge-8,47.510000000000005,19.122,5006.629619199267,2753.037543167797,3973,128.16129032258064,40.74358016638294
3932,none,3,edge-3,47.992,12.178,4483.619261927881,2766.6647655329375,9566,308.5806451612903,202.5165547168398
39363,none,9,edge-9,43.23800000000001,23.11,5382.656197732007,2329.6831249560105,16602,535.5483870967741,98.64291311947704
39411,none,9,edge-9,43.23800000000001,23.124,5383.7767591837965,2329.881565521805,12957,417.96774193548384,97.79096693323022
39435,none,1,edge-1,51.88,-0.5179999999999999,3599.618135736959,3248.8170371829647,16594,535.2903225806451,96.67831280543325
39437,none,7,edge-7,49.6280862,20.70573331,5091.443718377185,3002.4290254504713,16234,523.6774193548387,241.3794189899677
39443,none,5,edge-5,52.142,9.96,4318.261570668421,3225.8008820315054,16180,521.9354838709677,143.0725453166385
39449,none,4,edge-4,45.566,9.382,4272.685184669494,2495.036907914729,15286,493.0967741935484,91.88453255483866
39455,none,9,edge-9,41.89,23.446,5434.362073283374,2186.9941924920367,16162,521.3548387096774,97.13087085191394
39487,none,7,edge-7,50.43,18.926,4953.46408801285,3073.928725498616,13341,430.35483870967744,125.69486087528917
39491,none,7,edge-7,50.14,18.99,4961.880673901586,3042.4289931643634,3997,128.93548387096774,157.4845588912172
39495,none,12,edge-12,48.69109673,44.48683441,6754.437178547373,3428.8397551740854,13385,431.7741935483871,722.280873929653
39509,none,12,edge-12,48.66260688,44.41632298,6751.308808433678,3423.586481381427,10390,335.16129032258067,718.4544859333492
39511,none,12,edge-12,48.76315299,44.54629272,6754.677410340818,3438.1319675723594,9494,306.258064516129,730.9210791733235
39513,none,12,edge-12,48.7413,44.4054,6746.704025571044,3431.1903951337504,12859,414.80645161290323,727.1962575726349
39549,none,9,edge-9,41.94484876,21.40201767,5265.863083780584,2165.0718181176276,16590,535.1612903225806,230.88588534953058
39551,none,9,edge-9,42.28078166,22.68655568,5365.421056071218,2218.8840433202913,16343,527.1935483870968,117.75124125414737
39587,none,7,edge-7,52.24,21.15,5079.222457999634,3294.924807310818,49,1.5806451612903225,158.77910197806654
3960,none,3,edge-3,48.63999999999999,8.894,4239.464016168609,2836.902913178183,13621,439.38709677419354,67.64525636558939
39613,none,3,edge-3,48.896,13.342,4566.027808638692,2870.3090803344035,3900,125.80645161290323,262.8802491795438
39619,none,9,edge-9,42.01698662,23.09361309,5403.261090451576,2195.7500195493017,16611,535.8387096774194,104.42525732704009
39627,none,7,edge-7,52.2840026,20.80613712,5055.314450411861,3296.2441065661496,6458,208.32258064516128,141.29152794358114
39629,none,7,edge-7,52.29135175,20.8094647,5055.417126797504,3297.0878069248984,16600,535.483870967742,141.9444781816451
39647,none,7,edge-7,52.2858044,20.808291149999995,5055.429787859509,3296.4644752894965,3371,108.74193548387096,141.5264070826721
39649,none,2,edge-2,51.80874079,4.71491039,3956.855054184018,3201.920835749634,8075,260.48387096774195,78.82100884167727
3968,none,9,edge-9,42.646,23.38,5415.1586613671425,2268.7436556695375,16611,535.8387096774194,52.72272425335617
39681,none,9,edge-9,42.55,23.12,5395.871068504388,2254.4801545796586,15943,514.2903225806451,75.045642460572
39683,none,7,edge-7,51.247539999999994,22.48195,5187.649049816753,3200.5824006658077,11976,386.3225806451613,235.4219704110534
39699,none,5,edge-5,50.582,12.25,4480.33871303699,3054.691425018713,3882,125.2258064516129,181.00471602167332
39729,none,9,edge-9,42.004,23.088,5403.033677709846,2194.247811920141,120,3.870967741935484,105.7567803041629
39739,none,3,edge-3,48.286,8.484000000000002,4208.452567829533,2798.098521163066,16611,535.8387096774194,112.80544752772357
39747,none,4,edge-4,46.7308474,13.692178129999999,4603.356484393043,2631.183348294002,16441,530.3548387096774,344.86132777816584
39769,none,8,edge-8,47.824,14.642,4668.529078526271,2756.5121571271065,38379,1238.032258064516,336.3972986344605
39773,none,2,edge-2,51.96,6.25,4063.3595182934023,3212.1777662873615,14452,466.19354838709677,46.0746188425508
39793,none,9,edge-9,42.264,24.536,5515.995113249082,2244.596232815346,16471,531.3225806451613,59.59628471484146
39823,none,5,edge-5,53.958,10.97,4384.681962601734,3428.309589960751,8979,289.64516129032256,208.16134884783284
39897,none,3,edge-3,48.275999999999996,14.242000000000003,4635.813843309617,2804.87875315749,11291,364.2258064516129,336.80477709552986
39921,none,4,edge-4,45.52231444,9.36930156,4271.653231870225,2490.1971460960776,16471,531.3225806451613,88.76835226317644
39923,none,4,edge-4,45.30175411,9.7564736,4301.869569839688,2465.54402598228,16212,522.9677419354839,50.94943716508649
39937,none,9,edge-9,42.739999999999995,23.34,5410.206546600062,2278.4506848881542,16578,534.7741935483871,56.76674666796504
39941,none,7,edge-7,54.49274974,18.44004669,4866.616622391186,3519.306307058828,12222,394.258064516129,330.95378874137236
39947,none,9,edge-9,43.202637300000006,27.9097946,5764.931631605348,2406.1914588649765,12948,417.6774193548387,324.1722275883758
39949,none,1,edge-1,48.102,-1.652,3456.8711116052423,2844.8687366162803,7116,229.5483870967742,432.75869142109343
39954,none,1,edge-1,51.516,-0.47,3597.0889202896205,3208.1952939575444,15485,499.51612903225805,112.4318805478645
40039,none,7,edge-7,51.17347585,17.11272955,4817.532309429577,3142.228331688074,7902,254.90322580645162,146.41288371845022
40045,none,3,edge-3,48.122,11.422,4426.912167557275,2779.7352172939645,34110,1100.3225806451612,146.78061608112196
40073,none,5,edge-5,52.256,9.356,4277.024433988763,3238.6793974790676,16629,536.4193548387096,184.07848538926459
40117,none,7,edge-7,50.228,18.936,4956.875676000067,3051.6856114170905,12922,416.83870967741933,148.0048657206542
4012,none,3,edge-3,48.682,9.024,4249.107592539698,2841.4361381489557,16626,536.3225806451613,57.060644961995166
40155,none,8,edge-8,48.202,16.334,4791.391225931962,2807.797964721329,16246,524.0645161290323,231.1823002330144
40205,none,9,edge-9,42.592,23.414,5418.898257113492,2263.3300287841316,16602,535.5483870967741,50.40772435239172
4022,none,8,edge-8,48.26,16.432,4798.100934150166,2814.8539465685208,16251,524.2258064516129,228.16079279248575
4024,none,5,edge-5,51.002,13.668,4578.354416454675,3105.419956061901,7869,253.83870967741936,174.53603709758056
40251,none,7,edge-7,50.01369959,22.01811701,5178.067289940149,3059.462671741695,8919,287.7096774193548,265.7936958021699
40276,none,7,edge-7,52.768,16.93,4787.948311761323,3317.739194741582,11268,363.48387096774195,202.3385615750287
40309,none,9,edge-9,43.84059011,25.95387787,5596.043981956002,2439.9585999797278,7349,237.06451612903226,206.7180597040518
40315,none,4,edge-4,45.64,11.302,4422.647635717192,2503.937445336798,14517,468.2903225806452,124.26603054500825
40356,none,7,edge-7,50.733756756756755,19.17927027027027,4967.110463813358,3109.7155573412697,148,4.774193548387097,91.12529254794045
40370,none,3,edge-3,48.99474835,9.139229,4257.9927938504525,2876.0970149703894,15062,485.8709677419355,48.501188616694854
40384,none,9,edge-9,42.36600000000001,23.818,5455.819055033296,2244.611301364336,13492,435.2258064516129,35.66472793631831
40412,none,9,edge-9,42.6998932,24.178309140000003,5478.537179402365,2286.6113817185656,7733,249.4516129032258,14.13262062531602
40460,none,7,edge-7,51.138,16.952,4806.724884675444,3137.2163799974714,13446,433.741935483871,158.3204541308688
40490,none,5,edge-5,52.302,10.572,4360.018819595304,3243.7567189979864,9951,321.0,101.44844037543322
40518,none,2,edge-2,52.13577945000001,4.65768814,3955.589476622175,3238.5139384160075,13417,432.80645161290323,97.3057345812163
40524,none,4,edge-4,46.61136455,13.53875309,4592.243536419025,2617.354404115419,8079,260.61290322580646,327.67147515401126
40544,none,4,edge-4,43.45711285,11.88414663,4473.872909218159,2262.8803899134964,9937,320.5483870967742,215.5202499940243
40560,none,2,edge-2,51.80673411,4.71691132,3956.9764728909777,3201.6880685070987,16423,529.7741935483871,78.63577357444636
40574,none,3,edge-3,49.02,8.644,4221.797286169024,2879.449573665014,16610,535.8064516129032,84.11024713675036
40592,none,9,edge-9,42.832,23.918,5455.04049643331,2297.0785031543,14914,481.0967741935484,22.091608083392764
40596,none,3,edge-3,48.80553158967391,9.82,4307.773554729568,2854.709069994709,17664,569.8064516129032,6.151398443312726
40608,none,9,edge-9,42.60131195,23.02645862,5387.379339464476,2258.765620434524,16574,534.6451612903226,82.00075872365736
40612,none,8,edge-8,44.894,20.286,5132.0369764027855,2476.24946844892,15929,513.8387096774194,269.7000971255244
40616,none,9,edge-9,42.59346549,23.114180269999995,5394.618907880338,2259.156071171767,16622,536.1935483870968,74.89216433188662
40650,none,9,edge-9,42.826,23.992,5461.106147215535,2297.544068445059,14130,455.80645161290323,19.939884992590642
40686,none,7,edge-7,50.14597569,19.18440074,4975.574268796349,3044.8079293886067,32267,1040.8709677419354,156.5599178737009
40724,none,10,edge-10,50.3812967,30.37940425,5749.105152411327,3230.5565578839405,218,7.032258064516129,137.25991108917705
40730,none,3,edge-3,50.07,8.436,4209.028715598206,2996.4891184316207,15993,515.9032258064516,166.73495706219816
40734,none,1,edge-1,47.63703428,-2.12153882,3414.18482690344,2799.3691597974516,19962,643.9354838709677,484.28238421210074
4075,none,5,edge-5,53.52199999999999,9.806,4308.1315201226025,3379.3806077402814,16073,518.483870967742,210.54466694376856
40766,none,5,edge-5,52.556,13.376,4549.883557547288,3277.178798905119,15882,512.3225806451613,98.47371183001486
40788,none,2,edge-2,52.494,7.546,4154.359043885125,3267.778103303229,16253,524.2903225806451,151.49467394953007
40794,none,7,edge-7,51.886,15.604,4706.408934196389,3212.136289580723,4776,154.06451612903226,246.13868500309096
40798,none,9,edge-9,43.31384856,27.15465456,5702.662149203539,2403.993161388986,10067,324.741935483871,267.02259157719493
4085,none,2,edge-2,50.858,6.572,4079.723630363688,3088.5984930975947,9750,314.51612903225805,101.6227812939266
40850,none,9,edge-9,41.61,25.38,5597.969117786577,2187.1239253826934,2394,77.2258064516129,159.70942936692958
40872,none,9,edge-9,43.264,26.94,5686.877069858091,2394.632716247237,15201,490.35483870967744,248.69163061982604
40890,none,8,edge-8,47.54967411,19.118523000000003,5005.843682179499,2757.3867186792327,16477,531.516129032258,44.994543211479225
40898,none,3,edge-3,49.22927355,8.52049207,4213.222031773107,2902.887394144097,12149,391.9032258064516,100.27059521603161
40908,none,8,edge-8,47.53,18.982,4995.905462946171,2753.9583468719234,1225,39.516129032258064,41.85750182376918
40918,none,7,edge-7,50.248,19.032,4963.396610729422,3054.7339258784446,13096,422.4516129032258,145.31335019604208
40920,none,7,edge-7,50.28,19.026,4962.53950600867,3058.218198857908,20016,645.6774193548387,141.77472634344187
40946,none,5,edge-5,50.264,11.918,4457.7512023112895,3018.661385258458,15008,484.1290322580645,216.03038435500997
40982,none,7,edge-7,50.304,19.028,4962.35602490139,3060.8883824905015,19294,622.3870967741935,139.09827005087
40998,none,4,edge-4,45.944,12.48,4513.508696694686,2539.9997966439214,16524,533.0322580645161,218.89879555234734
41000,none,8,edge-8,46.78068882,15.53866714,4743.917152380991,2645.4863686392678,5981,192.93548387096774,266.6951137562741
41006,none,7,edge-7,51.1613268,16.92611933,4804.678325046824,3139.6299795712225,18133,584.9354838709677,159.2787596329292
41040,none,7,edge-7,50.12200000000001,18.972,4960.846563852809,3040.28211495706,12788,412.51612903225805,159.56826855662706
41044,none,7,edge-7,49.806,18.774,4950.946695138219,3003.635282118454,13192,425.5483870967742,195.98643199203627
41062,none,9,edge-9,42.662,23.352,5412.6034460804485,2270.087315192286,16597,535.3870967741935,55.014834527959934
41078,none,9,edge-9,42.662,23.352,5412.6034460804485,2270.087315192286,16006,516.3225806451613,55.014834527959934
41102,none,7,edge-7,50.190000000000005,19.178,4974.5159707927905,3049.6155440288626,52,1.6774193548387097,151.64860354986445
41106,none,5,edge-5,52.53,13.188,4537.274818586748,3273.7129526883523,16592,535.2258064516129,85.63559279657126
41140,none,3,edge-3,48.784,9.191999999999998,4261.603554123504,2852.6248362511415,7383,238.16129032258064,42.273544011886095
41164,none,7,edge-7,51.92626579,22.36765444,5167.064322378383,3273.8306770178388,12881,415.51612903225805,227.29228811390414
41218,none,2,edge-2,50.96,7.138,4119.976402821279,3098.225729894564,13981,451.0,118.94627478981205
41230,none,7,edge-7,50.428,19.218,4974.057738382553,3076.271706858954,39900,1287.0967741935483,125.26244710148407
41234,none,9,edge-9,42.686,23.352,5412.163950637968,2272.7142195865863,16048,517.6774193548387,55.11249031904886
41246,none,8,edge-8,47.526,18.986,4996.25660057665,2753.553050525882,16427,529.9032258064516,41.40610841330471
41254,none,11,edge-11,59.92799999999999,30.306,5441.190093163431,4253.918165859304,9052,292.0,586.3709749803543
41264,none,3,edge-3,48.714,9.414,4277.861838033931,2844.6890251011173,16210,522.9032258064516,29.27775501055809
41270,none,9,edge-9,42.659717449999995,23.359656039999997,5413.2636900447715,2269.948824754553,15894,512.7096774193549,54.3839951822666
41306,none,7,edge-7,50.376,19.152,4970.124317470451,3069.93844059672,16396,528.9032258064516,130.9079969579521
41312,none,9,edge-9,41.648,24.568,5530.7814298769845,2177.8598183677223,6620,213.5483870967742,119.15237690544818
41322,none,7,edge-7,51.7702129,19.44009744,4970.53866881042,3226.5532023141877,3917,126.35483870967742,32.56950943101419
4133,none,2,edge-2,51.038,7.008,4111.204123473514,3107.2622362852353,16473,531.3870967741935,106.37843252829533
41334,none,4,edge-4,46.428,6.256,4033.050983901185,2597.784273225602,16613,535.9032258064516,343.9540578335209
41379,none,9,edge-9,42.71034766,24.1349566,5474.842739839067,2287.0863810444444,15961,514.8709677419355,11.656735398883562
41467,none,7,edge-7,53.699999999999996,19.958,4976.382236876652,3444.3115204879487,7639,246.41935483870967,245.88316453232383
41513,none,11,edge-11,59.94,30.28,5439.404840453604,4254.788573333397,15789,509.3225806451613,588.3557926739503
41515,none,8,edge-8,48.02,16.72,4821.7606041945355,2790.173039477985,9652,311.35483870967744,196.28084655296556
41573,none,8,edge-8,47.87,19.006,4993.236836876409,2791.733517364685,16393,528.8064516129032,79.6684906586185
41600,none,9,edge-9,44.5176156,25.984264610000004,5583.335319325818,2514.2481943636517,11207,361.51612903225805,262.9135079648614
41614,none,7,edge-7,52.27266193,20.4452616,5031.171637946625,3291.4088398871786,16465,531.1290322580645,121.06848379853056
41624,none,7,edge-7,50.306,18.926,4955.124698364681,3060.221197840833,12842,414.258064516129,139.426392848219
41626,none,9,edge-9,42.67928568,23.299121260000003,5408.016453951353,2271.2122142413214,7429,239.6451612903226,59.403944007801
41654,none,2,edge-2,52.03000000000001,7.11,4122.713197808219,3217.2698995299997,16582,534.9032258064516,98.64214859693121
41670,none,5,edge-5,51.0000453,12.77930099,4516.0498567475815,3102.453915676469,16526,533.0967741935484,143.19262316042457
41688,none,9,edge-9,42.686,23.362,5412.971385686068,2272.8596127395213,16567,534.4193548387096,54.29430093588233
41703,none,3,edge-3,48.80800000000001,9.006,4247.966714488336,2855.4598358305384,14073,453.96774193548384,55.537678176482885
41706,none,7,edge-7,51.096,17.19,4823.749571396215,3134.172183050228,14603,471.06451612903226,144.1876212110902
41800,none,8,edge-8,47.46,19.034,5000.709839355813,2746.7031636394254,16616,536.0,34.17604432842206
41843,none,5,edge-5,52.53,13.188,4537.274818586748,3273.7129526883523,16656,537.2903225806451,85.63559279657126
41862,none,1,edge-1,57.134,-2.136,3589.4225347125384,3843.478836366468,16217,523.1290322580645,574.7205036898893
41870,none,9,edge-9,42.67915395,23.29633981,5407.7942106914425,2271.157528785363,3460,111.61290322580645,59.631217497507414
41898,none,1,edge-1,53.366,-1.498,3559.2396831558663,3422.5657545491617,16482,531.6774193548387,156.92399401593715
41947,none,9,edge-9,42.184,24.848000000000003,5542.888759123731,2240.880698528102,5618,181.2258064516129,84.71945435857617
41959,none,8,edge-8,47.821526,19.03800845,4996.251808341546,2786.6710040076173,1348,43.483870967741936,74.34372883809117
41967,none,5,edge-5,53.068,8.818,4241.76753947135,3329.4861655997584,15764,508.51612903225805,238.9133742407956
41975,none,3,edge-3,48.59855245,8.8827014,4238.562861750564,2832.3085418624682,16613,535.9032258064516,70.11622404851755
41989,none,9,edge-9,42.27809507,23.22504401,5409.292790675832,2226.2260151780615,16438,530.258064516129,77.83468968074386
42001,none,3,edge-3,48.39,10.856,4384.421852283561,2808.8701837870003,14759,476.0967741935484,95.29762920829178
42003,none,10,edge-10,50.506,30.831999999999997,5775.960972256935,3252.9305199830355,10344,333.6774193548387,170.52958295580072
42049,none,3,edge-3,48.68531664,9.0055114,4247.7506780364065,2841.8229999537593,16096,519.2258064516129,58.237551240611474
42067,none,10,edge-10,47.028,28.820000000000004,5735.240730591698,2838.236850373101,9946,320.83870967741933,279.2320385924719
42087,none,5,edge-5,52.19135773,11.04497999,4392.458266853677,3231.804707799971,15965,515.0,68.66056925587068
42105,none,2,edge-2,51.472,5.712,4023.2541543704588,3159.998957028904,16532,533.2903225806451,20.364749024849676
42111,none,2,edge-2,52.174,5.456,4010.3701866696665,3239.0533405277106,16187,522.1612903225806,64.45995561642052
42125,none,4,edge-4,44.59400000000001,11.046,4404.213071346393,2387.579898206726,14729,475.1290322580645,82.94977164161496
42163,none,1,edge-1,54.412,-1.2619999999999998,3593.037777232327,3535.288043976801,16587,535.0645161290323,274.51492529068895
42169,none,9,edge-9,43.858,25.974,5597.237837328057,2442.199216565781,16270,524.8387096774194,209.2141909771526
42189,none,11,edge-11,55.762286409999994,37.734659670000006,6012.905964282009,3961.218349127759,8027,258.93548387096774,65.6410200600486
42297,none,8,edge-8,47.456,19.016,4999.415639355646,2746.0960996006365,13243,427.19354838709677,33.645662303730894
42337,none,2,edge-2,51.467999999999996,5.464000000000001,4006.031092408296,3160.5952872962735,3,0.0967741935483871,31.520285727373277
42375,none,9,edge-9,42.633663,24.806808,5530.452578662667,2289.289542545227,4168,134.4516129032258,64.39191152887179
42411,none,1,edge-1,51.112,0.984,3691.4606131437454,3150.0960583575607,16411,529.3870967741935,223.06682470094572
42431,none,8,edge-8,47.466,19.024,4999.883045799301,2747.2739802188485,5491,177.1290322580645,34.78794069329545
42437,none,8,edge-8,47.4733242,19.03760344,5000.804408483078,2748.2078720631266,16616,536.0,35.67625248532256
42451,none,7,edge-7,51.138000000000005,17.17,4821.900600132682,3138.6884019378776,2641,85.19354838709677,143.86752193778196
42455,none,7,edge-7,52.17788655,21.04142085,5072.9529882294355,3286.9540485853363,9283,299.4516129032258,149.00314455121716
42503,none,9,edge-9,43.218,27.906,5764.253460293541,2407.7841806815113,46922,1513.6129032258063,324.18095546947694
42519,none,8,edge-8,47.52,18.92,4991.402514982145,2752.2897070331014,13582,438.1290322580645,41.136282392775854
42591,none,1,edge-1,53.342,-6.216,3251.2456054683926,3479.6721269427467,16178,521.8709677419355,327.31154857064456
42601,none,3,edge-3,48.856,9.088,4254.055919069355,2860.7177906499132,15940,514.1935483870968,49.36300672232097
42633,none,1,edge-1,53.304,-6.284,3245.8943281065385,3476.5436453173947,17358,559.9354838709677,329.57698814092396
42671,none,11,edge-11,55.426,37.756,6028.650364348264,3926.777787940314,7711,248.74193548387098,103.25770502430021
42679,none,2,edge-2,51.14942425,4.80718475,3957.9969325482216,3128.2663782412683,7564,244.0,89.42014522438213
42705,none,9,edge-9,42.594,23.414,5418.861499891929,2263.54890315175,9850,317.741935483871,50.37744773022539
42747,none,3,edge-3,48.8108013,9.2278113,4264.266519651549,2855.5759623579847,8066,260.19354838709677,39.27504900947664
42761,none,8,edge-8,47.638,19.026,4997.774276483447,2766.289651881509,6210,200.32258064516128,53.905755243390786
42779,none,0,edge-0,41.09075913,-8.11802778,2808.6325129263087,2181.4196785610056,408,13.161290322580646,603.2438254173592
42841,none,3,edge-3,46.898,7.66,4142.564829168313,2645.5383296856266,16616,536.0,267.2845795367719
42847,none,5,edge-5,49.91599999999999,14.535999999999998,4646.580638183681,2988.231235334012,3897,125.70967741935483,308.4615454998494
42849,none,7,edge-7,52.27590421,21.04625612,5071.624391917377,3297.803902174612,2380,76.7741935483871,154.58270265563152
42859,none,11,edge-11,56.97,40.998,6139.6501876852235,4166.229631022699,7339,236.74193548387098,220.97025032836373
42911,none,4,edge-4,45.95588624,13.63201618,4602.803424248114,2544.9892855534404,16550,533.8709677419355,300.0948500278255
42921,none,11,edge-11,55.85095101,37.34859109,5986.940614409255,3961.339900563653,8487,273.7741935483871,55.852279370875834
43055,none,8,edge-8,48.130173500000005,22.3109285,5232.981508138712,2855.9051552954406,15095,486.93548387096774,271.81420098437763
43071,none,8,edge-8,47.952,21.714,5192.2495348586435,2829.0954975234245,16607,535.7096774193549,223.0719888337445
43095,none,2,edge-2,51.51726,5.3916756,4001.361797149229,3166.3811652443756,15693,506.2258064516129,32.96149928662559
43115,none,5,edge-5,50.068,14.452,4639.547522429156,3004.741269894751,15750,508.06451612903226,291.07331651007087
43125,none,2,edge-2,50.78799999999999,7.318,4131.915733603408,3078.623557682717,7989,257.7096774193548,141.12238738365983
43147,none,3,edge-3,48.266,7.402,4128.0789836547565,2798.114577700336,16623,536.2258064516129,185.59075711049138
43153,none,3,edge-3,49.064,9.29,4269.10140421868,2883.678384746682,16499,532.2258064516129,42.231653897138834
43155,none,5,edge-5,51.018,13.586000000000002,4572.5197138125295,3106.9127678654413,6650,214.51612903225808,169.54189272813426
43161,none,2,edge-2,52.342,5.528,4016.4362424549445,3257.412308341863,15810,510.0,80.58743283301618
43207,none,1,edge-1,51.514825,-0.179171,3617.0259005832286,3205.2175454138305,18876,608.9032258064516,130.59994349119427
43217,none,9,edge-9,42.686,23.3,5407.9649341891445,2271.959919460741,19455,627.5806451612904,59.36822825855397
43233,none,9,edge-9,42.62898978,23.33784968,5412.06404416614,2266.2685569340692,14767,476.35483870967744,56.25221974547442
4326,none,3,edge-3,49.826,10.88,4384.326720038613,2968.5388498855104,40572,1308.774193548387,136.17695307501185
43267,none,7,edge-7,54.074814550000006,18.76997262,4893.551831867725,3475.6372938686422,6009,193.83870967741936,282.1877619129355
43281,none,6,edge-6,63.274,18.683999999999997,4757.803373875231,4490.501863294217,15748,508.0,380.32967897945196
43283,none,1,edge-1,53.06870967,-2.04217762,3518.0390927289595,3395.7337113244107,16491,531.9677419354839,121.51035693108896
43298,none,11,edge-11,55.64,37.532,6006.512479769048,3943.7006685658157,9549,308.03225806451616,78.31035711064074
43312,none,8,edge-8,48.3,16.352,4791.8108450374875,2818.772501070477,16469,531.258064516129,235.54112854109007
43364,none,1,edge-1,52.42399999999999,-1.948,3512.4210127587753,3323.7823814888507,16127,520.2258064516129,49.366526398542455
43420,none,1,edge-1,51.514,-0.178,3617.0935316361106,3205.115202219098,16242,523.9354838709677,130.7117012485694
43436,none,1,edge-1,51.444,-2.018,3489.7947219953803,3216.7783855725374,16131,520.3548387096774,60.3501996204208
43450,none,9,edge-9,42.266,23.11,5400.1515209673935,2223.2439743211876,12158,392.19354838709677,86.70022101326013
4346,none,3,edge-3,49.86600000000001,7.986,4176.205456181121,2974.593701000774,16240,523.8709677419355,171.8491007806278
43488,none,9,edge-9,41.932,25.554000000000002,5605.397956786806,2225.1715884597497,16220,523.2258064516129,148.33715952850218
43503,none,8,edge-8,48.18399999999999,16.298,4788.891398741759,2805.574501996356,16585,535.0,232.5641462126058
43545,none,8,edge-8,46.77289011,23.62206888,5355.713750559944,2724.2224431511245,16211,522.9354838709677,353.86440193772967
43547,none,7,edge-7,51.30647741,18.13355016,4886.8375187217225,3164.3837181973076,2151,69.38709677419355,74.27970073593208
43549,none,3,edge-3,49.8257471,9.8816834,4312.485404380183,2968.138180529074,7883,254.29032258064515,109.49210398707764
43553,none,9,edge-9,42.696,23.218,5401.160872443241,2271.871202832877,15914,513.3548387096774,66.14408996049063
43621,none,2,edge-2,50.77,7.298,4130.433043519164,3076.674230192692,15921,513.5806451612904,141.4718061171594
43691,none,7,edge-7,52.190000000000005,21.226,5085.200995781537,3290.212731403894,2540,81.93548387096774,160.90068097205642
43707,none,1,edge-1,53.392,-6.248,3250.4280561268033,3485.589716865847,14334,462.38709677419354,331.67890642189207
43741,none,3,edge-3,48.70799999999999,9.29,4268.727634680911,2844.102289697175,16337,527.0,37.737828696915834
43745,none,5,edge-5,53.048,8.732,4235.9641961460575,3327.3580828974227,19659,634.1612903225806,243.43271916592866
43757,none,4,edge-4,41.866,12.462,4526.126909255314,2088.1123755704134,16519,532.8709677419355,388.0946581458417
43767,none,7,edge-7,49.60642729,22.093001600000004,5190.687176583096,3015.5544806527982,13336,430.19354838709677,301.233259993753
43814,none,11,edge-11,55.706,37.656,6010.8158601722125,3953.5012792024286,12030,388.06451612903226,71.23662505659242
43818,none,8,edge-8,47.36,18.984,4998.27398144033,2735.1998999330494,6171,199.06451612903226,22.958108708223655
43820,none,2,edge-2,52.476,6.046,4052.4849399818627,3270.2622275010635,16498,532.1935483870968,94.14596374965761
43838,none,4,edge-4,46.256,7.534,4130.679928149696,2574.586620589405,16565,534.3548387096774,249.93365641147653
43864,none,6,edge-6,59.83209665,17.69174516,4752.452401313075,4104.689907284078,16131,520.3548387096774,6.430619984535537
43878,none,3,edge-3,48.184,11.268,4415.328134497395,2786.416175352439,13897,448.2903225806452,133.4246780547788
4392,none,2,edge-2,51.938,8.488,4217.024165752548,3204.179628757798,26543,856.2258064516129,186.74712805911358
43934,none,9,edge-9,42.706,23.306,5408.084376668632,2274.236097004604,5004,161.41935483870967,59.04212434138195
43965,none,9,edge-9,42.72542352000001,24.11826253,5473.206285356626,2288.4777162950763,7846,253.09677419354838,11.775686181085577
43977,none,9,edge-9,42.72302096,24.10787031,5472.4160183886215,2288.0555890193527,7835,252.74193548387098,11.008325519353296
4398,none,3,edge-3,49.72,7.295999999999999,4126.031574882613,2959.959873886133,16054,517.8709677419355,204.06840423179514
43981,none,7,edge-7,53.20042174999999,19.64227259,4963.208183306726,3386.327581980885,619,19.967741935483872,187.03258789261758
44001,none,9,edge-9,42.892,24.71,5517.4459966467675,2315.9406015230265,7327,236.3548387096774,62.851212093898006
44027,none,11,edge-11,55.698,37.46,5999.880544676436,3948.0358765863994,16469,531.258064516129,71.95589351185609
44044,none,7,edge-7,52.396,16.796,4782.835026933769,3275.6460211623344,4890,157.74193548387098,185.67355897620547
44079,none,3,edge-3,49.078,12.878,4531.254563786064,2889.094563882809,16580,534.8387096774194,229.84021428532967
44085,none,7,edge-7,49.96930469,20.513480899999998,5072.372066601407,3038.0549395364724,15318,494.1290322580645,201.3375519548325
4410,none,2,edge-2,51.408,7.208,4126.786184485932,3147.8455162575383,16244,524.0,99.50799731910948
44103,none,9,edge-9,42.178,24.741999999999997,5534.4135730737,2238.508598721668,14728,475.0967741935484,78.39934508376585
44113,none,2,edge-2,51.484,4.456,3936.314052381124,3167.2025370436772,5038,162.51612903225808,96.40443382701304
44131,none,3,edge-3,48.726,9.248,4265.655565333235,2846.13384403832,16614,535.9354838709677,39.87540009297532
44138,none,11,edge-11,55.94199999999999,37.314,5981.072896739028,3970.0104938664585,7816,252.1290322580645,46.49482750682715
44140,none,2,edge-2,51.048,4.686,3948.7267446878923,3117.616989354203,16041,517.4516129032259,103.12866185367353
44144,none,2,edge-2,51.92,4.492,3942.4645676802957,3215.4069278540774,3958,127.6774193548387,96.96440563215202
4415,none,9,edge-9,42.67,23.398,5416.171984707092,2271.6327924267443,2432,78.45161290322581,51.26158933174891
44164,none,2,edge-2,50.36397708,7.99272269,4178.186605068507,3029.948417772832,6948,224.1290322580645,208.26564062998162
44198,none,11,edge-11,55.512,37.764,6025.403442748828,3935.907973037312,16545,533.7096774193549,93.73813202177314
44253,none,2,edge-2,51.19970738999999,6.82560235,4099.2010619189,3125.7770718092215,15989,515.7741935483871,85.27006781311663
44297,none,3,edge-3,47.45000000000001,8.654,4219.426430648709,2704.966592658182,16150,520.9677419354839,175.45285187990171
44339,none,5,edge-5,51.45989855,13.5354647,4566.609279907014,3155.853992861911,8757,282.48387096774195,131.72785290905074
44343,none,1,edge-1,51.46439645,-0.25848929,3610.797074377348,3200.422469870154,15872,512.0,128.09435326083857
44353,none,7,edge-7,53.19600663999999,19.657215179999998,4964.262455418495,3385.9724694370975,326,10.516129032258064,186.74305966051497
44357,none,7,edge-7,53.18977831,19.63957429,4963.188182863769,3385.128260201477,12513,403.64516129032256,185.83416704477273
44389,none,2,edge-2,53.32401738,6.89936846,4114.447873565588,3361.7452838426843,16207,522.8064516129032,201.04110992606655
44401,none,2,edge-2,53.13682226,8.18473935,4199.520117972821,3338.0185899735393,38480,1241.2903225806451,231.36828957061942
44441,none,7,edge-7,52.268,20.944000000000003,5064.86914391219,3295.8818841171337,15945,514.3548387096774,148.17090566454976
44453,none,7,edge-7,52.16400000000001,21.236,5086.321730474841,3287.4540950795536,8058,259.93548387096774,160.30006019870672
44457,none,3,edge-3,49.316,8.557999999999998,4216.139685012708,2912.4746981171766,16307,526.0322580645161,102.32066207655882
44471,none,4,edge-4,41.78624186,12.43866116,4524.447801490309,2079.2270593540516,9506,306.64516129032256,394.93889125607706
4449,none,2,edge-2,51.87,6.16,4056.654897253145,3202.497524209865,16013,516.5483870967741,34.45535695260944
44585,none,7,edge-7,52.24630794,20.8653599,5059.930577348827,3292.689287545096,16445,530.483870967742,142.34455274272153
44683,none,7,edge-7,53.1869499,18.0863209,4860.291186336737,3372.1619754187814,16517,532.8064516129032,195.51000367445667
4469,none,9,edge-9,42.666,23.292,5407.683497322129,2269.654812637054,5112,164.90322580645162,59.944009417802754
44697,none,8,edge-8,47.48,19.354,5024.369865146894,2751.9041890166413,16440,530.3225806451613,45.24435200004129
44734,none,1,edge-1,52.44599999999999,-1.93,3514.028315448276,3326.0021461341066,40571,1308.741935483871,51.780390016950356
44751,none,3,edge-3,48.22399999999999,11.47,4430.266759816488,2791.1396464987492,16584,534.9677419354839,143.89613982461486
44825,none,2,edge-2,47.928,2.138,3734.424277638,2788.3955186053963,8082,260.7096774193548,490.5740333203871
44872,none,7,edge-7,51.06,17.226,4826.6508403017,3130.431946503808,11257,363.1290322580645,143.37549247506846
44902,none,3,edge-3,50.58330882999999,8.80372345,4236.2743798529755,3053.081420367944,13484,434.96774193548384,205.33526874131925
44908,none,3,edge-3,50.58337354,8.80380392,4236.280195103593,3053.0885244980336,13485,435.0,205.34008205295626
44926,none,2,edge-2,51.21,7.656,4157.231482992513,3124.731055125621,16239,523.8387096774194,136.16447704522224
44934,none,0,edge-0,43.614,1.442,3630.1236407936285,2317.808813123792,16356,527.6129032258065,271.25266886003
45038,none,10,edge-10,49.45199435000001,26.927522419999995,5536.1438942104505,3067.448582209154,16270,524.8387096774194,150.59688971396665
45040,none,2,edge-2,53.574,7.77,4173.285774281509,3387.4220239298534,16534,533.3548387096774,252.28980748160973
45042,none,2,edge-2,52.09599999999999,4.41,3938.3452199855437,3235.3702429539694,9297,299.9032258064516,109.70485375718988
45050,none,1,edge-1,48.048,-1.9279999999999997,3435.6637956077625,2842.2032508001707,6948,224.1290322580645,438.33011806271634
45054,none,2,edge-2,50.79982277,7.29717761,4130.496730301277,3079.991985197291,26,0.8387096774193549,139.15136069098253
45058,none,7,edge-7,50.67680784,17.97251433,4883.27090552936,3093.447623982932,16557,534.0967741935484,126.59886716779907
45071,none,3,edge-3,48.906,9.14,4257.936283676255,2866.230230533004,38743,1249.774193548387,46.02120542931382
45078,none,9,edge-9,42.622,25.416,5579.679648130275,2298.037183189658,16528,533.1612903225806,114.38941682649684
45121,none,3,edge-3,50.12372625,8.647011540000001,4224.242435548301,3002.163417921734,16236,523.741935483871,163.56363594930713
45193,none,7,edge-7,50.3588479,20.1625042,5041.553474124201,3077.498095038925,15869,511.9032258064516,151.30104161358483
45217,none,1,edge-1,53.36547943,-1.8250715700000002,3537.781567701956,3425.99746531366,11728,378.3225806451613,154.42760512228332
45223,none,8,edge-8,48.18076211,15.25840849,4711.847670117814,2799.1689551402646,14972,482.96774193548384,302.84475916976396
45241,none,3,edge-3,48.308,11.664,4444.479093547939,2800.7798465455608,8288,267.35483870967744,152.6388180733704
45249,none,3,edge-3,48.48921795,9.21443671,4262.911322630825,2819.8399887586415,16583,534.9354838709677,56.33773393998312
45253,none,10,edge-10,50.52,30.486,5752.111395216961,3247.5782533780316,45939,1481.9032258064517,153.59729126469315
45255,none,7,edge-7,52.078,21.014,5072.781998199091,3275.664402374242,16569,534.483870967742,142.534698272094
45263,none,1,edge-1,53.34788,-1.747276,3542.562060992105,3423.2224253659083,9778,315.4193548387097,152.76883824172754
45275,none,9,edge-9,43.78,25.948,5596.924338260201,2433.2565643156345,16123,520.0967741935484,202.0913820904475
4528,none,2,edge-2,51.52,6.818,4100.217808318883,3161.405840778362,4033,130.09677419354838,70.22310307707254
45303,none,1,edge-1,57.16387153,-2.27852583,3581.5172403224897,3848.2244348748427,16245,524.0322580645161,578.3382614903527
45309,none,3,edge-3,48.68692685,8.95617753,4244.119730807396,2842.052209616328,13567,437.64516129032256,61.652324869491814
45323,none,3,edge-3,50.2,8.674,4226.323893309676,3010.610333621144,7966,256.96774193548384,170.05124597304214
45327,none,10,edge-10,49.67799999999999,24.56,5364.100871625882,3055.6037796801356,13718,442.51612903225805,320.8998406045544
45369,none,11,edge-11,55.25,37.668,6031.113428407656,3906.368274964988,15722,507.16129032258067,122.45035918898867
45371,none,11,edge-11,55.59101045,37.54126489,6009.146471728133,3938.8233147349047,16483,531.7096774193549,83.8207070807312
45385,none,3,edge-3,49.50522736,8.59677762,4219.354049472961,2933.458127026217,19686,635.0322580645161,112.26033477405697
45391,none,1,edge-1,53.349933,-1.689638,3546.379966517603,3422.8302796234498,14562,469.741935483871,153.33644308301123
45399,none,2,edge-2,52.095706820000004,5.13787597,3988.0766694847985,3231.7624548901276,16210,522.9032258064516,69.1935689202334
45401,none,2,edge-2,51.87345397,4.58384961,3948.3785534447184,3209.7669787688205,12969,418.35483870967744,89.39287993401878
45403,none,2,edge-2,51.976,5.326,4000.0817961350717,3217.6229956753778,13200,425.80645161290323,50.64785904189387
45517,none,3,edge-3,49.44539385,7.75797822,4158.411468850241,2928.313556623527,16217,523.1290322580645,160.6851261675197
45521,none,2,edge-2,50.928,4.534,3937.1092884692093,3105.0837531838292,16341,527.1290322580645,119.9440791701681
45523,none,2,edge-2,51.68,5.394,4002.66355384477,3184.447033929488,16206,522.7741935483871,30.031710416523403
45541,none,3,edge-3,49.68,8.608,4220.529400816887,2952.874836157169,16045,517.5806451612904,125.19481293993313
45591,none,5,edge-5,54.506207,9.636201,4297.427320825833,3488.9486924683615,16615,535.9677419354839,302.3819539216367
45595,none,5,edge-5,50.99531911,10.69189936,4369.574720932194,3098.451536047619,11015,355.3225806451613,164.08505515468252
45601,none,11,edge-11,55.7036623,37.66824574,6011.620696118105,3953.5487776132686,16381,528.4193548387096,71.57735625449652
45621,none,5,edge-5,51.522,10.702,4369.722884456555,3157.0505173292877,15607,503.4516129032258,119.86054056265867
45675,none,10,edge-10,50.466,30.405999999999995,5748.336044825681,3240.196168987027,6840,220.6451612903226,145.30692507178748
4570,none,2,edge-2,51.442,6.996,4112.203750188599,3152.210679479511,16213,523.0,84.29011468901982
4576,none,2,edge-2,51.874,8.43,4212.88289919754,3197.144320478904,16232,523.6129032258065,181.78531994703553
45763,none,5,edge-5,52.408,13.356,4549.2917885873385,3260.662370070461,9996,322.4516129032258,91.98251384041666
45777,none,9,edge-9,43.22916384,27.827510829999998,5757.789638948223,2407.4830840599757,4222,136.19354838709677,318.14174459983866
45793,none,9,edge-9,42.74,22.908,5375.335296177305,2272.2830584500907,40259,1298.6774193548388,91.84774367785117
45813,none,4,edge-4,45.408,10.962,4396.423337951581,2477.7889194880954,13423,433.0,87.35401560307268
4586,none,3,edge-3,50.118,8.952000000000002,4246.04241723496,3001.1696943635748,16126,520.1935483870968,153.27747131524225
45866,none,3,edge-3,49.59206735,10.95745805,4390.23462831768,2942.595669847906,9134,294.64516129032256,120.52447540543466
45872,none,1,edge-1,55.844,-3.2099999999999995,3498.3685576914786,3713.6130447751816,13238,427.03225806451616,438.9146742880329
45880,none,5,edge-5,51.077851,13.739914000000002,4582.965770573846,3114.1044860917546,16103,519.4516129032259,171.4537947678492
4590,none,3,edge-3,48.448,9.216,4262.979350144889,2815.2574243862987,16292,525.5483870967741,59.56986401650401
45917,none,2,edge-2,51.5093,7.43429166,4142.914503980514,3158.5326200227128,16395,528.8709677419355,112.60208333613531
45941,none,4,edge-4,46.008,8.978,4241.747460260548,2544.4414072798986,4002,129.09677419354838,150.00184744582285
45971,none,3,edge-3,48.98199999999999,8.393999999999998,4203.420415942833,2875.5934242261314,8341,269.06451612903226,101.33322063973475
45975,none,3,edge-3,49.6278311,8.3513705,4201.8816596267,2947.457892586059,14591,470.6774193548387,134.62681861115934
4598,none,3,edge-3,48.64600000000001,8.906,4240.358279680651,2837.556630821779,12184,393.03225806451616,66.58717649999544
45981,none,2,edge-2,53.13679651,8.18471467,4199.518394439929,3338.0157665507163,20108,648.6451612903226,231.3650938074459
45999,none,2,edge-2,51.56875433,8.09768289,4189.118360110598,3163.736566272474,16577,534.741935483871,157.7262531365563
46001,none,3,edge-3,48.272,11.18,4408.629930663311,2796.0872222944545,11353,366.2258064516129,122.62370056010737
46007,none,3,edge-3,50.188,8.524,4215.588940108338,3009.48045670769,10882,351.03225806451616,174.20101861291312
46015,none,1,edge-1,51.898,-0.874,3575.7064255268733,3254.3876043935034,16580,534.8387096774194,72.15662811362294
46033,none,3,edge-3,48.88644,9.00029,4247.663115723471,2864.1851393795314,16200,522.5806451612904,55.96520166026748
46045,none,5,edge-5,54.094,13.428,4545.2360089662125,3448.329583102592,6335,204.3548387096774,229.64685477052552
46075,none,2,edge-2,51.24398765,6.859195149999999,4101.757425252363,3130.5980984427033,9846,317.61290322580646,84.48082130855433
46081,none,1,edge-1,51.9070045,-0.6562845000000002,3590.6500798990405,3253.173626965606,16583,534.9354838709677,86.88827100072702
46095,none,1,edge-1,50.746,-2.716,3428.6730609207098,3148.3012769744405,16729,539.6451612903226,148.49447655617126
46105,none,10,edge-10,50.44024699,29.9481833,5718.016006637196,3228.5460623487584,15252,492.0,122.62961282749018
46111,none,11,edge-11,55.992,37.252,5975.392385971836,3973.773329200706,7704,248.51612903225808,42.61885846498404
46115,none,3,edge-3,49.144497,9.19472878,4262.233786626485,2892.69944744978,16172,521.6774193548387,53.17729567425394
46129,none,4,edge-4,45.186,5.79,3989.788097495612,2462.0140366173023,14443,465.9032258064516,341.4296237270899
46157,none,11,edge-11,55.60948516,37.53497213,6007.991641367473,3940.5963680166283,6838,220.58064516129033,81.74269709552136
46199,none,5,edge-5,52.104,10.03,4323.055567347229,3221.572317600054,16490,531.9354838709677,138.6234147088844
46223,none,2,edge-2,51.41,7.564,4151.545862002964,3147.1815901742466,16480,531.6129032258065,123.47496568900735
46291,none,9,edge-9,44.444,26.006,5586.671170123195,2506.594955141644,15410,497.0967741935484,257.6060368708854
46327,none,2,edge-2,51.24411006,6.54174954,4079.6171269793717,3131.612239198669,12649,408.03225806451616,66.67542247104853
46338,none,3,edge-3,48.82851,9.235728,4264.868142654725,2857.5384920188253,16606,535.6774193548387,38.550384636723216
46347,none,8,edge-8,47.83,19.046,4996.733601773478,2787.680111958039,6799,219.32258064516128,75.31432289679718
46379,none,9,edge-9,42.254,22.744,5370.564806653776,2216.7499018040235,16539,533.516129032258,114.48166124111695
46382,none,1,edge-1,52.974,-2.514,3485.109244190717,3390.6575974986426,15885,512.4193548387096,117.83987045865366
46392,none,3,edge-3,49.44799999999999,7.904,4169.00549434841,2928.2909006287473,16215,523.0645161290323,151.1852974507536
46406,none,1,edge-1,52.842345079999994,-1.35001212,3559.785172621777,3363.358799236715,14153,456.5483870967742,103.38177809784123
46408,none,8,edge-8,45.724,21.276,5196.190677684201,2578.819221872097,2385,76.93548387096774,235.75098885911808
46412,none,9,edge-9,42.012,24.87,5548.153189859212,2222.471524991816,16561,534.2258064516129,98.63011455214817
46448,none,10,edge-10,50.39,30.778,5775.900630723484,3239.381268272349,13824,445.93548387096774,159.47435254673147
46464,none,1,edge-1,48.148,-1.554,3464.8476875675046,2848.7869994084517,16229,523.516129032258,428.0169803391418
46480,none,4,edge-4,42.87473127,12.0415349,4488.284325788416,2198.712941614782,16187,522.1612903225806,274.62578923620305
46506,none,3,edge-3,49.808,9.968,4318.696286363573,2966.1581696587773,3465,111.7741935483871,108.22156142233533
46534,none,2,edge-2,52.008,4.752,3961.0018362023734,3223.858369205612,16484,531.741935483871,84.3877846948844
46583,none,3,edge-3,48.858,8.252,4192.7057380181,2862.047640182693,18659,601.9032258064516,110.72541514617066
46598,none,3,edge-3,48.858,8.252,4192.7057380181,2862.047640182693,5032,162.32258064516128,110.72541514617066
46612,none,2,edge-2,52.49196320000001,6.8663525,4108.226630629101,3269.3235623683795,16535,533.3870967741935,118.63702989524661
46614,none,2,edge-2,50.43,6.805999999999999,4094.120945400561,3040.281664040017,15993,515.9032258064516,151.3761218239151
46622,none,8,edge-8,47.528572,19.269792,5017.421496903655,2756.4696574343575,16605,535.6451612903226,46.53171032318828
46658,none,5,edge-5,52.51005607,13.39791298,4551.607912617625,3272.1403109423295,8622,278.1290322580645,97.99676136401007
46662,none,10,edge-10,50.442694,30.287649,5741.011161906775,3235.3735005509525,16403,529.1290322580645,137.67052495719378
46674,none,8,edge-8,45.91961334,19.768199619999997,5077.26612999532,2583.8196166326147,8064,260.1290322580645,149.10065103625823
46682,none,1,edge-1,53.43,-2.224,3512.86485579093,3437.476586954556,16421,529.7096774193549,162.82794461659088
46690,none,4,edge-4,45.397999999999996,10.874,4389.536705929448,2476.594359225327,936,30.193548387096776,81.3463869904686
46714,none,5,edge-5,51.376,10.874,4381.854070841096,3140.9368504343547,7783,251.06451612903226,122.71383114658038
46722,none,9,edge-9,43.43000000000001,23.136,5381.249898842282,2351.082877987427,14458,466.38709677419354,112.33287446356107
46724,none,3,edge-3,48.29800000000001,11.62,4441.238431273912,2799.5959807045842,16344,527.2258064516129,150.11320709691785
46736,none,8,edge-8,47.03651033999999,17.99956226,4928.162895615668,2690.910140671906,13368,431.2258064516129,76.98383688487046
46756,none,1,edge-1,52.826,-1.192,3570.003145629975,3359.9120382841415,16305,525.9677419354839,106.2194128165431
46768,none,8,edge-8,48.978,18.066,4910.27888871286,2906.184710673542,16609,535.7741935483871,214.27468408611637
46778,none,3,edge-3,47.128,8.746000000000002,4225.781746879346,2669.077000542688,16472,531.3548387096774,205.19034953625084
46782,none,4,edge-4,46.298,11.506,4437.153982804829,2577.2700772538456,16606,535.6774193548387,188.98229725377323
46836,none,2,edge-2,51.29,6.926,4106.632063600341,3135.5149915943675,16041,517.4516129032259,85.99242075827281
46868,none,2,edge-2,50.94743583,4.24237364,3916.84431106369,3108.811907614102,5551,179.06451612903226,134.5868028834374
46876,none,5,edge-5,50.16,14.768,4661.465254258451,3016.376497973681,16421,529.7096774193549,296.33274715972584
46886,none,3,edge-3,48.202,11.326,4419.607284614891,2788.4922171928647,19826,639.5483870967741,135.94591247967696
46942,none,2,edge-2,52.63,4.896,3975.728335947246,3292.2232201427096,16294,525.6129032258065,127.04420714593867
46944,none,9,edge-9,43.852,25.952,5595.643616091938,2441.1697294784617,8064,260.1290322580645,207.41687157378476
46946,none,4,edge-4,40.81,14.498000000000001,4702.006732400641,1979.2811536478805,10151,327.4516129032258,579.2431392759285
46970,none,9,edge-9,43.83416932,25.95144671,5595.995335061464,2439.2175045542167,7905,255.0,206.10923836612793
46980,none,9,edge-9,43.84039254,25.94619984,5595.445347795799,2439.806012491436,6089,196.41935483870967,206.22543119179323
46986,none,9,edge-9,43.85172019,25.975822250000004,5597.520299997434,2441.54616494108,7689,248.03225806451613,208.87998593627506
47024,none,11,edge-11,55.62872684,37.47549891,6003.7369131606065,3941.19256948145,2466,79.54838709677419,79.67847012038965
47028,none,9,edge-9,42.7234812,23.24664351,5402.97452760857,2275.292296595028,5150,166.1290322580645,64.07843635315741
47054,none,2,edge-2,52.382,5.27,3999.183325416559,3262.965861146101,16220,523.2258064516129,90.77675440020398
47062,none,7,edge-7,53.11251754,17.9772185,4853.966592575967,3363.11635058396,232,7.483870967741935,190.75476368775426
47080,none,3,edge-3,49.296,14.47,4645.979198162855,2919.099855187852,16589,535.1290322580645,347.816748690087
47082,none,3,edge-3,49.296,14.47,4645.979198162855,2919.099855187852,16641,536.8064516129032,347.816748690087
47104,none,2,edge-2,52.164,5.4,4006.4774286426505,3238.1828417844567,15236,491.48387096774195,65.07131702678535
47154,none,0,edge-0,41.412,2.164,3664.49734150334,2068.5953547459644,16106,519.5483870967741,268.2214255407752
47220,none,2,edge-2,51.936,4.788,3962.893176961351,3215.6872456445794,15824,510.4516129032258,78.60789248736907
47234,none,4,edge-4,37.6215782,15.045789779999998,4769.492912229443,1630.8834274279086,6605,213.06451612903226,905.8431575038979
47240,none,5,edge-5,53.58599999999999,10.052,4324.444117107981,3386.4867516673003,8115,261.7741935483871,204.23780244380504
47260,none,2,edge-2,52.412,4.89,3973.611695493285,3268.0448374505477,1570,50.645161290322584,107.05873935264015
47270,none,2,edge-2,50.79846452,7.30260104,4130.873260086673,3079.8268752795652,8007,258.2903225806452,139.53448447050627
47278,none,10,edge-10,47.15473172,27.59908748,5642.347466933939,2829.3359666029846,16368,528.0,285.11624060259663
47280,none,0,edge-0,44.942,0.008,3533.660732068846,2478.386503601123,16596,535.3548387096774,343.5000214065074
47318,none,11,edge-11,55.81068711,37.73338348,6010.740841012123,3966.2171232607475,14077,454.0967741935484,60.27408339895038
47366,none,3,edge-3,47.964,7.982,4170.240807066695,2763.2149268874487,12326,397.61290322580646,164.0370428048334
47416,none,2,edge-2,51.8133517,5.7185075,4025.9308207971417,3197.896354434118,18285,589.8387096774194,20.48230847011097
47430,none,3,edge-3,49.246,7.372,4129.654823806911,2907.080949182562,16515,532.741935483871,180.25895012330463
47436,none,8,edge-8,47.52167000000001,19.10159,5004.950004068263,2754.1372917736753,16015,516.6129032258065,41.6857748646103
4745,none,9,edge-9,42.138,24.746,5535.541390799407,2234.2075444917646,15845,511.1290322580645,81.62258711988349
47458,none,2,edge-2,50.6971413,8.5981231,4221.955256246768,3066.000053023631,10073,324.93548387096774,220.63515217986236
47522,none,2,edge-2,52.01,4.446,3940.073772697405,3225.6362247228753,15863,511.7096774193548,103.43558430523028
47524,none,9,edge-9,42.144,25.884,5627.616112941552,2253.951307047976,16587,535.0645161290323,162.5057366555197
47542,none,8,edge-8,47.6908183,19.25068349,5013.809922685661,2774.2048447699704,14703,474.2903225806452,62.76486213874315
47554,none,2,edge-2,51.35419237,5.43017238,4002.8957589499596,3148.100838153922,16624,536.258064516129,42.0307168986082
47556,none,10,edge-10,46.222,26.46,5580.548259088937,2708.003191763219,15894,512.7096774193549,416.0157415271028
47572,none,6,edge-6,57.730007969999996,13.00518394,4500.222554084916,3851.3359806189787,2275,73.38709677419355,359.2523483582761
47586,none,10,edge-10,50.41590839,30.4640767,5753.803129500067,3235.9449480139797,16505,532.4193548387096,144.28695040023587
4767,none,5,edge-5,53.57600000000001,9.746,4304.172903448385,3385.4021591562473,15953,514.6129032258065,217.5650661316559
47670,none,5,edge-5,52.062,11.722,4439.087544653645,3218.293797279694,16283,525.258064516129,27.401020159114253
47690,none,9,edge-9,44.43358372000001,26.20249558,5602.167675102114,2508.8180328713433,16238,523.8064516129032,267.07668506342605
47712,none,2,edge-2,51.634,5.886,4036.3350115395165,3177.3035620563314,2689,86.74193548387096,4.39189244770218
47716,none,2,edge-2,50.984,3.538,3867.8983587208836,3116.997097444296,15547,501.51612903225805,175.26441939640702
47726,none,8,edge-8,48.294,16.388,4794.5278050130055,2818.337993485147,13370,431.2903225806452,232.92168078625508
47734,none,4,edge-4,40.96722904,14.538176359999998,4704.446147933394,1996.844054884044,38868,1253.8064516129032,567.5330734727517
47750,none,3,edge-3,48.16,10.812,4381.436311951541,2783.2712939571156,36201,1167.774193548387,108.76486854448707
47761,none,11,edge-11,55.434,38.52,6072.400481848569,3946.144927182434,3751,121.0,118.22307995289995
47763,none,9,edge-9,42.69,23.322,5409.668415487459,2272.7165334463302,2030,65.48387096774194,57.5946594784734
47785,none,11,edge-11,55.686,37.848,6022.715813919041,3955.9931872357133,16552,533.9354838709677,75.54730822486276
47811,none,2,edge-2,52.6,7.318,4139.321367700211,3280.1128361822252,15739,507.7096774193548,147.84131348350965
47815,none,7,edge-7,50.058,18.13,4901.875671729062,3026.1920425803714,37781,1218.741935483871,180.58753877931034
47883,none,2,edge-2,50.35,7.578,4148.640442011968,3029.2859320904677,16513,532.6774193548387,189.23615624446032
47897,none,2,edge-2,51.4,5.494000000000001,4007.645631989859,3152.912961414274,7824,252.38709677419354,35.26976882078006
47913,none,7,edge-7,51.006,17.18,4824.030094359529,3124.1315358311126,16189,522.2258064516129,148.7719985886543
47939,none,9,edge-9,43.21695443,27.93087512,5766.240552515243,2408.151357808775,13343,430.4193548387097,326.14992183706846
47967,none,5,edge-5,52.456,13.62,4566.967072505464,3266.858517429866,16204,522.7096774193549,110.6924254256327
48015,none,2,edge-2,51.034,7.12,4119.035236131488,3106.5022276760806,16585,535.0,112.80841235771005
48025,none,7,edge-7,52.66715302000001,17.164909240000004,4804.829979482909,3308.0991386349947,7935,255.96774193548387,183.01570921796747
48027,none,2,edge-2,49.15,5.382,3984.276553433976,2903.557290125586,3839,123.83870967741936,278.9241839838277
48035,none,4,edge-4,46.48,6.834,4077.7079170065235,2601.4870997376206,8218,265.0967741935484,308.5245655447614
48041,none,3,edge-3,48.386,11.738,4449.769949904365,2809.573998420622,16643,536.8709677419355,154.50721574886796
48089,none,2,edge-2,50.314,7.802,4164.4565693375125,3024.7808994807483,11660,376.1290322580645,202.75909560789518
48095,none,1,edge-1,52.07,-0.516,3602.8010525670925,3269.751499768037,16216,523.0967741935484,96.44247729091536
48111,none,8,edge-8,46.76985674,23.63339424,5356.622387029611,2724.048436595472,16191,522.2903225806451,354.76686459335184
48156,none,3,edge-3,48.104,11.782,4453.767037568121,2778.316667160829,16393,528.8064516129032,170.6664802143301
48200,none,4,edge-4,44.602,10.976,4398.633699945287,2388.3918300749556,16208,522.8387096774194,77.5606583063315
48204,none,2,edge-2,50.998,5.864,4030.822825377352,3106.7274998708945,14706,474.38709677419354,71.63946782125718
48216,none,3,edge-3,48.844,10.097999999999999,4328.195499384285,2858.974249969769,7446,240.19354838709677,24.8056749082537
48230,none,9,edge-9,43.2781942,27.7981621,5754.272515448233,2412.2380285498966,15853,511.38709677419354,316.9072650349357
48267,none,2,edge-2,52.232,5.196,3993.052194494188,3246.635738516392,16032,517.1612903225806,78.64213595191121
48294,none,10,edge-10,47.16035212999999,27.623014929999997,5643.961938882092,2830.3752094843294,16213,523.0,283.87658677905983
4830,none,5,edge-5,52.58599999999999,14.322,4613.7426377848615,3283.90528106117,7848,253.16129032258064,160.42663091888377
48310,none,11,edge-11,54.78861535,37.28784084,6028.461794660406,3849.2168946549905,4010,129.3548387096774,174.79463777987453
48334,none,3,edge-3,49.84236355,9.60716143,4292.73946093635,2970.0548331076147,16539,533.516129032258,111.5399616886406
4834,none,2,edge-2,51.064,7.027999999999999,4112.722561614838,3110.0954844162225,9817,316.6774193548387,105.66062643672305
4836,none,2,edge-2,51.226,6.902,4104.658814039164,3128.4708942267966,16150,520.9677419354839,88.07671911421801
48364,none,7,edge-7,54.364,18.582,4877.47243357106,3506.1486418792706,3835,123.70967741935483,315.5152645307076
48380,none,2,edge-2,52.688879199999995,5.2304781,3998.7480910892837,3297.226752519729,8022,258.7741935483871,123.45305697537258
48386,none,3,edge-3,47.964000000000006,7.982000000000001,4170.240807066695,2763.2149268874487,5776,186.32258064516128,164.0370428048334
48390,none,3,edge-3,47.964,7.981999999999999,4170.240807066695,2763.2149268874487,39701,1280.6774193548388,164.0370428048334
48404,none,2,edge-2,52.53600000000001,6.042,4052.578505496703,3276.945057441964,8008,258.3225806451613,100.69924367557968
48424,none,9,edge-9,42.502,26.014,5630.307175794511,2295.197458619275,16632,536.516129032258,164.18649089188733
48426,none,6,edge-6,57.68154796000001,11.93268013,4436.43562776738,3843.7385685991308,16407,529.258064516129,410.9659141879557
48448,none,1,edge-1,53.34067,-6.537797,3230.409105946544,3484.335935806772,16598,535.4193548387096,346.6074896063119
48490,none,1,edge-1,55.996385,-4.89542,3398.6614758363376,3750.7807796959337,14692,473.93548387096774,488.06740527852014
48496,none,4,edge-4,45.9003872,6.0916139,4017.464998405583,2539.9213896822453,16383,528.483870967742,332.8915916004025
48517,none,2,edge-2,51.904,4.256,3926.143278093678,3214.8832952696553,16157,521.1935483870968,112.04883344175484
48527,none,2,edge-2,51.66,5.824,4032.215679295337,3180.436044828975,16158,521.2258064516129,2.084971790519198
48563,none,3,edge-3,49.104,11.396,4422.954914737345,2888.84205319846,6810,219.67741935483872,123.2269624130114
48565,none,2,edge-2,52.13725455,4.76733416,3963.085921396396,3238.133232604859,16059,518.0322580645161,91.28122543231424
4858,none,2,edge-2,51.978,8.472,4216.017484366436,3208.6524048455303,7993,257.83870967741933,186.42461522929528
48606,none,7,edge-7,54.396,18.59,4877.558427868914,3509.749381821657,4761,153.58064516129033,318.9944753529407
48608,none,9,edge-9,41.32731262,19.797470570000005,5142.0183896553945,2078.45318466496,7609,245.4516129032258,381.58769416260765
48614,none,2,edge-2,51.426,5.444000000000001,4004.3536615844705,3156.0166304279514,16160,521.2903225806451,35.599272196605405
48630,none,2,edge-2,52.18,4.462,3942.608654814348,3244.4220507049613,16604,535.6129032258065,111.21259330554538
48658,none,9,edge-9,43.23199999999999,27.921999999999997,5765.169339581227,2409.6113776200805,16598,535.4193548387096,325.75223420149644
48668,none,2,edge-2,52.198,5.004,3979.7083776876507,3243.742120939666,16651,537.1290322580645,83.76865777345438
48680,none,2,edge-2,51.646,5.628,4018.586738240202,3179.6747131833868,40514,1306.9032258064517,13.548686423177182
48757,none,2,edge-2,51.60474072,5.8702053,4035.059501064168,3174.114295885533,2865,92.41935483870968,5.18877085470097
48792,none,3,edge-3,48.816,9.42,4278.390881735896,2856.024352784885,12798,412.83870967741933,25.178376686962398
48796,none,1,edge-1,48.52,-1.33,3487.4739205883725,2887.1650563871517,6370,205.48387096774192,388.0746029767478
48800,none,3,edge-3,47.964,7.982,4170.240807066695,2763.2149268874487,5779,186.41935483870967,164.0370428048334
48810,none,8,edge-8,47.322,18.784,4983.763195286503,2729.19117886956,18158,585.741935483871,24.717077959396956
48848,none,2,edge-2,51.97,5.66,4022.9419994665163,3215.5381335061434,16224,523.3548387096774,38.286352745324784
48864,none,2,edge-2,51.46760251644267,5.468386617100371,4006.3324989656257,3160.5322201711624,13988,451.2258064516129,31.30760643166718
48872,none,2,edge-2,51.67399999999999,7.824,4170.499613959424,3175.9718477454317,16610,535.8064516129032,138.44904034997282
48874,none,4,edge-4,46.204,5.22,3951.947372401313,2577.5233116301833,8045,259.51612903225805,407.6447135141932
48882,none,1,edge-1,51.406,-2.402,3462.8138598521214,3217.0510276951345,16495,532.0967741935484,72.38396661149571
48926,none,11,edge-11,59.937999999999995,30.642,5458.770481049506,4260.3592247249435,14558,469.61290322580646,573.0554202321341
48964,none,8,edge-8,48.18,16.42,4797.9667097288575,2805.912079575589,6992,225.5483870967742,224.41601696407375
48968,none,2,edge-2,53.148,8.204,4200.839819695052,3339.2300792184074,16157,521.1935483870968,233.15942837279079
48970,none,4,edge-4,46.16539,13.012960999999999,4553.900856071526,2566.0882823363227,16573,534.6129032258065,266.98273200054746
49002,none,7,edge-7,50.09925173,20.00751704,5034.534273275745,3047.3331173931865,2492,80.38709677419355,173.1031125363007
49008,none,2,edge-2,51.11164479999999,6.4173019,4070.219486231078,3117.3087303499565,16249,524.1612903225806,71.98666070355617
49030,none,2,edge-2,52.07,4.508,3944.8204506939937,3231.9738924284948,16573,534.6129032258065,102.40871645877976
49044,none,3,edge-3,48.066,14.124000000000002,4628.337385015106,2781.07239947957,14165,456.93548387096774,334.16674907502903
49055,none,5,edge-5,52.343999999999994,14.53,4629.494065817139,3257.878743265537,15964,514.9677419354839,170.02683392159935
49063,none,1,edge-1,51.46399999999999,-0.15,3618.245403687444,3199.3276069856315,16084,518.8387096774194,134.8387317899611
49072,none,5,edge-5,52.61,10.236,4336.987164889012,3277.90183467632,16652,537.1612903225806,131.38935380212908
49102,none,8,edge-8,47.52,19.186,5011.278169145687,2754.7373344419584,16564,534.3225806451613,43.18357561016299
49122,none,9,edge-9,44.342000000000006,25.944,5584.12825284602,2494.4279923584404,14592,470.7096774193548,245.67426300466798
49178,none,11,edge-11,55.674,37.468,6001.368027605998,3945.726932131747,14623,471.7096774193548,74.61835430938564
49194,none,5,edge-5,50.804,12.866,4522.979873193726,3080.8939217953916,15262,492.3225806451613,165.77141182265063
49200,none,1,edge-1,51.61233389,-1.26900405,3543.9829779510846,3227.041215291231,16341,527.1290322580645,60.69710341183411
49216,none,2,edge-2,53.14800000000001,8.204,4200.839819695052,3339.230079218409,16498,532.1935483870968,233.15942837279206
49297,none,8,edge-8,48.878,18.04,4909.576075206902,2894.9131349730837,16217,523.1290322580645,204.4629550757342
49341,none,5,edge-5,51.05,13.678,4578.788248932987,3110.7893945080205,8026,258.9032258064516,170.89663016888196
49345,none,3,edge-3,48.31452924,11.55511469,4436.385630077052,2801.3292604419207,16171,521.6451612903226,144.97107664448188
49367,none,2,edge-2,52.026,8.54,4220.795891841941,3213.896581903192,16107,519.5806451612904,192.04210920300096
49377,none,9,edge-9,34.688,33.04,6420.656082255936,1609.7917890331867,16555,534.0322580645161,1164.7592166487686
49389,none,3,edge-3,47.5378839,7.6285482,4142.369634805814,2716.6692503487693,16156,521.1612903225806,214.9244960836811
49393,none,9,edge-9,42.642,23.308000000000003,5409.413977832772,2267.2594395335673,16530,533.2258064516129,58.64408995604903
49437,none,2,edge-2,52.67038,8.211428,4200.018249879183,3286.082517973514,16524,533.0322580645161,199.52750811699707
49461,none,1,edge-1,49.198,-0.36799999999999994,3568.0540973260313,2951.503530533069,16605,535.6451612903226,329.0800589120249
49463,none,1,edge-1,51.722,0.5,3666.6694801563517,3221.7630528045643,1979,63.83870967741935,168.7239168600717
49473,none,2,edge-2,50.944,6.949999999999999,4106.706272506708,3096.980729859513,10431,336.48387096774195,110.41900993649396
49490,none,7,edge-7,51.15718978,17.04286069,4812.846032595446,3139.9509539824567,14061,453.5806451612903,151.61703849385026
49515,none,8,edge-8,47.87,16.058,4773.892401657629,2769.280604192189,16187,522.1612903225806,235.09607452985765
49545,none,9,edge-9,42.63600000000001,23.301999999999996,5409.0385059177115,2266.5157202543915,16334,526.9032258064516,59.15866245121956
49583,none,12,edge-12,48.816,44.624,6757.0304571878705,3446.0928278723327,13299,429.0,737.6115191881872
49585,none,3,edge-3,49.142,9.21,4263.345258292476,2892.4097587912056,19700,635.483870967742,52.13584101549868
49611,none,3,edge-3,48.766,9.176,4260.405536661978,2850.6369321349885,16302,525.8709677419355,43.795032927806055
49635,none,2,edge-2,50.95302373,6.90525591,4103.606910292682,3098.1158621407703,14341,462.61290322580646,107.49821342434316
49645,none,1,edge-1,50.73,-1.9319999999999997,3482.8183113295154,3137.2557107319053,16600,535.483870967742,139.54019008484806
49689,none,2,edge-2,51.4,7.428,4142.0506884692595,3146.3939551962726,16693,538.483870967742,114.5298519647254
49709,none,5,edge-5,55.902,13.605999999999998,4546.5947280820155,3649.864481172786,16755,540.483870967742,423.91714222035915
4972,none,2,edge-2,51.214,6.768,4095.2493467317486,3127.54223678661,16195,522.4193548387096,81.07735870394056
49723,none,0,edge-0,43.60799999999999,1.458,3631.3377221395262,2316.99976720947,16218,523.1612903225806,271.756613329892
49729,none,3,edge-3,49.798,10.968,4390.699476921383,2965.50487227854,16526,533.0967741935484,137.69906747034784
49759,none,4,edge-4,45.524,10.194,4336.178565256621,2490.1952194815144,16271,524.8709677419355,68.22323589860125
498,none,3,edge-3,48.63,9.162,4259.207889294888,2835.5309325300077,15176,489.5483870967742,50.03994678485133
4981,none,2,edge-2,50.392,7.482,4141.970636387645,3034.1854394439406,16631,536.483870967742,181.2817806129928
49813,none,2,edge-2,52.1,5.056,3982.5127323148413,3232.6165573068397,38982,1257.483870967742,73.48626009813302
49825,none,11,edge-11,55.708,37.478,6000.489029191392,3949.5006299872684,16525,533.0645161290323,70.76399295194638
49827,none,2,edge-2,51.57,6.036,4046.3159676528885,3169.617258736975,16183,522.0322580645161,16.711771828546752
49835,none,5,edge-5,52.09,13.162,4537.645933481825,3224.715532645092,16345,527.258064516129,77.23051565635875
49841,none,2,edge-2,49.89,5.93,4028.667556265946,2983.3823328042,16209,522.8709677419355,195.00346342629717
49895,none,11,edge-11,55.54359022,37.49738663,6008.642194291976,3932.8502154908515,16041,517.4516129032259,89.19561439559423
49901,none,3,edge-3,48.414,12.768,4525.936161923332,2815.0138910106557,8100,261.2903225806452,226.856308254174
49907,none,10,edge-10,46.538,26.908,5606.515881695059,2750.1024157474617,10702,345.2258064516129,369.23975238675536
49915,none,3,edge-3,47.95799999999999,13.158,4556.90447384855,2765.530478623335,14961,482.61290322580646,270.2050819413333
49939,none,8,edge-8,46.15232775,14.63037729,4678.8609664885,2571.064026940885,13761,443.9032258064516,352.7959915723666
49945,none,3,edge-3,49.13399999999999,9.212,4263.481865328274,2891.518765788165,16401,529.0645161290323,51.46382862537396
49947,none,3,edge-3,48.662,13.3,4564.091160003515,2844.1780026250763,11471,370.03225806451616,261.1236846742192
49949,none,4,edge-4,45.982,8.89,4234.882619745252,2541.653106786595,16222,523.2903225806451,151.8925106983206
49973,none,3,edge-3,49.798,10.968,4390.699476921383,2965.50487227854,16456,530.8387096774194,137.69906747034784
49975,none,2,edge-2,50.984575899999996,6.96560025,4107.9878003673375,3101.4457759950087,645,20.806451612903224,108.06729991557357
49979,none,2,edge-2,50.99,6.962,4107.760156988775,3102.059241014623,8092,261.03225806451616,107.47112183852684
49985,none,4,edge-4,44.60383111,10.97542226,4398.585233333829,2388.5943025765873,13154,424.3225806451613,77.42857852933963
49999,none,4,edge-4,45.062000000000005,7.356,4112.448900914205,2442.604190349473,13129,423.51612903225805,217.40288733538335
50011,none,7,edge-7,50.352,19.39,4987.237637778027,3069.4246701365246,6155,198.5483870967742,134.817575181098
50035,none,11,edge-11,55.8833993,37.52318949,5995.563822694038,3968.810792403284,13555,437.258064516129,50.93433493909633
50040,none,2,edge-2,51.60600000000001,5.912,4037.95762185481,3174.0912826772196,761,24.548387096774192,7.269090603353036
50057,none,3,edge-3,49.468,11.2,4407.9931512445455,2929.0583643347636,16543,533.6451612903226,125.8832216266657
50073,none,11,edge-11,59.78794147,30.11272609,5435.4693545991995,4235.884697018066,15293,493.3225806451613,584.5974436746487
50087,none,2,edge-2,50.718,7.05,4112.721114303523,3071.5689909058256,3990,128.70967741935485,133.82043530243314
50093,none,3,edge-3,47.752,10.29,4342.757999336395,2737.641247245639,15955,514.6774193548387,127.6077845171122
50103,none,5,edge-5,52.604,10.078,4326.284623131586,3277.2110782332797,16445,530.483870967742,141.33019942061406
50166,none,3,edge-3,48.14,11.515999999999998,4433.872287674313,2781.87457552946,2005,64.6774193548387,151.5842107326645
50174,none,0,edge-0,44.09917567,3.06567103,3765.4164226328194,2357.8685759719638,16597,535.3870967741935,406.84697697269013
50176,none,10,edge-10,47.20120261,27.60160446,5641.3524850006515,2834.4278314314474,15947,514.4193548387096,280.2053659419533
50184,none,8,edge-8,46.75534883,23.5872581,5353.4466179676565,2721.813915101113,6290,202.90322580645162,351.5268148245323
50190,none,8,edge-8,46.77769554999999,24.70826483,5436.920014447146,2740.5351018209817,13971,450.6774193548387,435.77751817664716
50194,none,8,edge-8,46.76932544000001,24.717137580000003,5437.760206172619,2739.75379706728,13319,429.64516129032256,436.566603027506
50196,none,8,edge-8,46.74397422,23.58777255,5353.707585282909,2720.5744898855664,16079,518.6774193548387,351.75724576119325
50226,none,2,edge-2,50.742,6.432,4069.253990926526,3076.178410512849,16547,533.7741935483871,108.7329091308811
50234,none,7,edge-7,52.183280370000006,20.79354107,5056.127827734173,3285.0141562217686,7929,255.7741935483871,134.48992643583526
50244,none,9,edge-9,42.54085094,23.50361717,5427.089714945421,2259.047874923558,2965,95.64516129032258,44.36862084533363
50268,none,2,edge-2,50.96,6.22,4055.555306227435,3101.1530047606193,18675,602.4193548387096,80.69587554647428
50276,none,2,edge-2,50.18303693,6.86073929,4096.842375212743,3012.6656803478395,15992,515.8709677419355,177.90061788522175
50282,none,5,edge-5,51.506,10.272,4339.885288425975,3155.07133630665,16242,523.9354838709677,144.97755321336126
50302,none,7,edge-7,50.472,19.743999999999996,5010.432139455141,3085.956253237555,14686,473.741935483871,127.69683675931292
50310,none,7,edge-7,51.8495296,21.69707769,5123.027809230533,3257.797234062959,7920,255.48387096774192,180.435842163872
50330,none,7,edge-7,50.86914529,20.64685374,5067.455396384471,3138.643467253618,13327,429.9032258064516,130.36465897857016
50336,none,7,edge-7,50.12057535,19.10886973,4970.569482810712,3041.328858863374,8036,259.2258064516129,159.34764220797481
50342,none,9,edge-9,42.682,23.286,5406.907226508368,2271.3194678515674,13337,430.2258064516129,60.49217340259675
50349,none,8,edge-8,48.74,22.174,5212.052055585857,2921.25935687395,16618,536.0645161290323,296.0787239870269
50364,none,6,edge-6,59.400000000000006,17.982,4774.326204829268,4058.7461828815603,6951,224.2258064516129,57.29904358920168
50380,none,6,edge-6,59.468,18.04,4776.70620427879,4066.6311071329046,16235,523.7096774193549,51.55451382040974
50386,none,3,edge-3,47.577912,7.568762,4138.009829844413,2721.260862036155,15255,492.0967741935484,215.24261500807947
50394,none,9,edge-9,46.31199999999999,25.288000000000004,5490.411813874782,2698.5978246547916,15970,515.1612903225806,420.764251694358
50403,none,2,edge-2,51.49485,5.39591,4001.4981766840547,3163.873513391471,16503,532.3548387096774,33.82970591945153
50404,none,2,edge-2,51.464638,5.5552671,4012.336613466164,3159.832031209778,3659,118.03225806451613,27.066417555321138
50406,none,9,edge-9,42.14164505,24.75447446,5536.155983857224,2234.742317382909,12172,392.64516129032256,81.85251741218036
50414,none,2,edge-2,51.86187139,4.36006563,3932.917747050933,3209.6490212421936,15943,514.2903225806451,103.97420735697123
50430,none,0,edge-0,41.556000000000004,-8.418000000000001,2795.683540266648,2237.8486999233173,16558,534.1290322580645,620.9494648002185
50434,none,0,edge-0,38.954,-9.002,2682.851683437326,1968.7917668493608,39437,1272.1612903225807,752.5588892760483
50444,none,7,edge-7,52.2164441,21.14174759,5079.067515444315,3292.2437702425173,9991,322.2903225806452,157.05927887479066
50468,none,9,edge-9,42.541529180000005,23.49761653,5426.591671568031,2259.0337392428064,15150,488.7096774193548,44.822983200397495
50484,none,7,edge-7,52.168,20.878,5062.0846617936,3284.1870556864733,8799,283.83870967741933,138.6371542799562
50518,none,0,edge-0,44.084,2.962,3756.988528388857,2356.9667824091803,14386,464.06451612903226,399.08324647084953
50530,none,0,edge-0,38.36644622,-0.42132829,3407.1924060434567,1760.6284086595895,16178,521.8709677419355,396.7758581235363
50534,none,3,edge-3,49.234,8.41,4205.185541308846,2903.58067860333,13321,429.7096774193548,107.83943167676293
50550,none,5,edge-5,52.512,13.46,4555.807625228175,3272.5550014509413,16502,532.3225806451613,102.0431883068144
50552,none,3,edge-3,47.72651599999999,11.3374232,4421.387420314894,2735.674344003105,16302,525.8709677419355,170.70057142173576
50554,none,7,edge-7,50.91814354,19.07357132,4957.192583211845,3129.1668908809397,16559,534.1612903225806,70.62526150051457
50590,none,10,edge-10,50.516,30.838,5776.05600841694,3254.1253266312647,37981,1225.1935483870968,171.57183178447897
50610,none,2,edge-2,51.01977515,5.32099038,3992.936468611858,3111.441791358631,8679,279.96774193548384,77.51801932349697
50614,none,7,edge-7,52.225544400000004,21.0066896,5069.8070322531885,3291.8469359849896,16596,535.3548387096774,149.43508870853256
5062,none,5,edge-5,50.812,12.872,4523.36778456717,3081.7998554033798,15746,507.93548387096774,165.07742507583004
50652,none,2,edge-2,52.086000000000006,5.24,3994.9870787303876,3230.2225116377485,12128,391.2258064516129,63.76010130680802
50660,none,2,edge-2,51.80554901000001,4.97722353,3974.870188706972,3200.2888430760854,11599,374.16129032258067,61.261655117432895
50672,none,11,edge-11,55.882,37.65400000000001,6003.114496866134,3971.7483858272826,3677,118.61290322580645,51.54371088600773
50682,none,7,edge-7,52.168,20.878,5062.0846617936,3284.1870556864733,15882,512.3225806451613,138.6371542799562
50684,none,12,edge-12,45.042,38.994,6543.680266121046,2877.550804161068,16352,527.483870967742,478.212979853297
50706,none,6,edge-6,56.957194040000005,24.0707311,5171.546257200028,3845.514754060125,16668,537.6774193548387,498.42331428039006
50768,none,7,edge-7,51.2253049,22.57438298,5194.416279723684,3199.242090889923,12938,417.35483870967744,242.18751400082007
50770,none,3,edge-3,48.698,11.472,4429.388508122997,2843.820979648998,697,22.483870967741936,126.91257979142524
50774,none,3,edge-3,48.544,8.918,4241.080084289383,2826.2062482811757,13377,431.51612903225805,70.42406296053873
50790,none,3,edge-3,47.554,7.844,4158.643705261196,2717.962934905544,15661,505.19354838709677,202.113391225327
50800,none,3,edge-3,47.4434947,8.6743387,4220.948517540257,2704.216248465346,16609,535.7741935483871,175.3914952726319
50814,none,3,edge-3,48.858000000000004,8.156,4185.661474291269,2862.2193756690513,672,21.677419354838708,117.77174350442174
50824,none,7,edge-7,50.910902,20.664102,5067.983439211464,3143.423791319615,4044,130.4516129032258,128.67327644382385
50915,none,2,edge-2,51.168739450000004,6.534987989999999,4078.7496877536505,3123.257423476765,10487,338.2903225806452,72.21324902122
50933,none,3,edge-3,49.006,9.292,4269.186769014522,2877.2288116360874,16535,533.3870967741935,38.74595376380868
50945,none,2,edge-2,51.982,5.876000000000001,4037.83306118399,3216.0101480900107,5757,185.70967741935485,38.09236294012522
50977,none,3,edge-3,48.2,12.418,4500.794614473551,2790.328277660064,16156,521.1612903225806,209.01627668083256
50987,none,3,edge-3,49.34400255,10.8913199,4385.781452690305,2914.953127012958,16477,531.516129032258,99.58103104287784
51023,none,3,edge-3,48.1659295,11.3374751,4420.531302501517,2784.4992461320444,35289,1138.3548387096773,138.83850156883653
51045,none,9,edge-9,44.55123545,26.08987284,5590.770542654992,2519.7063009081794,16515,532.741935483871,271.1320013687413
51047,none,9,edge-9,44.55107794999999,26.08994579,5590.779747783468,2519.690384766493,6033,194.61290322580646,271.12204462063187
51079,none,9,edge-9,42.65951152,23.29289049,5407.873715129712,2268.9574395360264,1695,54.67741935483871,59.86292132048403
51081,none,11,edge-11,55.67,37.596,6008.912250840176,3948.335933404613,5089,164.16129032258064,75.0103837490757
51083,none,9,edge-9,42.694,23.35,5411.855955615521,2273.5608000084862,16202,522.6451612903226,55.337022668461195
51109,none,7,edge-7,51.79869,21.5804,5116.0020311481085,3250.921658527386,4814,155.29032258064515,171.62080851532266
51139,none,10,edge-10,50.43380849,30.54559386,5758.787798421311,3239.4776214825456,71167,2295.7096774193546,149.89235856373284
51147,none,7,edge-7,53.059999999999995,18.726,4904.433258889702,3363.0662833921074,16439,530.2903225806451,170.29367854760036
51171,none,2,edge-2,50.9872601,7.03778732,4113.064060039949,3101.5364398176744,45511,1468.0967741935483,111.62937649850576
51195,none,7,edge-7,49.972,19.85,5025.255152354398,3031.7636240090924,40510,1306.774193548387,183.05119672878453
51207,none,8,edge-8,47.58299,19.11042,5004.797051086622,2760.991018586967,8095,261.1290322580645,48.5162317332442
51227,none,3,edge-3,48.26,10.98,4393.795773446603,2794.5363394730066,4050,130.6451612903226,111.04931821488275
51229,none,2,edge-2,52.216,6.874,4107.42193234078,3238.6181398745457,2699,87.06451612903226,96.48451524090696
51239,none,8,edge-8,47.548,18.828,4984.166370142763,2754.553210560698,16564,534.3225806451613,45.64583120639418
51243,none,8,edge-8,47.548,18.73,4976.843963917205,2753.6790524263083,9290,299.6774193548387,48.23149037586275
51245,none,8,edge-8,47.562,18.738,4977.263782107156,2755.2969207227725,15675,505.64516129032256,49.40633742014741
51249,none,8,edge-8,47.556000000000004,18.728,4976.592930471983,2754.545251582984,16071,518.4193548387096,49.10180794539798
51259,none,7,edge-7,54.254,18.504,4873.904054635032,3493.3832523060587,2170,70.0,304.0281437030596
5126,none,5,edge-5,53.112,8.896,4247.070706740747,3334.299741127415,16230,523.5483870967741,236.04630450382967
51281,none,8,edge-8,45.20564567,15.278694030000002,4735.998217280122,2469.534880235749,7157,230.8709677419355,360.3290739565063
51287,none,8,edge-8,46.974,18.916000000000004,4998.161162550962,2691.946369526622,15940,514.1935483870968,20.968933220208893
51297,none,4,edge-4,45.186,9.791999999999998,4304.626212670873,2452.691808267508,16111,519.7096774193549,38.85294519878515
51299,none,4,edge-4,45.19199999999999,9.790000000000001,4304.470559176356,2453.3579687806855,16061,518.0967741935484,39.47137100239199
51329,none,7,edge-7,51.78723000000001,21.60187,5117.663802433106,3249.894880774081,5769,186.09677419354838,172.90595196643017
51345,none,9,edge-9,44.29558955,26.065458300000003,5594.6230779579355,2491.4373559693568,4245,136.93548387096774,248.2788110964959
51353,none,2,edge-2,51.8091132,5.237211300000001,3992.782118193603,3199.48246623353,16644,536.9032258064516,44.608835146370566
51355,none,5,edge-5,52.50084329,13.43152642,4553.9358047957785,3271.223201567679,7,0.22580645161290322,99.8121512806137
51357,none,8,edge-8,47.04545351,21.95239484,5225.538883488424,2732.2637364082457,16187,522.1612903225806,224.36455004303747
51377,none,2,edge-2,50.79782572999999,7.29991883,4130.681699217328,3079.7628272560364,20878,673.483870967742,139.44418633905923
51381,none,5,edge-5,54.152025,10.4643044,4351.3424250361,3449.572215662817,16651,537.1290322580645,241.29288522312316
51403,none,2,edge-2,51.51054665,6.96526396,4110.385081802853,3159.9197854096396,34591,1115.8387096774193,80.45480956871221
51421,none,2,edge-2,51.52822675,6.96962457,4110.76900552665,3161.872845113662,40130,1294.516129032258,80.4055781426406
51429,none,2,edge-2,51.53854808,6.97010368,4110.84979470308,3163.0189687837196,7491,241.6451612903226,80.25776798634543
51437,none,9,edge-9,42.67823461,23.35616081,5412.642172141328,2271.9247482544283,16595,535.3225806451613,54.72596528834969
51441,none,3,edge-3,48.05624604141291,11.612002436053594,4441.216693679217,2772.719606484485,821,26.483870967741936,162.61847658148645
51452,none,1,edge-1,52.02,-1.74,3519.107392460152,3277.0303056819052,16039,517.3870967741935,12.818206927424942
51470,none,9,edge-9,42.71359704,23.237036170000003,5402.378596032929,2274.0717678382116,16206,522.7741935483871,64.74539978107333
51496,none,2,edge-2,52.094,4.87,3969.755201631003,3232.8308760231935,16594,535.2903225806451,82.76940211326978
51502,none,5,edge-5,54.2632728,10.06097674,4324.974269425771,3461.8565941343136,15964,514.9677419354839,264.8291266366139
51512,none,7,edge-7,50.4093688,19.48127568,4992.856262183525,3076.5960885670593,16053,517.8387096774194,129.55632793550905
51526,none,7,edge-7,51.794,21.59,5116.7373339069545,3250.5102759700103,9645,311.1290322580645,172.20059815405557
51530,none,7,edge-7,51.788,21.582,5116.299150763691,3249.7624012593305,1891,61.0,171.56195675470903
51532,none,4,edge-4,46.06611763,11.24516129,4417.4526278893445,2551.1561719210595,15960,514.8387096774194,156.29647911955644
51551,none,7,edge-7,51.8131837,19.72232151,4989.190056601049,3233.8519112940103,13218,426.38709677419354,50.37965011936113
51583,none,4,edge-4,44.36625637,7.49172091,4120.6895615195945,2365.098184209915,16602,535.5483870967741,215.94810351013217
51603,none,2,edge-2,51.98,5.85,4036.0373587411773,3215.889255397829,8685,280.16129032258067,37.742145643010375
51617,none,5,edge-5,52.588,13.394000000000002,4550.935877845632,3280.793095157864,7979,257.38709677419354,101.02222702126957
51623,none,7,edge-7,50.3328769,19.2363891,4976.670775940748,3065.9251783063173,16212,522.9677419354839,135.9082025906868
51627,none,1,edge-1,48.4457671,-4.4674095,3258.128913050766,2919.4441261740676,16614,535.9354838709677,433.52267182088855
51641,none,2,edge-2,51.260000000000005,6.492,4076.232250056619,3133.5438455779445,1251,40.354838709677416,62.91537286838192
51715,none,6,edge-6,59.332,18.034,4778.161063044133,4051.5653491609805,17204,554.9677419354839,65.43467491961405
51767,none,7,edge-7,50.049183670000005,19.98952478,5034.008334297776,3041.6321463112054,16372,528.1290322580645,177.89667828990153
51805,none,3,edge-3,46.92650902,7.73507506,4148.3809441470485,2648.5259968040773,15653,504.93548387096774,261.4142203065703
51829,none,3,edge-3,48.024,8.774,4229.508405627683,2768.5835808646984,13102,422.64516129032256,116.78199343911172
51849,none,1,edge-1,51.09,-1.832,3496.1912408280627,3175.7234025400635,16331,526.8064516129032,99.5840096173889
51876,none,2,edge-2,52.1,5.116,3986.613425699456,3232.339444513497,19489,628.6774193548387,70.573387210005
51928,none,7,edge-7,52.806,18.27,4877.339695474532,3331.387026443941,15126,487.93548387096774,151.56391254129557
51958,none,7,edge-7,51.81999999999999,20.804000000000002,5062.820074579256,3245.0751646006165,13251,427.4516129032258,119.56910470638135
51964,none,3,edge-3,49.284691,8.393854,4204.130577737949,2909.241390499897,20066,647.2903225806451,111.23912460039863
51984,none,2,edge-2,52.04456399,4.58390272,3949.7976888130524,3228.7610396931564,7559,243.83870967741936,96.48613252483125
51986,none,2,edge-2,53.296,6.6,4094.373681886742,3359.523766935607,8032,259.0967741935484,191.58115177019545
51999,none,5,edge-5,50.924,11.598000000000003,4433.351404417968,3091.5149104914212,15297,493.4516129032258,145.8083715860344
52032,none,12,edge-12,45.14800000000001,39.60399999999999,6583.210968295168,2907.1901956898187,16443,530.4193548387096,449.5979790107703
52105,none,9,edge-9,42.776,23.112,5391.159176487362,2279.1125982491867,16560,534.1935483870968,75.81668716486905
52137,none,3,edge-3,49.57000000000001,10.986,4392.330802332454,2940.1692187137273,13319,429.64516129032256,120.39498145739849
52207,none,1,edge-1,49.4405501,1.0983731,3677.0996343829074,2964.3446788899396,16588,535.0967741935484,354.22295385349327
52249,none,3,edge-3,48.13,8.378,4200.2132084994355,2780.931039908411,16203,522.6774193548387,129.39866813078143
52291,none,9,edge-9,45.432,28.05,5719.831821566066,2650.6539977147822,74331,2397.7741935483873,449.9397640815738
52315,none,3,edge-3,47.6104319,7.67247658,4145.923339975109,2724.6217462795967,7233,233.32258064516128,207.02611862671213
52319,none,5,edge-5,51.14800000000001,14.068,4605.4884770972385,3123.1254743351865,10252,330.7096774193548,182.48619503800003
52347,none,4,edge-4,45.49580565,6.5087074,4047.8146769896875,2493.444616260714,16614,535.9354838709677,289.9413175687898
52393,none,0,edge-0,39.764,2.71,3693.9944502207222,1882.4784081077007,1578,50.903225806451616,394.25013235266
52463,none,0,edge-0,45.39917681,2.23707497,3713.503327916492,2507.9865382678877,1455,46.935483870967744,462.80843498508926
52465,none,3,edge-3,49.60929505,11.3256152,4416.819499083127,2944.9246267979897,16562,534.258064516129,142.28530802379507
52469,none,5,edge-5,53.688,10.775999999999998,4372.272614152372,3398.110917107509,8071,260.35483870967744,186.00309019531136
52507,none,3,edge-3,48.1680239,11.81407607,4455.98598801502,2785.4885902472006,26740,862.5806451612904,169.39039432819527
52525,none,8,edge-8,48.452217399999995,19.52619195,5023.703509867543,2860.8797412923145,13193,425.5806451612903,149.90005377588528
52653,none,4,edge-4,42.864,12.014,4486.05851155804,2197.463891236704,16378,528.3225806451613,274.36298084181794
52693,none,1,edge-1,51.012,-1.6480000000000001,3507.519644844522,3165.074573873041,16619,536.0967741935484,109.70376722113186
52723,none,9,edge-9,42.78220436,23.52006104,5423.94576577686,2285.6992953735794,16561,534.2258064516129,43.6278099865033
52735,none,3,edge-3,47.571999999999996,10.704,4374.00350801196,2717.8502793997786,16074,518.516129032258,157.84945255224986
52745,none,7,edge-7,49.984,20.426,5065.940053654252,3038.782473815278,16270,524.8387096774194,196.97233943999763
52757,none,2,edge-2,51.6951249,8.4321913,4212.605966662392,3177.242687850559,16081,518.741935483871,180.538295175308
52777,none,7,edge-7,54.26,20.822,5023.3429730495245,3514.186609068463,16442,530.3870967741935,322.5072118314325
52807,none,7,edge-7,50.11054601,19.91309953,5027.682444575216,3047.6645472098326,652,21.032258064516128,169.65529552426253
52813,none,2,edge-2,52.29606984,4.86518383,3971.01486207101,3255.291048454211,5325,171.7741935483871,98.21839117185932
5283,none,3,edge-3,48.54,9.268,4266.926662601177,2825.4437739556,16620,536.1290322580645,49.57047508880721
52835,none,2,edge-2,52.81166519,6.65939927,4095.8293047754255,3305.4919518072084,20058,647.0322580645161,142.22740603202521
52839,none,5,edge-5,53.678,9.856,4311.483050463482,3396.733043150085,16328,526.7096774193549,220.5416052861821
5284,none,3,edge-3,48.54,9.268,4266.926662601177,2825.4437739556,16611,535.8387096774194,49.57047508880721
52957,none,9,edge-9,42.69199999999999,23.342,5411.2466813935835,2273.225678056346,16608,535.741935483871,55.97440860515881
5296,none,9,edge-9,42.72,23.336,5410.249911323353,2276.203431347338,16266,524.7096774193549,56.769313618391806
52975,none,4,edge-4,45.186,5.72,3984.287840725691,2462.327330427036,15461,498.741935483871,346.92920026805297
52983,none,4,edge-4,45.736,13.925999999999998,4626.822987356241,2521.7661966382047,8012,258.4516129032258,314.06252445444363
52991,none,5,edge-5,50.87471538,10.96821517,4389.148869235176,3085.256152246698,4002,129.09677419354838,165.8147346566176
53001,none,3,edge-3,48.84054385,9.18906704,4261.455711211258,2858.9128639905102,16316,526.3225806451613,41.93431282508846
53011,none,11,edge-11,55.762,38.084,6032.9415367952415,3969.5367409292166,15979,515.4516129032259,72.73042334565504
53041,none,9,edge-9,42.65,23.248,5404.419413301601,2267.2674838644202,16591,535.1935483870968,63.55203935989329
53101,none,2,edge-2,51.9713129,5.3329815,4000.5269683344545,3217.0716619564682,4012,129.41935483870967,49.93924242889447
53110,none,2,edge-2,51.4579835,5.5445088,4011.545516820719,3159.138369731807,15970,515.1612903225806,28.117976337994588
53154,none,7,edge-7,50.36433702000001,19.178987099999997,4972.187493600627,3068.8892500249353,14781,476.80645161290323,132.24303174890974
53170,none,3,edge-3,49.46697195,8.456525950000001,4209.108316588918,2929.408572396289,15508,500.258064516129,117.6559730134091
53220,none,5,edge-5,51.5337648,9.9130765,4314.9684535564575,3158.1288152160546,16085,518.8709677419355,164.9257602097569
53226,none,10,edge-10,53.91246583,30.35221839,5638.213747163767,3609.8779869041114,7995,257.9032258064516,499.6763668425432
53230,none,8,edge-8,45.79665855,15.96965522,4785.178199132097,2539.0562668959583,16005,516.2903225806451,277.72463336922266
53246,none,1,edge-1,51.09,-1.786,3499.3656310087727,3175.204468487248,16300,525.8064516129032,99.82354978237393
53262,none,1,edge-1,51.09,-1.786,3499.3656310087727,3175.204468487248,16246,524.0645161290323,99.82354978237393
53270,none,4,edge-4,45.634,9.42,4275.71211240522,2502.559751227677,16553,533.9677419354839,96.23735131378878
53278,none,4,edge-4,46.05308618,12.40477681,4507.296485169563,2551.9131105982037,9199,296.741935483871,220.4690010856698
53300,none,3,edge-3,48.476,8.309999999999999,4196.009466990604,2819.4930011256884,16591,535.1935483870968,114.4259264041861
53328,none,2,edge-2,53.17383302,7.0968622,4126.920554813341,3344.4997047769643,16179,521.9032258064516,191.31157409689013
53340,none,7,edge-7,50.258,19.062,4965.382033086378,3056.1026897197175,16608,535.741935483871,144.11629657403208
53344,none,7,edge-7,50.21004928,19.25132722,4979.427595505967,3052.4875505697214,16251,524.2258064516129,149.62281927717297
53352,none,9,edge-9,42.49514554,27.460769709999997,5746.433922557504,2320.8312777548977,16545,533.7096774193549,282.6504843045118
53356,none,2,edge-2,52.3504311,4.9793928,3979.2032945617552,3260.7847077678452,16501,532.2903225806451,97.92590119867869
53370,none,11,edge-11,55.8753763,37.48824199,5993.905684660178,3967.1549453437206,13565,437.5806451612903,51.92879988074915
53376,none,8,edge-8,47.55128892,17.75286555,4903.727095098105,2745.8591647487806,8098,261.2258064516129,103.80307432757455
53390,none,0,edge-0,42.97,1.524,3629.1555355556675,2246.042006189664,38746,1249.8709677419354,235.11545998952346
53444,none,5,edge-5,52.41761296,13.25715065,4542.524768536682,3261.425632532707,16200,522.5806451612904,85.74787257146728
53484,none,7,edge-7,50.087999999999994,19.966,5031.762877594236,3045.687727840683,14744,475.61290322580646,173.26283269365658
5350,none,9,edge-9,42.144,24.794,5539.316191843655,2235.6391025265175,16618,536.0645161290323,84.0799037849901
53514,none,5,edge-5,54.14800000000001,12.174,4463.061512269122,3451.1612066142234,9521,307.1290322580645,216.50402469813784
53522,none,3,edge-3,48.382,9.802,4306.327305516822,2807.6328865825435,21824,704.0,51.47550758294155
53550,none,1,edge-1,52.914,-0.9820000000000001,3585.455486010208,3367.455440641941,16470,531.2903225806451,121.76034377806256
5356,none,5,edge-5,52.486,13.386,4550.925242343805,3269.42825793976,1305,42.096774193548384,96.35504346418055
53619,none,7,edge-7,53.040000000000006,18.488,4888.867536599319,3358.9658741896146,163837,5285.064516129032,171.48347037815094
53647,none,2,edge-2,52.230000000000004,5.194,3992.901167955155,3246.422618145547,16462,531.0322580645161,78.53238816552924
53667,none,2,edge-2,51.026,5.468,4003.271081554515,3111.483922183025,16302,525.8709677419355,72.81022164144255
53699,none,10,edge-10,53.95199999999999,27.612,5464.226563942487,3567.352623442652,8112,261.6774193548387,503.93765320405214
53713,none,8,edge-8,47.24618972999999,19.60267091,5046.208145894216,2728.4988300527275,16541,533.5806451612904,46.956702862223736
53715,none,11,edge-11,55.63000000000001,37.864,6026.063435299908,3950.5595919755892,277,8.935483870967742,81.90386187743776
53719,none,3,edge-3,48.87200000000001,9.39,4276.237509147295,2862.2675599421796,16038,517.3548387096774,27.34535315456232
53741,none,2,edge-2,51.93729,4.480137,3941.796807331574,3217.3877305463566,15793,509.4516129032258,98.35099196368574
53754,none,7,edge-7,52.273999999999994,20.964,5066.116032637804,3296.747894775793,63,2.032258064516129,149.68150598487685
53788,none,0,edge-0,39.765405699999995,2.7145415,3694.3972730317478,1882.5956898960294,16505,532.4193548387096,394.4572647694975
53796,none,2,edge-2,51.49850658999999,5.39491475,4001.454816488765,3164.284012829239,6609,213.19354838709677,33.695407823029626
5380,none,9,edge-9,42.68,23.310000000000002,5408.882025643735,2271.44797187864,16019,516.741935483871,58.51615599838134
53804,none,2,edge-2,51.5119904,5.3932492,4001.4338638053123,3165.788972280557,16022,516.8387096774194,33.114543954723544
53810,none,2,edge-2,51.50596317,5.40737897,4002.370449422062,3165.0577469459863,14678,473.48387096774195,32.541894505214266
53812,none,5,edge-5,52.5839288,13.3361582,4547.041322650275,3280.159183111106,16460,530.9677419354839,97.27548352137732
53816,none,2,edge-2,51.557329,5.480715999999999,4007.803944676852,3170.4458483756744,15974,515.2903225806451,25.5238517180806
53822,none,2,edge-2,51.50701961,5.37242442,3999.956523103703,3165.3282425614093,15902,512.9677419354839,34.656474222962544
53856,none,2,edge-2,51.49416381,5.32476325,3996.5637926576564,3164.1110998395975,6616,213.41935483870967,38.25818870565193
53860,none,2,edge-2,51.56017748,5.53526402,4011.5981064844896,3170.529598566709,14615,471.4516129032258,21.91797553708405
53866,none,3,edge-3,49.00339945000001,12.162604550000001,4479.249870306354,2879.014231425576,16609,535.7741935483871,176.99244787320592
53884,none,3,edge-3,49.50037455,11.75372958,4448.043508285749,2933.463730058215,16473,531.3870967741935,162.6833438611059
53888,none,2,edge-2,51.51022018,5.36099821,3999.1876221921266,3165.7340422925645,3269,105.45161290322581,35.222713617719236
53889,none,1,edge-1,51.400000000000006,-2.342,3466.807560585644,3215.6866820564837,273,8.806451612903226,71.17515229443121
53892,none,2,edge-2,51.56687036,4.77497041,3959.060097035218,3174.7699098985972,16523,533.0,73.0990283794638
53932,none,5,edge-5,52.496,13.482,4557.384914621197,3270.847572049553,16664,537.5483870967741,102.89666084590041
53934,none,3,edge-3,47.73180747,7.3456049,4121.817295605883,2738.928925277655,15860,511.61290322580646,217.69600869820695
53942,none,5,edge-5,53.5014993,10.07179946,4325.764919981477,3377.084373821496,16516,532.7741935483871,196.43676391738842
53944,none,9,edge-9,42.509764,24.182137,5482.539208160635,2265.892136734848,16614,535.9354838709677,20.023138534704948
53948,none,2,edge-2,50.8607775,7.03891282,4112.57692435933,3087.472411726291,8032,259.0967741935484,121.41264451579546
53960,none,1,edge-1,48.638,-2.02,3439.299599132538,2908.1887287589366,16620,536.1290322580645,372.6913856178141
53968,none,2,edge-2,51.49996394,5.38606614,4000.851980801169,3164.484653407584,15999,516.0967741935484,34.16212080998533
53996,none,7,edge-7,52.3602646,17.01732337,4798.206854520378,3273.113254463862,273,8.806451612903226,170.65890523347997
54022,none,7,edge-7,51.05799999999999,17.22,4826.2543954738185,3130.168858010167,3583,115.58064516129032,143.84968457132456
54038,none,3,edge-3,48.844,9.726,4300.882017536482,2859.0068664415426,16390,528.7096774193549,2.5079199576954077
54042,none,2,edge-2,51.508,5.406,4002.2891512806273,3165.2900030289175,7281,234.8709677419355,32.52210669008789
54088,none,2,edge-2,52.043972180000004,4.48590875,3943.0911989968877,3229.199161476685,14645,472.4193548387097,102.48141973091761
54114,none,2,edge-2,52.1420542,4.394586699999999,3937.6874664358825,3240.562874045948,16612,535.8709677419355,113.03961682730073
54128,none,7,edge-7,49.94369328,21.82491213,5165.663395079321,3049.51724227869,13173,424.93548387096774,260.9297027774876
54132,none,3,edge-3,48.08118957,13.56925607,4586.955921454303,2780.606097115375,13159,424.48387096774195,294.20936525875976
54144,none,8,edge-8,47.324,18.792,4984.338036628551,2729.4838147910377,17817,574.741935483871,24.496392006233133
54160,none,5,edge-5,51.75951248,14.33545339,4620.13894397718,3192.134671642441,37577,1212.1612903225807,164.66731656879244
54162,none,7,edge-7,52.23804543,16.86367303,4789.079579222116,3258.56827685788,14345,462.741935483871,173.47317915448454
54172,none,2,edge-2,52.35399999999999,4.97,3978.5925546046888,3261.225173929452,15818,510.258064516129,98.6267719230258
54174,none,2,edge-2,51.3634566,6.75716881,4095.2287457829375,3144.1895247581774,16090,519.0322580645161,71.80697671698432
54194,none,2,edge-2,50.906,6.972,4108.077057413361,3092.6922566314342,16526,533.0967741935484,114.52160255741843
54208,none,9,edge-9,42.77936377,23.11935984,5391.692310901168,2279.5859089626747,4530,146.1290322580645,75.28899250338645
54212,none,7,edge-7,51.12981897,17.28483832,4829.983019360845,3138.575721344544,16413,529.4516129032259,136.6389207995682
54240,none,7,edge-7,50.36374534,19.26870257,4978.521421682664,3069.6257175046044,8249,266.0967741935484,132.62411864391754
54248,none,0,edge-0,39.768,2.722,3695.061551746655,1882.8198049003674,16590,535.1612903225806,394.7782156746372
54262,none,2,edge-2,52.364,6.452000000000001,4079.419475359733,3256.390760255292,7283,234.93548387096774,91.27583313511309
54288,none,2,edge-2,51.5086423,5.38891196,4001.1099816381457,3165.4360916993464,13965,450.48387096774195,33.54873384212182
54300,none,9,edge-9,43.32196197,21.90564394,5284.724511440112,2322.6163725007495,32,1.032258064516129,187.51539880587302
54306,none,4,edge-4,45.188,5.712,3983.671415451007,2462.5850900500945,15998,516.0645161290323,347.5712650079646
54329,none,5,edge-5,51.12,13.136,4540.496713470288,3116.800626604377,16661,537.4516129032259,142.13610810938223
54357,none,2,edge-2,51.50512641,5.377448200000001,4000.291209607947,3165.0958811853375,15684,505.93548387096774,34.435373035978245
54369,none,7,edge-7,52.434,17.056,4800.0295881170405,3281.5395828886008,14187,457.64516129032256,172.8464718552231
54381,none,5,edge-5,52.33931691,13.6270836,4568.097514670218,3253.9124942077956,305686,9860.838709677419,108.75484930975729
54383,none,5,edge-5,51.06682551,13.66841108,4578.023402860191,3112.6254592288974,16423,529.7741935483871,169.0403281216165
54389,none,3,edge-3,50.39,8.64,4224.28462412552,3031.784717436111,16595,535.3225806451613,190.0098118910333
54437,none,2,edge-2,51.31787293,5.98830253,4041.477611703789,3141.78264382777,15938,514.1290322580645,37.763731967259965
54439,none,10,edge-10,53.848000000000006,27.498,5459.8133619096225,3554.271035653065,8111,261.64516129032256,494.09887445177895
54459,none,3,edge-3,49.35,8.152,4186.715626289218,2916.9143758223245,38798,1251.5483870967741,130.24636842938637
54503,none,7,edge-7,50.09,21.954,5172.179683683023,3067.1073129287365,16223,523.3225806451613,256.78246231468614
54512,none,8,edge-8,47.43800000000001,19.025999999999996,5000.39988048591,2744.199870949364,1463,47.193548387096776,31.68935126962711
54546,none,4,edge-4,45.184,9.85,4309.1915466407245,2452.4589524260628,70,2.2580645161290325,35.98083182510077
54552,none,2,edge-2,51.50797119,5.39850622,4001.769860005061,3165.3195486937516,13336,430.19354838709677,32.98661675025969
54556,none,4,edge-4,37.52,15.106,4775.503034803934,1620.0665379614518,8007,258.2903225806452,918.2175898558697
54562,none,1,edge-1,53.358000000000004,-1.486,3559.8849050527806,3421.558967725223,15674,505.61290322580646,156.19555210998166
54592,none,8,edge-8,48.558,18.15,4921.435671368589,2860.401754766932,15541,501.3225806451613,168.39411745816918
54598,none,8,edge-8,44.79510083,20.53161478,5152.726223973529,2468.0645735844046,15706,506.64516129032256,287.19405409779085
54624,none,2,edge-2,51.5070902,5.407713800000001,4002.4015132387117,3165.181467741882,16002,516.1935483870968,32.4631387083725
54648,none,5,edge-5,53.58400000000001,9.858,4311.594475634056,3386.2721607768854,684,22.06451612903226,212.89431587963014
54666,none,10,edge-10,50.006,36.18,6152.124899608462,3320.5418564972547,7799,251.58064516129033,516.1370262233512
54726,none,4,edge-4,45.16706899999999,5.727303,3984.7470388946394,2460.1965992113714,16608,535.741935483871,346.233746040921
54742,none,4,edge-4,43.42793345,11.83531858,4469.986428351446,2259.549630129294,19987,644.741935483871,215.43153129342318
54806,none,11,edge-11,55.776,37.496,5998.611569783609,3956.999583134681,14649,472.5483870967742,63.067805218521904
54816,none,11,edge-11,55.752,37.884,6021.918315912875,3963.70678093663,16293,525.5806451612904,69.02115633022868
54822,none,8,edge-8,43.546,16.426,4840.92873730597,2293.087591625545,4447,143.4516129032258,449.3425449565339
54838,none,3,edge-3,47.85537134999999,7.62479603,4143.187444214764,2751.941454589741,7969,257.06451612903226,192.69561646677644
54848,none,2,edge-2,51.32406654999999,5.08526674,3978.7026586249203,3146.314464526539,28250,911.2903225806451,62.248348634686025
54850,none,5,edge-5,51.333999999999996,12.396,4487.949364170975,3138.6379853577714,5154,166.25806451612902,99.72234848952793
54854,none,3,edge-3,49.48,8.658,4223.737871320175,2930.570483795234,16644,536.9032258064516,107.06664991956809
54858,none,4,edge-4,45.4120894,10.9852633,4398.241395568313,2478.266500314685,11151,359.7096774193548,89.06568810410296
54868,none,4,edge-4,45.06984223,7.69710334,4139.3692685566975,2442.5826002603203,5487,177.0,190.61367189720906
54874,none,11,edge-11,56.34863201,43.87457514,6326.611253750045,4181.1889873737055,415,13.387096774193548,386.2694020110051
54876,none,3,edge-3,48.472,8.166,4185.351006314638,2819.3028248868313,8054,259.80645161290323,124.5431138771152
54882,none,2,edge-2,51.448,4.742,3955.8306023121568,3161.7375464116494,16190,522.258064516129,78.03070074481715
54900,none,9,edge-9,41.924,25.562,5606.216897902831,2224.4366599983186,16665,537.5806451612904,149.36603654760648
54910,none,5,edge-5,51.24,9.964,4318.485924287349,3125.4429398637653,16683,538.1612903225806,179.6020723553634
54914,none,4,edge-4,41.21156412,14.12025601,4667.819145043423,2021.81453955649,16269,524.8064516129032,524.6888740214711
54918,none,2,edge-2,50.56199999999999,7.454,4140.631878910717,3053.1541162786552,1330,42.903225806451616,165.71353685509874
5492,none,5,edge-5,53.54,10.224,4335.852181251277,3381.3894301195814,8029,259.0,192.88448889219637
54920,none,5,edge-5,53.05350000000001,8.8385,4243.115535344161,3327.8506067419294,16167,521.516129032258,237.028938370092
54924,none,7,edge-7,52.269999999999996,20.984,5067.5304647223975,3296.5122845255155,16487,531.8387096774194,150.6087989638874
54928,none,3,edge-3,47.88250556,7.68219531,4147.574782966602,2754.819170181438,14514,468.19354838709677,187.44891769390628
54948,none,4,edge-4,41.882,12.53,4531.734997796891,2090.06945866998,8230,265.48387096774195,389.3025715623167
54978,none,8,edge-8,47.52199999999999,19.106,5005.275109244157,2754.2145408117044,15825,510.48387096774195,41.78673359089574
54994,none,3,edge-3,47.242,8.648,4218.564969348442,2681.8699857423676,16639,536.741935483871,196.41535486422828
550,none,3,edge-3,48.764,9.176,4260.403102937779,2850.4146079934994,15922,513.6129032258065,43.840541637755216
5502,none,9,edge-9,42.90713026,23.79171163,5443.458528309236,2303.3958033992158,10022,323.2903225806452,34.254885741836766
55032,none,2,edge-2,51.07600000000001,7.950000000000001,4177.3495404443465,3109.2110359706685,16116,519.8709677419355,160.89394825184766
55042,none,7,edge-7,51.76325,19.22167,4955.701123857692,3223.858853632612,16583,534.9354838709677,24.48872326897213
55044,none,7,edge-7,50.42,18.854,4948.524152022618,3072.2035863888186,76321,2461.967741935484,127.46778603869134
55050,none,3,edge-3,49.15302235,11.023574530000001,4395.683321213286,2893.8451473422224,13458,434.1290322580645,98.64358385046324
55066,none,9,edge-9,42.114,24.220000000000002,5493.2796420474315,2223.2376570886663,16514,532.7096774193549,61.19234602900656
55070,none,2,edge-2,52.07,8.596,4224.733275330111,3218.7160980538056,16286,525.3548387096774,196.84420765410636
55075,none,2,edge-2,51.49474812,5.39589912,4001.496709730288,3163.8622450412195,15532,501.03225806451616,33.835857006955386
55077,none,4,edge-4,44.702,11.03,4402.783613029174,2399.539844036167,4025,129.83870967741936,77.32079233492261
55129,none,2,edge-2,53.077552999999995,6.574408,4091.5113445354204,3335.3182304504717,939,30.29032258064516,167.83996885716803
55171,none,3,edge-3,47.510000000000005,8.68,4221.503525340941,2711.5966257825494,16166,521.483870967742,168.64268913364057
55175,none,0,edge-0,36.70266141,-6.13052113,2879.0655723987084,1667.0801455449298,16206,522.7741935483871,723.7215532630383
55187,none,2,edge-2,52.00200000000001,5.464,4009.7227789062927,3219.9124766791992,16620,536.1290322580645,47.1845399760956
55191,none,7,edge-7,50.36,18.742,4941.417166417232,3064.6152046556226,2982,96.19354838709677,135.4345664207989
55217,none,8,edge-8,46.73599999999999,15.666,4753.9839228640185,2641.268775123619,5669,182.8709677419355,258.09720761665363
5522,none,3,edge-3,48.730000000000004,8.006,4174.278328999384,2848.28067758842,16092,519.0967741935484,129.55779188730418
55227,none,2,edge-2,50.92299855,6.90662214,4103.562411961948,3094.7741590595792,150966,4869.870967741936,109.98611932856132
55263,none,3,edge-3,48.752,9.168,4259.80006912913,2849.0872767273586,75207,2426.032258064516,44.708163669608
55289,none,4,edge-4,45.394,5.734,3986.6469357545716,2485.3151735713627,5841,188.41935483870967,348.0020043387528
55347,none,11,edge-11,55.7,38.27,6046.310864117583,3967.597694620191,8023,258.80645161290323,84.51079040952706
55351,none,3,edge-3,49.48,10.986,4392.462948249367,2930.162030123163,311025,10033.064516129032,113.99367738468682
55371,none,7,edge-7,50.16065174,19.46841395,4995.480095922953,3049.0054143011866,16183,522.0322580645161,156.69926100211924
55373,none,8,edge-8,47.838,16.49,4806.39979432991,2768.477353239723,16217,523.1290322580645,203.47806350315255
55383,none,9,edge-9,42.65543751,23.259706740000002,5405.266633024834,2268.03171387392,16524,533.0322580645161,62.586111618218844
55388,none,2,edge-2,51.43817000000001,5.5179,4009.5651427926705,3157.05059607025,16047,517.6451612903226,30.99100616382489
55406,none,11,edge-11,55.7813346,37.480229,5997.476833805906,3957.1833045653807,851,27.451612903225808,62.51919837003047
55424,none,9,edge-9,42.666,23.35,5412.368661605507,2270.496056674122,16574,534.6451612903226,55.18621279164239
55438,none,3,edge-3,49.09161623,8.27450484,4194.9537745596335,2887.975637548388,16270,524.8387096774194,112.23437758182952
55452,none,4,edge-4,45.4049896,10.9827918,4398.057568529014,2477.4761325583336,15953,514.6129032258065,88.42789050194696
55454,none,2,edge-2,51.01829372,4.78689283,3955.5465988166793,3113.810360917954,16538,533.483870967742,100.11069551737278
55456,none,2,edge-2,52.836,6.376,4076.880561060108,3309.112213009111,16608,535.741935483871,138.22102107644278
55466,none,9,edge-9,41.593999999999994,23.81,5469.665103273196,2160.095899401773,16615,535.9677419354839,118.42159620139762
55470,none,8,edge-8,47.872,16.384,4798.177574679929,2771.5537435886517,8018,258.64516129032256,212.23030985299295
55476,none,2,edge-2,51.91188127,4.39128626,3935.489187988503,3215.033708912874,16609,535.7741935483871,103.31173342962138
55500,none,8,edge-8,49.0731059,19.3140113,4999.623172536723,2927.454780111126,19910,642.258064516129,214.91530492643494
55517,none,1,edge-1,51.17600000000001,-0.7079999999999999,3575.2534730900056,3173.100432717174,16152,521.0322580645161,122.74326284196286
55550,none,7,edge-7,49.97200000000001,18.944,4960.867090207657,3023.457597710508,13225,426.61290322580646,176.3715776483752
55568,none,9,edge-9,42.66504812,23.3719498,5414.159000178537,2270.711187594333,16258,524.4516129032259,53.38361177753124
55580,none,3,edge-3,47.72755,12.892078,4538.026136625166,2739.1248072380586,8085,260.80645161290323,263.49594835843476
55590,none,9,edge-9,42.78,23.116,5391.409817761228,2279.6076600182023,14369,463.51612903225805,75.5717751055423
55592,none,1,edge-1,53.396,-1.51,3558.9863497342344,3425.9942391158597,13,0.41935483870967744,160.07385381476752
55654,none,3,edge-3,49.93092529,8.40960771,4206.808487179154,2981.065343636626,16184,522.0645161290323,155.63395712347096
55656,none,2,edge-2,52.382,5.27,3999.183325416559,3262.965861146101,16257,524.4193548387096,90.77675440020398
55660,none,5,edge-5,53.550000000000004,9.964,4318.613597277424,3382.479913608041,13443,433.64516129032256,205.27923529749
55664,none,6,edge-6,57.88,12.164,4449.551923038427,3866.196972060547,232,7.483870967741935,386.51224783240536
55667,none,4,edge-4,43.6191784,6.782856000000001,4060.7566275705003,2284.50134659022,19511,629.3870967741935,301.5127186255171
55675,none,9,edge-9,44.33,23.802,5417.045816995889,2459.2403693540728,16214,523.0322580645161,187.52218308359775
55683,none,7,edge-7,52.29581065000001,20.80673218,5055.159344949703,3297.5517061702294,16180,521.9354838709677,142.0765614158417
55685,none,3,edge-3,49.544000000000004,8.646,4222.9972998505455,2937.7021553966265,12,0.3870967741935484,112.48616552284408
55703,none,8,edge-8,47.51139485,19.1416112,5008.076501949739,2753.3736269961205,2501,80.6774193548387,41.2641991563595
55725,none,3,edge-3,48.2380319,14.2385204,4635.792176107428,2800.6495877103525,16677,537.9677419354839,337.4891428663478
5574,none,2,edge-2,52.242,7.956,4181.400601421254,3238.8862057399824,16615,535.9677419354839,161.13098178418045
55741,none,2,edge-2,51.61597474,5.44798225,4005.9450435712765,3177.1010376744753,14730,475.16129032258067,26.15618921503103
55755,none,1,edge-1,52.29,-1.474,3541.8307248106144,3303.857371692362,15919,513.516129032258,45.76985180526206
55757,none,12,edge-12,44.61000000000001,44.077999999999996,6924.275519956769,2999.822394480406,7415,239.19354838709677,261.19927882402317
55759,none,7,edge-7,52.126,20.664,5048.311809777044,3277.3969973388776,7571,244.2258064516129,123.61853715087709
55763,none,2,edge-2,51.958,5.426,4006.8115037996513,3215.1878899111066,16544,533.6774193548387,44.661267455276274
55765,none,7,edge-7,54.16026298,19.41519892,4934.154130117057,3490.37283580847,7902,254.90322580645162,291.31659302386294
55799,none,5,edge-5,52.56353244,13.21088791,4538.660852742134,3277.50946725969,16418,529.6129032258065,88.64279802879997
55801,none,7,edge-7,51.96,20.158,5016.640983909344,3254.1390304902393,16108,519.6129032258065,84.38893060432892
55806,none,8,edge-8,47.54933738,18.71964365,4976.053111276503,2753.7350138839442,13317,429.5806451612903,48.69665028465447
55810,none,5,edge-5,53.6457579,10.16828828,4332.130596441093,3393.1484967205993,16213,523.0,204.30158971669394
55822,none,2,edge-2,51.87719174,6.68824106,4093.02409555839,3201.513515220893,19969,644.1612903225806,65.20378329401312
55840,none,0,edge-0,40.37,-3.718,3157.345999420602,2024.9575514708256,16519,532.8709677419355,286.4930327047604
55854,none,2,edge-2,50.98041744,4.18414753,3913.0569296457625,3112.7947064705977,15265,492.4193548387097,135.87740466013372
55916,none,1,edge-1,53.246,-6.67,3219.439873532949,3476.043276842636,16681,538.0967741935484,350.58089331870974
55932,none,11,edge-11,55.70000000000001,37.984,6029.916247331277,3960.7024415533306,10293,332.03225806451616,76.59803310129635
5595,none,3,edge-3,48.002,7.788,4155.87539348744,2767.8510720340673,16198,522.516129032258,173.41602845136762
55990,none,11,edge-11,55.806,38.08200000000001,6030.902447429729,3974.052301258752,7946,256.3225806451613,68.29704063994389
56006,none,4,edge-4,44.696,10.522,4362.453141605586,2398.455708486064,16514,532.7096774193549,41.191876834385035
56027,none,7,edge-7,51.136,16.898,4802.985867432908,3136.637089761621,12267,395.7096774193548,161.9878513354419
56038,none,3,edge-3,47.848000000000006,9.0,4246.115067116631,2748.772525676873,6331,204.2258064516129,124.24131611087658
56040,none,0,edge-0,41.366,2.072,3656.328295654551,2064.3314591396693,1736,56.0,262.0107406798858
56052,none,9,edge-9,42.648,23.384,5415.445131802198,2269.0208449309807,9938,320.5806451612903,52.39042273112375
56070,none,1,edge-1,52.078,-0.058,3633.9676026163065,3266.211684641352,16485,531.7741935483871,127.76537962744979
56074,none,11,edge-11,55.84,37.442,5992.76959073601,3962.3887202156166,12205,393.7096774193548,56.14075352540278
56076,none,3,edge-3,49.022,12.066,4472.126053629044,2880.8786051659854,16606,535.6774193548387,170.14552340978113
56088,none,7,edge-7,52.28481455,20.88934078,5060.906140688912,3297.1772003633905,14341,462.61290322580646,146.04314451442482
56138,none,2,edge-2,51.51958555,5.39186507,4001.391214369642,3166.638638214151,12316,397.2903225806452,32.84135180374123
56140,none,2,edge-2,51.02695283,6.95619911,4107.52341696875,3106.184061689643,7475,241.1290322580645,104.41194046663077
56142,none,3,edge-3,48.588,10.836,4382.696405803424,2830.860754922534,13961,450.35483870967744,84.15891574184512
56146,none,10,edge-10,47.12013677,27.62103224,5644.838052862058,2825.972456818783,16189,522.2258064516129,288.13596060387806
56150,none,4,edge-4,46.31382014,7.73106247,4146.071484919853,2580.519831004248,14436,465.6774193548387,241.75040852853482
56164,none,0,edge-0,39.76574756,2.71306694,3694.27418709125,1882.6454730035234,16573,534.6129032258065,394.33428112860037
56174,none,7,edge-7,52.32269658,20.88991284,5060.31356733386,3301.358104997143,14182,457.48387096774195,148.4365464693038
56182,none,8,edge-8,46.052,14.544,4672.847857069458,2559.530144938311,13656,440.51612903225805,363.02159625866017
56220,none,7,edge-7,51.83539964,19.22804564,4955.123226788775,3231.887736496038,8055,259.83870967741933,32.39974033923144
56241,none,7,edge-7,53.096,23.226,5201.370386497664,3412.482158529223,20008,645.4193548387096,327.6930836604778
56270,none,9,edge-9,43.24,27.88,5761.66137095955,2409.6685426342165,14920,481.2903225806452,322.56734775273287
56272,none,8,edge-8,48.914,18.159999999999997,4917.88586396859,2899.862083787407,8112,261.6774193548387,205.34576773569495
56288,none,3,edge-3,49.95965783,9.18015754,4262.1659647779,2983.352426949023,16662,537.483870967742,130.98412386682008
56330,none,3,edge-3,48.058,10.632,4368.134035829965,2771.8047488841653,16630,536.4516129032259,108.62363354554826
56359,none,5,edge-5,51.132,13.588,4572.040677746768,3119.589147758995,4886,157.61290322580646,159.87394420603445
56374,none,3,edge-3,47.034,7.376000000000001,4121.43477303711,2661.3613991749085,16538,533.483870967742,268.66031769283387
56392,none,5,edge-5,53.584,9.978,4319.5428050296405,3386.2631711199615,16276,525.0322580645161,207.38478898209672
56394,none,3,edge-3,47.16946434,8.29963017,4191.996317114391,2674.3574531961867,16207,522.8064516129032,215.66281142925547
56400,none,5,edge-5,53.638,9.876,4312.79713309462,3392.279266311895,16612,535.8709677419355,216.38723363852748
56402,none,9,edge-9,35.16,26.1,5791.404471280325,1499.36223517321,7424,239.48387096774192,843.9732442145853
56408,none,7,edge-7,52.32232599,21.196148689999998,5080.92243784152,3304.4754845206367,16546,533.741935483871,166.00355217200956
56414,none,8,edge-8,48.452,19.526,5023.69248361111,2860.8539086336127,13405,432.4193548387097,149.87289905867323
56420,none,2,edge-2,52.17,7.538,4152.592314234182,3231.7617251703628,4489,144.80645161290323,131.82383559259122
56434,none,8,edge-8,47.52186107,19.17851865,5010.694458535363,2754.873024400727,13428,433.16129032258067,43.19543459156996
56438,none,11,edge-11,55.6606221,37.5125904,6004.5101379659,3945.387350750575,7971,257.1290322580645,76.00806433320099
56444,none,9,edge-9,42.72187093,23.30162376,5407.441407508898,2275.9100749113336,16615,535.9677419354839,59.58761669913189
56464,none,7,edge-7,52.39442771,21.00778788,5067.037053428974,3310.4674333263165,14669,473.19354838709677,159.58878304349957
56468,none,2,edge-2,51.75248335,7.2015059,4127.801999939739,3186.166103620263,15240,491.61290322580646,96.04894886187304
56480,none,3,edge-3,49.1405043,8.91289204,4241.661268300068,2892.519920514006,180960,5837.419354838709,70.23078514021601
56506,none,1,edge-1,52.07731028,-0.05850703,3633.922631454937,3266.140348011474,16069,518.3548387096774,127.72531151373948
5651,none,5,edge-5,52.684,9.758,4304.63394923517,3286.1375899678646,16621,536.1612903225806,164.67583184454767
56510,none,7,edge-7,54.2687279,18.59203674,4879.399078283743,3495.6891908793323,15832,510.7096774193548,304.8977546601739
56518,none,2,edge-2,48.76025212,2.32132047,3757.4274036055745,2879.0564374993605,14688,473.80645161290323,406.2135466921146
56556,none,8,edge-8,48.85764089,21.90473735,5190.480710935943,2930.9728101868905,16245,524.0322580645161,288.4725210319039
56568,none,7,edge-7,49.95600000000001,20.004,5036.426701167863,3031.488969487379,15938,514.1290322580645,188.0331151912405
56582,none,7,edge-7,52.214,21.238,5085.598248457773,3292.9823857228953,5408,174.4516129032258,162.80153467754295
56594,none,2,edge-2,51.66,5.824,4032.215679295337,3180.436044828975,10068,324.7741935483871,2.084971790519198
56600,none,3,edge-3,48.152,11.53,4434.887546879561,2783.229497340711,8066,260.19354838709677,151.77787117692623
56604,none,8,edge-8,47.478,19.036,5000.623077663754,2748.7095516154964,9155,295.3225806451613,36.18429034803759
56668,none,3,edge-3,48.36,10.958,4392.02092716071,2805.6287899045956,13185,425.3225806451613,103.47254082534836
56681,none,5,edge-5,52.388,13.39,4551.706781801425,3258.5461449568747,16170,521.6129032258065,93.74022251797466
56689,none,1,edge-1,53.342,-1.534,3556.450088568813,3420.303367362136,11907,384.0967741935484,153.86685749328183
56699,none,0,edge-0,43.29321073,-5.64121485,3058.666292266274,2374.9979597270885,13333,430.0967741935484,414.458472439443
56703,none,9,edge-9,42.61192465,23.10323685,5393.401848901201,2261.020936407811,16177,521.8387096774194,75.61623860092783
56704,none,9,edge-9,43.235209819999994,27.89059371,5762.614492809326,2409.353271722888,16102,519.4193548387096,323.3105836086566
56707,none,3,edge-3,50.04958158,8.19304615,4191.583463681548,2994.618311056507,3901,125.83870967741936,175.74513210349087
56719,none,0,edge-0,40.636,0.278,3497.2301782223794,2001.6522206415473,16210,522.9032258064516,177.81747681971302
56721,none,8,edge-8,47.412,18.884000000000004,4990.106263073693,2740.033576513799,16464,531.0967741935484,29.960552409848862
56737,none,2,edge-2,51.226,4.91,3965.7612381520153,3136.2625182668157,16030,517.0967741935484,78.54213725493389
56755,none,5,edge-5,51.619596,9.9015881,4314.184141979457,3167.6793498525108,16597,535.3870967741935,161.4296906425512
56765,none,8,edge-8,49.0735777,19.3084674,4999.215226065359,2927.455747920263,5936,191.48387096774192,214.92125076487858
56777,none,9,edge-9,44.41345389,26.10006952,5594.666109723959,2504.869495297025,16404,529.1612903225806,259.9125597076116
56789,none,7,edge-7,51.65,17.78,4858.292765825546,3199.739421561631,13354,430.7741935483871,93.93636998062757
56821,none,7,edge-7,50.17843925,20.99123329,5102.792288166095,3066.1081991988653,16189,522.2258064516129,201.2312726021062
56831,none,9,edge-9,42.67600000000001,23.352,5412.347089445833,2271.6196716093195,16277,525.0645161290323,55.05615024743451
56833,none,3,edge-3,48.170910899999996,12.8265166,4531.27542193995,2788.1757598866434,16627,536.3548387096774,238.6448581121503
56835,none,7,edge-7,51.3350335,19.4119012,4974.832517450297,3178.223718390021,14158,456.7096774193548,31.122518073008308
56853,none,7,edge-7,52.42274868,16.91513389,4790.619291239757,3279.3739225524337,20069,647.3870967741935,180.2187566345143
56873,none,2,edge-2,51.449,5.463,4005.8307575568747,3158.48915235617,16331,526.8064516129032,32.91278012665037
56894,none,5,edge-5,50.078,13.704,4586.029148589038,3002.8769264030907,16309,526.0967741935484,263.33225061686863
5691,none,9,edge-9,42.68,23.364,5413.24285424811,2272.2319886885407,16260,524.516129032258,54.09327801337881
56912,none,10,edge-10,53.928,27.662,5468.0530681412865,3565.5448844555735,16467,531.1935483870968,500.6727016584748
56928,none,5,edge-5,52.502,13.426,4553.554897087387,3271.3341137806983,16241,523.9032258064516,99.49862947514019
56944,none,4,edge-4,42.524,12.052,4490.131610728932,2159.906611766437,16407,529.258064516129,308.01848319119904
56992,none,7,edge-7,49.754,18.636,4941.761416628264,2996.7096141968286,15732,507.48387096774195,203.17772815352953
57000,none,7,edge-7,50.006,21.964,5174.385113369385,3057.9838325798964,10095,325.64516129032256,263.46425671862585
57024,none,7,edge-7,54.346,18.562,4876.423637502489,3504.003926764415,16453,530.741935483871,313.6838328109682
5703,none,5,edge-5,51.738,10.05,4324.45390299204,3180.849742495338,6457,208.29032258064515,146.82382890514788
57038,none,3,edge-3,49.304,8.256,4194.15187756632,2911.616230577132,15674,505.61290322580646,121.23872651343628
57048,none,7,edge-7,54.294,18.598000000000003,4879.4450121935815,3498.5303004292764,15930,513.8709677419355,307.64649874363573
57068,none,8,edge-8,47.448,18.904,4991.138580260495,2744.1913328136256,14980,483.2258064516129,33.46429659944078
57082,none,7,edge-7,52.12882,20.65047,5047.3507958710825,3277.57273907742,16009,516.4193548387096,122.98439591324764
57086,none,9,edge-9,42.91,23.792,5443.427268102678,2303.714018080206,8116,261.80645161290323,34.50829387050313
57094,none,2,edge-2,50.995999999999995,3.706,3879.7582919595125,3117.3001692011135,16684,538.1935483870968,164.09454166240113
57100,none,5,edge-5,54.362692249999995,10.19361466,4333.589033739145,3472.9354938599886,16583,534.9354838709677,270.2235696722339
57144,none,4,edge-4,46.52291,6.63812,4062.874497409179,2606.9095346490462,16244,524.0,323.7772911965374
57164,none,7,edge-7,51.21831563,17.36639678,4834.672237892201,3148.950504489112,12977,418.61290322580646,128.01074948600814
57166,none,7,edge-7,51.21925979,17.39380628,4836.565452414457,3149.2482342248777,12994,419.16129032258067,126.15519878908032
57168,none,7,edge-7,51.20436268,17.3828575,4835.971590224354,3147.5207661827344,13003,419.4516129032258,127.39650756989367
57174,none,7,edge-7,51.21005258,17.37971395,4835.689585744106,3148.128908639288,12163,392.35483870967744,127.40692784710214
57178,none,7,edge-7,51.20913512,17.38947183,4836.377726611916,3148.09608862737,13202,425.8709677419355,126.7911213242925
57180,none,7,edge-7,51.2118572,17.3950991,4836.738162671543,3148.4373482876827,13332,430.06451612903226,126.32322214720665
57182,none,8,edge-8,48.77420684999999,18.74406399,4962.18960164736,2889.3156422970474,16617,536.0322580645161,181.19933819520122
57188,none,7,edge-7,51.21090035000001,17.39907891,4837.025343902091,3148.3594663779886,6207,200.2258064516129,126.09236050212581
57192,none,5,edge-5,52.588,13.396,4551.071259432106,3280.799419448952,2649,85.45161290322581,101.14557557896305
57194,none,7,edge-7,51.20467862,17.39177316,4836.587491445773,3147.6186657627236,12861,414.8709677419355,126.79452798936364
57234,none,5,edge-5,52.604,13.318,4545.70957410601,3282.334363582844,13921,449.06451612903226,97.14896447450384
57250,none,1,edge-1,52.01400000000001,-0.68,3590.7803137641426,3265.2085909315138,40519,1307.0645161290322,84.83184908647341
57274,none,7,edge-7,52.264400179999996,20.64309537,5044.6466425242215,3292.4483134981892,4725,152.41935483870967,130.9907119692958
57276,none,5,edge-5,50.09307549999999,14.5083719,4643.405911660783,3007.7721293409763,16568,534.4516129032259,291.0865200577078
57374,none,7,edge-7,53.89,25.34,5321.003787859087,3526.8557891764085,7692,248.1290322580645,493.03112271853706
57388,none,7,edge-7,51.20395599,17.37937063,4835.733873885815,3147.4511349080553,1237,39.903225806451616,127.64191797240504
57392,none,7,edge-7,51.21013665,17.38645611,4836.157019130553,3148.1857565270734,13336,430.19354838709677,126.95646526465441
57406,none,3,edge-3,48.04457571,12.8756547,4535.461417174616,2774.2849621377936,16557,534.0967741935484,247.05868164886675
57422,none,7,edge-7,52.48306771,16.84900671,4785.509916710022,3285.6356349825937,12728,410.5806451612903,187.60167366686758
57442,none,8,edge-8,47.042,15.498,4738.741646835325,2674.2164509283552,16518,532.8387096774194,266.07644356106175
57496,none,2,edge-2,51.623059569999995,5.42923175,4004.6985326442987,3177.969119281392,9616,310.19354838709677,27.37530735093857
5753,none,9,edge-9,42.14,24.76,5536.637489340775,2234.6521198965993,16607,535.7096774193549,82.30789508389459
57538,none,9,edge-9,42.53233494,27.45438414,5745.0365332882675,2324.7461974846256,16599,535.4516129032259,281.88489612808206
5755,none,9,edge-9,42.129999999999995,24.732,5534.565522286343,2233.108316470291,15970,515.1612903225806,81.41207923079358
57568,none,2,edge-2,51.94799999999999,5.922,4040.775890283162,3212.054364615087,12364,398.83870967741933,34.80440916364022
57574,none,8,edge-8,49.0,21.242,5140.161225091256,2939.0298804587696,16596,535.3548387096774,265.27101505405363
57584,none,2,edge-2,48.91665684,2.33591974,3760.264092315763,2896.256194108091,19688,635.0967741935484,391.73894900495935
57594,none,4,edge-4,46.51,6.686000000000001,4066.486331915026,2605.311845183818,16591,535.1935483870968,319.8998217576956
57600,none,9,edge-9,43.593999999999994,24.334,5473.401985346922,2386.7382300640265,16595,535.3225806451613,108.44205424562008
57616,none,1,edge-1,52.053999999999995,-9.494,3002.236322929868,3394.097602288635,213989,6902.870967741936,518.1789504418829
57628,none,3,edge-3,49.06,10.616,4366.031363029966,2883.1718093016934,16578,534.7741935483871,67.1345502320267
57640,none,2,edge-2,52.23828327,4.80842024,3966.6937354672327,3249.1493643035064,16658,537.3548387096774,96.36331191048146
57644,none,4,edge-4,46.51,6.686,4066.486331915026,2605.311845183818,16414,529.483870967742,319.8998217576956
57646,none,2,edge-2,51.61845021,5.437277559999999,4005.222456201276,3177.422278676668,15509,500.2903225806452,26.8648829647092
57668,none,5,edge-5,52.366,12.912,4519.296493877695,3254.6914844675257,29034,936.5806451612904,61.58399104522377
57672,none,4,edge-4,45.70819419,4.74596143,3911.6898164926993,2525.060809609648,5201,167.7741935483871,429.6716343360521
57680,none,4,edge-4,44.587865550000004,10.74081212,4379.941762428361,2386.609560949758,8250,266.1290322580645,62.310980772594455
57749,none,2,edge-2,51.6222692,5.52519524,4011.3241918917056,3177.4696982825976,16632,536.516129032258,20.765839429432585
57771,none,10,edge-10,50.218826,34.351668,6022.324784474844,3298.611051659691,14551,469.38709677419354,389.89417758791626
57777,none,2,edge-2,51.30592215,6.62639737,4085.8369121918354,3138.2066571874257,11313,364.93548387096774,67.10245247533894
57779,none,3,edge-3,49.486,9.64,4294.910487084162,2930.4139332245036,78060,2518.064516129032,71.89123159576954
57791,none,7,edge-7,51.798,21.588,5116.530845397351,3250.928723874609,5680,183.2258064516129,172.12761991631245
57799,none,10,edge-10,53.86600000000001,30.298,5636.269357087908,3603.8931937663006,3819,123.19354838709677,493.881230271169
5780,none,3,edge-3,49.798,10.022,4322.584131763659,2965.0458104671,16238,523.8064516129032,107.74476668290777
57803,none,7,edge-7,53.0117695,18.57410431,4894.970626464699,3356.5204435140477,23481,757.4516129032259,167.02411692494763
57827,none,6,edge-6,57.746,11.78,4427.132954854964,3850.66826125783,746,24.06451612903226,413.7072458902245
57845,none,2,edge-2,51.5731469,5.4467759,4005.5649078917195,3172.349044083203,15968,515.0967741935484,27.178357062905746
57847,none,7,edge-7,50.03,21.952,5173.1097195891825,3060.484068096395,16499,532.2258064516129,261.04862444467693
57851,none,2,edge-2,51.6289875,5.534184,4011.9910298111713,3178.1778895505586,16390,528.7096774193549,20.08086568056882
57885,none,1,edge-1,51.06,-0.086,3616.4750154648746,3154.126107632426,5703,183.96774193548387,163.25631913974303
57894,none,8,edge-8,47.46,19.034,5000.709839355813,2746.7031636394254,4147,133.7741935483871,34.17604432842206
57900,none,7,edge-7,53.716,19.94,4974.959310553762,3445.9146798437887,7754,250.1290322580645,247.34380122494267
57904,none,8,edge-8,47.462,19.03,5000.384352467367,2746.8872977282235,4076,131.48387096774192,34.37419553370152
57906,none,4,edge-4,45.94064473,11.11049831,4407.221735633522,2537.0632723067124,16572,534.5806451612904,138.8879660305729
57920,none,7,edge-7,53.69462928,19.98134673,4977.990713569408,3443.930430289654,7984,257.5483870967742,245.66738023364613
57930,none,7,edge-7,53.70518569,19.96234864,4976.5861402132505,3444.923264194557,7993,257.83870967741933,246.51202053172716
57932,none,7,edge-7,53.68994729,19.97120529,4977.400560166905,3443.3216604846484,8010,258.38709677419354,245.000639359645
57934,none,7,edge-7,53.69457846,19.96789008,4977.112265001282,3443.80274559684,7966,256.96774193548384,245.44978929883936
57936,none,7,edge-7,53.69582035,19.95592743,4976.311428995608,3443.8314322161505,7507,242.16129032258064,245.39844373403722
57940,none,7,edge-7,53.71640611,19.98428375,4977.845058672297,3446.3605598151366,7982,257.48387096774195,248.06915945429074
57942,none,7,edge-7,53.69375264,19.94409621,4975.5702950341065,3443.496143810588,7987,257.64516129032256,244.99305534988818
57976,none,9,edge-9,44.45275937,26.07507348,5591.839734890669,2508.724954891158,15193,490.0967741935484,261.91829638223044
57978,none,8,edge-8,46.77663604,23.56265366,5351.185511843937,2723.804102447544,14209,458.35483870967744,349.32493388971164
57982,none,8,edge-8,46.78420758000001,23.61061424,5354.633205423243,2725.3026527960865,11887,383.4516129032258,352.8218291237925
57990,none,2,edge-2,51.824,5.564,4015.3695422171695,3199.7157377782273,159,5.129032258064516,27.11414166350562
58018,none,7,edge-7,50.86,19.226,4968.624321788803,3124.079861631846,16564,534.3225806451613,77.2964576125013
58020,none,2,edge-2,48.91656518,2.33612895,3760.278297481819,2896.2444549286965,19743,636.8709677419355,391.7375468629701
58030,none,3,edge-3,50.27103692,9.30554062,4271.4875271319315,3017.889979239963,14838,478.64516129032256,162.03701990484046
58072,none,8,edge-8,46.626,18.865999999999996,4998.8349917777605,2653.05766798226,16598,535.4193548387096,59.58177872497455
58086,none,2,edge-2,51.5735244,5.46224,4006.637227923723,3172.324250303715,16630,536.4516129032259,26.13934200900915
58092,none,3,edge-3,48.178,11.577999999999998,4438.399691206129,2786.1937579264522,16581,534.8709677419355,153.40133447056354
5812,none,5,edge-5,52.4,9.558,4290.9154216338675,3254.5995347928624,16593,535.258064516129,171.30739668294783
5814,none,2,edge-2,52.302,8.134,4193.72593209331,3245.23430709663,7927,255.70967741935485,174.94278752805002
58145,none,2,edge-2,50.85539125,7.200492539999999,4123.92073164642,3086.425904119266,39380,1270.3225806451612,129.95196543567857
58204,none,3,edge-3,48.16101534999999,8.6096233,4217.522403097549,2784.025862888138,9846,317.61290322580646,114.00886146597165
58207,none,2,edge-2,51.62715500000001,5.4135676,4003.644799454106,3178.4920377494523,12180,392.9032258064516,28.426630393321055
58227,none,7,edge-7,50.12839234,20.13456977,5043.085267451596,3051.793822975303,16224,523.3548387096774,173.51281238596152
58239,none,11,edge-11,55.638,37.356,5996.445724223101,3939.3427139997084,9195,296.61290322580646,79.35679159086745
58245,none,9,edge-9,43.864,25.986,5598.046616173687,2443.0580812258936,1,0.03225806451612903,210.38986040562602
58257,none,5,edge-5,52.11077145,12.36978203,4483.317238407373,3224.9651460559176,15798,509.61290322580646,24.28037544165305
58267,none,7,edge-7,54.267473509999995,18.539562820000004,4876.02402431116,3495.146173555695,16540,533.5483870967741,305.1956631014692
58275,none,8,edge-8,47.65665541,23.64195585,5339.767064629852,2821.3572824200533,2392,77.16129032258064,354.81925043127393
58283,none,8,edge-8,46.797048159999996,23.66193509,5358.227549739456,2727.427872069545,7675,247.58064516129033,356.4961991088149
58295,none,11,edge-11,55.592,37.46,6004.412528827663,3937.0043576019593,16494,532.0645161290323,83.85677682497226
58323,none,2,edge-2,51.96098743,5.9747901,4044.478993324138,3213.295929899761,16067,518.2903225806451,37.07759432647075
58367,none,4,edge-4,42.524,12.052,4490.131610728932,2159.906611766437,634,20.451612903225808,308.01848319119904
58373,none,9,edge-9,43.356,27.672,5742.432349159489,2418.2700406013573,16607,535.7096774193549,308.89646290962713
58385,none,3,edge-3,47.843999999999994,8.966,4243.563120806676,2748.363084925944,16533,533.3225806451613,125.79822131447828
58445,none,3,edge-3,48.39080736,8.965117339999999,4244.326700910099,2809.1296862787694,16175,521.7741935483871,77.31721949539403
58463,none,2,edge-2,51.49564919,5.38659185,4000.858140020201,3164.003104956154,8188,264.1290322580645,34.354874375651946
58536,none,10,edge-10,52.3697239,30.41457424,5690.387745088458,3445.1913296198695,3692,119.09677419354838,333.3996115705455
58542,none,2,edge-2,51.508531559999994,5.39565384,4001.5762011929573,3165.3942680722616,16587,535.0645161290323,33.13529859110033
58548,none,7,edge-7,51.91193611,19.29830825,4958.836598814116,3240.958944870781,19904,642.0645161290323,41.86613340945975
58550,none,2,edge-2,51.6201312,5.4447296,4005.749079753276,3177.576775953941,16559,534.1612903225806,26.333559083954057
58564,none,2,edge-2,51.60905929999999,5.4573472999999995,4006.5444335498973,3176.29248764771,6,0.1935483870967742,25.609947382385382
58574,none,2,edge-2,51.51081246,5.401438992833502,4001.99287719114,3165.6223132326995,14865,479.51612903225805,32.66265275799095
58584,none,2,edge-2,51.50613896,5.366453829999999,3999.536744467058,3165.256705579029,16399,529.0,35.072475159875886
58588,none,2,edge-2,51.62599879999999,5.5423502,4012.534989128859,3177.8113367242577,16610,535.8064516129032,19.54370927812247
58598,none,8,edge-8,46.91,16.844,4842.0181412121265,2668.1172137186536,598,19.29032258064516,166.0786604893464
58604,none,2,edge-2,51.55692979999999,5.4498116,4005.662634691848,3170.5345791179043,14261,460.03225806451616,27.54239185460314
58610,none,2,edge-2,51.6219371,5.4244721,4004.3618405666502,3177.8650828441387,16631,536.483870967742,27.713614208389888
58622,none,2,edge-2,51.578,5.456,4006.23652764666,3172.848287379532,16636,536.6451612903226,26.415171442191774
58630,none,4,edge-4,44.50499168,11.36944145,4430.11261042214,2378.125262222278,16110,519.6774193548387,110.45040092571989
58636,none,4,edge-4,44.50501463,11.36953264,4430.119831021512,2378.127940057186,14955,482.4193548387097,110.45594479733883
58640,none,2,edge-2,51.4951472,5.37863,4000.3029620712105,3163.982296296772,16443,530.4193548387096,34.86862316251215
58652,none,2,edge-2,51.35275849999999,5.61551303,4015.7694456417644,3147.150654065162,15324,494.3225806451613,35.20686609322113
58662,none,7,edge-7,49.78600000000001,22.76,5234.705242177897,3043.4031584026907,16221,523.258064516129,322.79362096394846
58664,none,2,edge-2,51.6068679,5.5533116,4013.1629268706056,3175.6398770926057,16621,536.1612903225806,19.102277683630135
58668,none,9,edge-9,40.86930072,24.645574089999997,5552.492297300065,2094.150949797408,11817,381.19354838709677,203.2073911486507
58676,none,2,edge-2,51.52738244,5.48232794,4007.7097138251625,3167.1124893047613,2533,81.70967741935483,26.830877003717696
58686,none,1,edge-1,53.206,-6.106,3254.9887970731043,3463.237009173146,16587,535.0645161290323,314.27862701873676
58688,none,2,edge-2,51.52595667,5.40424347,4002.292963170603,3167.2921680113427,16497,532.1612903225806,31.76709180575746
58692,none,2,edge-2,51.5096156,5.3858821,4000.9069393684194,3165.5574792882676,6868,221.5483870967742,33.68990474435646
58714,none,2,edge-2,51.55648079000001,5.450058280000001,4005.6765966915827,3170.4836386594525,16573,534.6129032258065,27.54352141058739
5872,none,2,edge-2,51.31199999999999,7.378,4138.223232881157,3136.7325346462085,16631,536.483870967742,114.02102785145551
58720,none,2,edge-2,51.517521290000005,5.38922524,4001.193930566192,3166.4209200787122,6038,194.7741935483871,33.10359807500399
58722,none,2,edge-2,51.62511719999999,5.564610060000001,4014.067199677949,3177.6195351551673,16634,536.5806451612904,18.0189653993547
58739,none,7,edge-7,53.04600000000001,18.604,4896.506683410253,3360.5435259245974,3855,124.35483870967742,170.30021336521338
5877,none,9,edge-9,42.144,24.73,5534.122358568372,2234.6040348621123,16611,535.8387096774194,80.21660798792387
58775,none,8,edge-8,47.48,19.024,4999.6994284113325,2748.8202321125273,4738,152.83870967741936,36.34271179857215
58783,none,9,edge-9,42.69459992,23.30917686,5408.548998230714,2273.0342027941456,19860,640.6451612903226,58.67817980887726
58785,none,7,edge-7,51.862,19.378,4964.9822415057415,3236.1426304960146,19594,632.0645161290323,38.687562740244005
58787,none,2,edge-2,51.6144246,5.4422679,4005.5393805605167,3176.953540256818,6684,215.61290322580646,26.56877001159286
5879,none,9,edge-9,42.64,23.37,5414.460699804237,2267.9412971774395,9734,314.0,53.56100218817943
58799,none,2,edge-2,51.6117825,5.4411531,4005.444002277854,3176.664883247997,16407,529.258064516129,26.680756603384292
58805,none,2,edge-2,52.16523256,8.51346284,4219.2916217738275,3229.42291816834,16428,529.9354838709677,194.06015243938867
5883,none,2,edge-2,51.488,6.618,4086.187413034507,3158.472647041615,7143,230.41935483870967,57.653501072216116
58835,none,2,edge-2,51.49914911,5.37091702,3999.796715791434,3164.4606995105228,5843,188.48387096774192,35.13855581261409
58843,none,5,edge-5,54.356,10.099999999999998,4327.503162561303,3472.1784019956626,16636,536.6451612903226,272.4869523241979
58851,none,8,edge-8,46.77603941,23.60309815,5354.2296989701335,2724.30253196012,15052,485.5483870967742,352.38382219223723
58873,none,2,edge-2,51.49052239,5.392374689999999,4001.22290642711,3163.4083196896545,16630,536.4516129032259,34.27896184745044
58875,none,3,edge-3,49.04,12.126,4476.456943969903,2883.004071512657,10142,327.16129032258067,174.72043210092323
58879,none,9,edge-9,42.664,23.266,5405.61939791373,2269.0599446311303,8191,264.2258064516129,62.07387942742871
58887,none,7,edge-7,51.79536232,19.59666431,4980.872563589106,3230.7382881435274,8024,258.83870967741933,42.296013692517256
58895,none,10,edge-10,53.132471,26.025564000000003,5383.60176087162,3454.043771435116,7683,247.83870967741936,452.64396026996866
58907,none,2,edge-2,51.55327849999999,5.4869008,4008.2041245612154,3169.969396690463,16257,524.4193548387096,25.297616398165307
58923,none,2,edge-2,51.49527,5.379618800000001,4000.3723359376145,3163.991592205444,16634,536.5806451612904,34.80159174010265
58955,none,2,edge-2,52.334,5.024,3982.109207795092,3258.7514561796966,16619,536.0967741935484,94.65519426362277
58957,none,2,edge-2,51.61437611,5.53988814,4012.2859492995417,3176.5306393645055,14878,479.93548387096774,19.86918853146835
58965,none,2,edge-2,51.5496161,5.4847492,4008.0300652122683,3169.5718019705537,14718,474.7741935483871,25.595611477782914
58967,none,2,edge-2,51.894,5.08,3982.6041706243577,3209.6284924937686,2353,75.90322580645162,58.5229923530966
58979,none,10,edge-10,50.464,30.612,5762.363989601523,3244.0384298097083,19596,632.1290322580645,155.65331709603456
58989,none,8,edge-8,45.13654284,20.13299078,5116.586595609076,2501.3161220304096,16465,531.1290322580645,240.29474058626892
58999,none,4,edge-4,46.52382945,6.65550517,4064.212725665354,2606.9512947641783,15499,499.96774193548384,322.7025184317849
59009,none,9,edge-9,42.652,23.318,5410.03951074545,2268.4990327213272,5396,174.06451612903226,57.80321556318152
59013,none,2,edge-2,51.608677,5.601578299999999,4016.511764184776,3175.6383389484654,16621,536.1612903225806,15.794912436306074
59035,none,2,edge-2,51.6217244,5.5666223,4014.183352054488,3177.234175763096,16506,532.4516129032259,17.92290133969782
59043,none,2,edge-2,51.596,5.624,4017.9773563308695,3174.13671368492,16570,534.516129032258,14.71179441436758
59055,none,2,edge-2,51.444,7.46,4144.445900500066,3151.208821901414,16552,533.9354838709677,115.60739147941858
59063,none,4,edge-4,45.648,9.004,4243.2513847701,2504.4569254136613,16611,535.8387096774194,118.64541484264197
59071,none,2,edge-2,52.0232986,4.7010602,3957.638491188907,3225.8096919290188,16351,527.4516129032259,88.2726353550938
59073,none,5,edge-5,51.934,15.554,4702.571003026837,3217.2007346696005,6395,206.29032258064515,242.14255143014125
59076,none,3,edge-3,47.65197812,9.16331112,4258.104474598854,2726.8402086562505,819,26.419354838709676,139.72636883511825
59092,none,9,edge-9,42.72353992,23.35637301,5411.829119691258,2276.8867364741704,14578,470.258064516129,55.167373713049656
59103,none,2,edge-2,51.66,5.615999999999999,4017.8513100930195,3181.2798009346466,14106,455.03225806451616,14.517253088895323
59104,none,2,edge-2,51.67682987,5.8116214,4031.4681076274173,3182.3550229534094,16039,517.3870967741935,4.044138696715882
59106,none,3,edge-3,50.204,8.132,4187.644659788311,3011.89769930178,9889,319.0,191.747661451837
59110,none,8,edge-8,47.438,18.978,4996.807242184949,2743.760102490488,13187,425.38709677419354,31.642987161466653
59116,none,2,edge-2,51.9304022,4.640784,3952.7532161110503,3215.7993712491334,16132,520.3870967741935,87.71161072171344
5913,none,9,edge-9,42.684,23.356,5412.523567767394,2272.5534552992367,8390,270.64516129032256,54.77204662271715
59130,none,7,edge-7,51.06274746,16.98508501,4809.823690363567,3129.0971080999107,39586,1276.967741935484,158.91008993013574
59154,none,3,edge-3,48.944,9.418,4278.354111512874,2870.255265722785,16426,529.8709677419355,27.439374156913054
59164,none,2,edge-2,51.6132977,5.5512706,4013.0653733585873,3176.362749133961,15196,490.19354838709677,19.10997751690148
59170,none,2,edge-2,52.236,5.114,3987.4939947820426,3247.452445866385,16541,533.5806451612904,82.2278840347142
59186,none,2,edge-2,51.5721541,5.4857337,4008.252986971429,3172.0710993790653,16601,535.516129032258,24.633389179359927
59188,none,2,edge-2,51.5723335,5.4549103,4006.1219699151115,3172.2235662621983,16589,535.1290322580645,26.663935691160454
59194,none,8,edge-8,48.598000000000006,15.65,4737.426229334552,2847.58566867621,16469,531.258064516129,297.07777517955645
59198,none,11,edge-11,55.69341864999999,37.54950464,6005.230006757128,3949.6714312992253,23970,773.2258064516129,72.29992422210833
59240,none,5,edge-5,53.64,10.578,4359.233698241258,3392.6472518589076,13290,428.7096774193548,187.95308898926655
59272,none,2,edge-2,51.068,7.026,4112.600498730543,3110.5458664943376,13400,432.258064516129,105.27682515764049
59274,none,9,edge-9,41.572,24.729999999999997,5545.555584471651,2172.1842801246044,16217,523.1290322580645,132.1946476541433
59278,none,5,edge-5,53.79874352,10.24103075,4336.884382208589,3410.1867903744005,37445,1207.9032258064517,215.0041195520295
59280,none,9,edge-9,42.7356057,23.2911204,5406.343161001461,2277.2616639711773,16320,526.4516129032259,60.642499424023576
59289,none,3,edge-3,47.602,9.886,4312.421885837688,2720.9380973385955,16142,520.7096774193549,138.38148620236302
59290,none,5,edge-5,53.002,8.786,4239.49890268387,3322.177936033135,2095,67.58064516129032,238.21673919324147
59293,none,2,edge-2,52.62207658,6.03506416,4052.633466638845,3286.5367531140673,16421,529.7096774193549,110.11751113412323
59297,none,5,edge-5,51.63011616,9.29654818,4272.2921252592705,3169.0799570521053,14365,463.38709677419354,199.8363957011602
59315,none,7,edge-7,50.160000000000004,20.802,5089.743888014896,3062.072558013954,4042,130.38709677419354,194.49664534942858
59329,none,3,edge-3,46.928,7.428,4124.993152351098,2649.4545280763264,5891,190.03225806451613,275.21804058426596
59337,none,2,edge-2,52.002,4.686,3956.434920198019,3223.5204010570674,16291,525.516129032258,88.09453597715952
59341,none,2,edge-2,53.327361700000004,7.62338519,4162.668355714861,3360.296707542695,16177,521.8387096774194,223.95988412020077
59355,none,10,edge-10,46.469461,30.573932,5879.7465270143675,2813.265075586259,16152,521.0322580645161,359.3151989672567
59361,none,10,edge-10,46.62438079,25.71196032,5515.260857560621,2739.462548076727,16174,521.741935483871,407.2996632647921
59367,none,3,edge-3,47.69,11.77,4453.9448689835945,2732.2997006505466,15925,513.7096774193549,196.78918784296098
59391,none,11,edge-11,57.012,40.983999999999995,6136.850570996137,4170.147553159135,9613,310.0967741935484,221.62202485651704
59393,none,2,edge-2,51.64966119,5.57272643,4014.793508919326,3180.311968830766,16608,535.741935483871,17.387949114249967
59419,none,2,edge-2,50.904,6.038,4042.4533892305953,3095.6073622228687,26657,859.9032258064516,83.39750618859702
59429,none,8,edge-8,48.14829718,16.47680461,4802.475549142304,2802.768201809361,1608,51.87096774193548,219.0101824566207
59433,none,7,edge-7,54.18066863,19.40768838,4933.368724696864,3492.563215169817,16185,522.0967741935484,293.5521983846638
59435,none,3,edge-3,49.768,8.636,4222.729219558794,2962.6217305938176,16590,535.1612903225806,131.295562200254
59443,none,8,edge-8,47.466,19.004,4998.386958492332,2747.090581242422,14640,472.258064516129,34.730340891114245
59461,none,2,edge-2,51.6195479,5.5553363,4013.3886804789545,3177.039911510726,16599,535.4516129032259,18.728729468060994
59463,none,2,edge-2,51.62321559,5.56560785,4014.1233121898545,3177.4040939113033,16569,534.483870967742,17.97302306756777
59467,none,2,edge-2,51.39798540000001,5.7551738,4025.77073435188,3151.6008655323253,8089,260.93548387096774,27.487029442730154
59471,none,7,edge-7,50.29493895,18.64626914,4935.503489409817,3056.6136669211005,19912,642.3225806451613,143.97863118668803
59479,none,7,edge-7,51.1320253,17.36914345,4835.82578458931,3139.4108756273954,1657,53.45161290322581,131.05175174613464
59495,none,2,edge-2,52.197478,5.983879,4046.5555393818627,3239.5415705551136,40235,1297.9032258064517,62.87655910590836
59497,none,2,edge-2,52.07442535,5.04021138,3981.2396867577368,3229.8499717798163,16532,533.2903225806451,72.3564285811419
59509,none,2,edge-2,51.63162272,5.58136153,4015.268538687417,3178.2718934387526,16614,535.9354838709677,16.802777045086764
59513,none,2,edge-2,51.634,5.562,4013.9468557856617,3178.6172813867593,16589,535.1290322580645,18.12613090327032
59527,none,2,edge-2,51.56948234,5.464044209999999,4006.7341366309433,3171.8674948467046,15728,507.35483870967744,26.154614164303617
59529,none,2,edge-2,51.56887103999999,5.440820749999999,4005.123310614467,3171.899852894486,15984,515.6129032258065,27.710406490424674
5954,none,9,edge-9,42.642,24.812,5530.7012374326805,2290.283267945955,16579,534.8064516129032,64.81054454409991
59554,none,11,edge-11,55.556,37.596,6013.808024631084,3936.479465150174,16242,523.9354838709677,87.82739885919399
59588,none,7,edge-7,54.472,18.464,4868.431842407306,3517.1923391050714,16125,520.1612903225806,328.44442399034205
59608,none,4,edge-4,44.726,10.39,4351.954371297603,2401.7192476720074,16600,535.483870967742,30.939216511647523
59620,none,7,edge-7,54.348668460000006,18.62626523,4880.533640065801,3504.7949908718083,19661,634.2258064516129,313.48607985091684
59624,none,11,edge-11,56.67482883000001,36.6559428,5912.662265015947,4031.348911171612,2776,89.54838709677419,66.33563658191704
59650,none,6,edge-6,57.568,25.814,5259.557015770538,3933.9672223334965,15812,510.06451612903226,539.8999664862389
5966,none,9,edge-9,43.22399999999999,27.976,5769.623540152709,2409.788738170718,16046,517.6129032258065,329.9050653889502
59662,none,2,edge-2,51.50401449,5.40608883,4002.2674670745982,3164.8469343430347,14861,479.38709677419354,32.72237994115638
59709,none,9,edge-9,42.63566362,23.30541104,5409.320333417274,2266.5283300338338,10626,342.7741935483871,58.88013073133617
59711,none,2,edge-2,51.5988897,5.4476758,4005.8054853876633,3175.204595045998,1142,36.83870967741935,26.454010888293205
59713,none,2,edge-2,51.621011,5.3608945,3999.9623704809605,3178.040026430775,16546,533.741935483871,32.11028986301105
59723,none,2,edge-2,51.6198592,5.551381,4013.117437346273,3177.0911740693377,9460,305.16129032258067,18.99582915389984
59745,none,2,edge-2,51.50665233,5.36654502,3999.546677742549,3165.313323679262,16646,536.9677419354839,35.04214816323336
59749,none,8,edge-8,46.86451918,23.02534282,5309.216382704476,2726.1141747693982,11461,369.7096774193548,307.47377259867034
59757,none,2,edge-2,51.962,5.974,4044.4310078336985,3213.4114474632365,16005,516.2903225806451,37.17048803423683
59767,none,6,edge-6,58.364,25.581999999999997,5226.0527432365,4017.536605398186,11912,384.258064516129,485.73335890285955
59777,none,2,edge-2,51.59165981,5.39547533,4002.1460685360926,3174.628308986097,3080,99.35483870967742,30.15632863628507
59787,none,2,edge-2,51.612,5.536,4012.001067332429,3176.283146401195,16622,536.1935483870968,20.176806104366836
59789,none,2,edge-2,51.614,5.53,4011.599954034991,3176.53073923965,16104,519.483870967742,20.552370269764268
59793,none,2,edge-2,51.6,5.54,4012.196089300658,3174.933196599236,15097,487.0,20.167608931911932
59809,none,2,edge-2,51.604077,5.5435435,4012.4687366425374,3175.3711016927023,15548,501.5483870967742,19.828338329677866
59825,none,2,edge-2,50.898,6.054,4043.5412288144066,3094.879910563141,16578,534.7741935483871,84.26052777167276
59831,none,5,edge-5,50.108,13.712000000000002,4586.434192584827,3006.2389168849954,16411,529.3870967741935,260.5725036257611
59873,none,2,edge-2,51.635999999999996,4.948,3971.554904906991,3181.601738144897,16010,516.4516129032259,60.60317374599189
59875,none,2,edge-2,51.5916681,5.5332404,4011.672099588829,3174.036280078413,16579,534.8064516129032,20.851383259752446
59877,none,7,edge-7,51.14,17.184,4822.853266183933,3139.006084330345,16214,523.0322580645161,142.87001489411637
59939,none,7,edge-7,51.81,19.444,4970.233296314169,3230.9834927255606,16454,530.7741935483871,36.1659642126136
59951,none,5,edge-5,53.54,9.774,4306.015210483265,3381.389841594138,16644,536.9032258064516,213.46284524314297
5996,none,2,edge-2,53.611999999999995,7.2780000000000005,4140.872804956495,3392.7611957529975,16235,523.7096774193549,240.4316091196778
59971,none,4,edge-4,45.434,9.116,4251.724399845178,2480.59832009287,16628,536.3870967741935,96.68931905743601
59987,none,2,edge-2,51.498,5.392,4001.249324310235,3164.240508417178,9023,291.06451612903226,33.900322101862784
60019,none,9,edge-9,42.528,26.74,5687.975904967677,2310.9781427554435,16557,534.0967741935484,223.37824529435878
60043,none,11,edge-11,55.70780786,37.79364198,6018.648368301958,3956.961503513836,16371,528.0967741935484,72.37660528867768
60049,none,4,edge-4,45.544,6.756000000000001,4067.3727377788564,2497.9150359082205,8065,260.16129032258067,272.229260235716
60061,none,5,edge-5,51.336,12.612,4502.984863144414,3139.3762273229536,14153,456.5483870967742,104.10566000977846
60075,none,2,edge-2,51.515663239999995,5.39717853,4001.7317258016456,3166.179726886725,16572,534.5806451612904,32.69161625328165
60099,none,3,edge-3,49.394,8.686,4225.598820100265,2920.9722435206095,8061,260.03225806451616,99.44329770090198
60144,none,2,edge-2,52.1476911,6.1966739,4060.79135794802,3233.22753368952,16557,534.0967741935484,61.93325522732437
60170,none,3,edge-3,49.444,6.862,4093.468657580241,2930.535492221229,11944,385.2903225806452,221.76730524283897
6020,none,2,edge-2,51.122,6.84,4099.834239771735,3117.0952860247703,14278,460.5806451612903,91.34948691853357
60208,none,2,edge-2,51.52912310000001,5.477855,4007.411954716509,3167.3250475243135,16628,536.3870967741935,27.014026249804136
60212,none,8,edge-8,48.686,15.598,4732.876058887507,2857.0527492273986,7184,231.74193548387098,305.5001716154425
60222,none,8,edge-8,47.87490745,20.385102330000002,5095.3765057250885,2805.78604776002,16449,530.6129032258065,131.923275449246
60240,none,0,edge-0,39.012,-7.064,2847.858551716407,1935.329783395593,7551,243.58064516129033,605.7086929979762
60250,none,2,edge-2,48.6913092,2.128078,3742.505602392529,2872.925044093938,16607,535.7096774193549,420.87564069403004
60252,none,2,edge-2,48.8701152,2.3455554,3760.4399057001224,2891.0313182459763,10911,351.96774193548384,395.39731116181514
60265,none,9,edge-9,39.36069111,22.96953142,5439.2178338167705,1903.4349897554,12172,392.64516129032256,376.07751694124926
60279,none,9,edge-9,38.480308,22.582569,5420.691676173419,1801.6110385573845,16570,534.516129032258,479.11644963281753
60291,none,8,edge-8,47.0330984,15.4017428,4731.512522522621,2672.6919923271175,14449,466.0967741935484,273.45018282389026
60301,none,2,edge-2,51.504333200000005,5.3802426,4000.4792123386846,3164.9955055075616,15430,497.741935483871,34.3009172981084
60319,none,2,edge-2,52.306,5.6339999999999995,4023.4041590397037,3252.9743585305855,16598,535.4193548387096,75.11991555590322
6032,none,9,edge-9,43.232,27.972,5769.110191099495,2410.578654793131,16206,522.7741935483871,329.7498206668319
6034,none,9,edge-9,43.226,27.858,5760.2715970880045,2407.7264048675775,14097,454.741935483871,320.51014327260236
60343,none,4,edge-4,45.53606203,9.2263028,4260.4803552997055,2491.8281552796757,16513,532.6774193548387,97.50888026453106
60355,none,1,edge-1,51.464,-0.066,3624.0184342812618,3198.5213973571767,15651,504.8709677419355,140.09801322401032
60375,none,3,edge-3,48.792,9.172,4260.143199867528,2853.5304569064388,12178,392.83870967741933,43.59426120355002
60417,none,4,edge-4,44.726,10.396000000000003,4352.430587360232,2401.7217510584987,16581,534.8709677419355,31.29391937266049
60421,none,2,edge-2,51.5751138,5.4647094,4006.8190140499964,3172.4901642801346,16418,529.6129032258065,25.924451563566077
60437,none,2,edge-2,51.992,4.498,3943.481037404534,3223.367652976128,16273,524.9354838709677,99.36921403093058
60452,none,7,edge-7,50.38447317999999,19.13635573,4968.905208607409,3070.7362394954466,7390,238.38709677419354,129.9556777658114
60465,none,5,edge-5,52.39200000000001,9.758,4304.5252986753585,3253.6453969000427,16235,523.7096774193549,157.68022829341996
60479,none,3,edge-3,48.398,11.754,4450.924195651787,2810.9355439754418,16510,532.5806451612904,155.17385316229314
60489,none,3,edge-3,49.252,8.904,4241.193686711029,2904.925201668219,58526,1887.9354838709678,77.29967012356975
60517,none,5,edge-5,52.45310519,13.567978439999997,4563.45154343191,3266.362151191499,15944,514.3225806451613,107.1858929523492
60521,none,2,edge-2,50.89016284,6.01069897,4040.452791278049,3094.1742911169854,31544,1017.5483870967741,84.59803895793445
60523,none,3,edge-3,49.54853380000001,8.6668339,4224.514071416105,2938.1786849186924,12638,407.6774193548387,111.74424013162279
60564,none,7,edge-7,51.347577400000006,21.227686200000004,5099.70238710821,3197.4384399073233,8006,258.258064516129,147.4894286509349
60583,none,8,edge-8,47.536,19.066,5002.102006248326,2755.3913486936485,2584,83.35483870967742,42.83830579898138
60587,none,8,edge-8,48.876,18.054,4910.620050793401,2894.8039062079674,148,4.774193548387097,203.89531614844265
60599,none,2,edge-2,51.3690919,5.2540968,3990.7660880382628,3150.5372066466703,76401,2464.548387096774,49.79954583857853
60611,none,5,edge-5,51.164,13.571999999999997,4570.749074901483,3123.0907566473347,16377,528.2903225806451,156.46407937253463
60642,none,1,edge-1,52.446,-1.9299999999999997,3514.028315448276,3326.002146134107,40493,1306.225806451613,51.78039001695081
60695,none,3,edge-3,49.48179426,10.99500239,4393.112717329952,2930.370321712151,10698,345.0967741935484,114.63163882061036
60715,none,2,edge-2,53.096,8.246,4203.508086913501,3333.3762307558095,10682,344.5806451612903,231.1317425179099
60719,none,2,edge-2,51.660000000000004,5.824,4032.215679295337,3180.4360448289767,8052,259.741935483871,2.0849717905210126
60725,none,0,edge-0,36.722,-4.462,3026.4687286514813,1639.3832766091057,16374,528.1935483870968,645.3623887111604
60817,none,1,edge-1,51.51800000000001,-3.188,3411.3278445168476,3238.8874226905637,15043,485.258064516129,101.70317554967406
60820,none,3,edge-3,48.90400000000001,9.126,4256.907134521777,2866.0199765039024,8354,269.48387096774195,47.0061878170441
60832,none,1,edge-1,51.558,-0.448,3599.264119269106,3212.6095990487734,14735,475.3225806451613,111.67585313320046
60852,none,2,edge-2,50.766,2.9,3820.9819539057085,3096.9905777233953,13308,429.2903225806452,226.22770930483247
60871,none,5,edge-5,50.118,14.462,4639.927873119378,3010.3372251912883,16077,518.6129032258065,286.9104552602168
60874,none,0,edge-0,40.642,-7.92,2814.045556056282,2128.846427938845,19918,642.516129032258,598.0328574051712
6090,none,9,edge-9,42.65499688999999,23.31197977,5409.498378889308,2268.7397788039743,12923,416.8709677419355,58.295546890508746
60920,none,7,edge-7,52.10824152,19.94070053,4999.618921525968,3268.449019115068,16237,523.7741935483871,83.56778524284796
60928,none,2,edge-2,51.5059195,5.3907035,4001.2149955425543,3165.1258170396836,16623,536.2258064516129,33.572900395503126
60930,none,1,edge-1,53.37073436000001,-6.58846898,3227.904009663757,3488.3717450472695,16591,535.1935483870968,351.04706044066404
60936,none,7,edge-7,51.786,19.52,4975.771631235989,3229.0124296333775,10045,324.03225806451616,37.66050452961567
60938,none,2,edge-2,51.63580738999999,5.37333369,4000.92607662074,3179.628834466238,15816,510.19354838709677,31.171022652009295
6094,none,9,edge-9,42.06,24.7,5533.368089466597,2224.952017741559,16252,524.258064516129,85.28923670582913
60940,none,2,edge-2,53.09413,6.6841,4098.938833154116,3336.8201575120474,16547,533.7741935483871,171.99463158702844
60948,none,2,edge-2,52.15122585,4.51125294,3945.724784895062,3240.973267332949,16529,533.1935483870968,106.66113471023829
6096,none,9,edge-9,42.698,23.298,5407.5845096022185,2273.2445570640994,18976,612.1290322580645,59.6196980165878
60970,none,3,edge-3,48.938,9.502,4284.5046501933,2869.5431067830327,16580,534.8387096774194,21.616949875148936
60974,none,2,edge-2,51.528000000000006,5.076,3979.583751988951,3169.003435904741,16640,536.7741935483871,53.314110424264605
60978,none,9,edge-9,41.609483,25.024881,5568.943671683132,2181.113314116791,15718,507.03225806451616,140.99494765245896
60992,none,2,edge-2,52.2519053,4.559640000000001,3949.8646424853923,3251.9011318600187,16054,517.8709677419355,110.30310690937175
61039,none,0,edge-0,45.816,3.104,3785.2024450027457,2547.420058648678,16582,534.9032258064516,540.2407223985268
61071,none,2,edge-2,52.2161529,5.19966066,3993.18514642882,3244.859191125395,16308,526.0645161290323,77.03752337280422
61080,none,5,edge-5,52.42732050000001,13.0554214,4528.768886099301,3261.9100054929445,16645,536.9354838709677,72.98504711310659
61086,none,2,edge-2,48.87599999999999,2.136,3745.2279939266664,2893.2999231208455,16586,535.0322580645161,404.3958325817565
61107,none,4,edge-4,46.019965129999996,8.88999939,4234.9428856873865,2545.8673179260727,16497,532.1612903225806,155.18766962290533
61119,none,2,edge-2,51.66,5.824,4032.215679295337,3180.436044828975,16171,521.6451612903226,2.084971790519198
61128,none,9,edge-9,42.664,23.242,5403.680291694804,2268.7135749926256,16599,535.4516129032259,64.04311382302221
61130,none,2,edge-2,51.6234,5.85521,4034.140268008232,3176.2463713508473,130,4.193548387096774,2.9550559852854463
61181,none,8,edge-8,48.44282967,17.02602175,4840.130292597864,2839.118562206244,13336,430.19354838709677,205.50951235284492
61205,none,11,edge-11,55.78,37.52000000000001,5999.818853212014,3957.9810803257083,16625,536.2903225806451,62.56972127570061
6128,none,9,edge-9,42.672,23.256,5404.666012087004,2269.791327378467,16576,534.7096774193549,62.91111822897933
61292,none,9,edge-9,42.664,23.368,5413.859192029599,2270.538971357835,12465,402.0967741935484,53.7054565281783
6132,none,9,edge-9,42.692,23.278,5406.078960437755,2272.2984905395956,15480,499.35483870967744,61.20796313154503
61324,none,3,edge-3,48.428,11.974,4467.128955686338,2814.6807027637865,19483,628.483870967742,169.63743697001215
61337,none,0,edge-0,41.326,2.104,3658.573256731446,2059.6437988766183,7457,240.5483870967742,265.7983110915571
6134,none,9,edge-9,42.678,23.364,5413.279513849349,2272.013083977649,16422,529.741935483871,54.082630997016615
61345,none,9,edge-9,42.656000000000006,23.232,5403.017457720522,2267.693626567394,12410,400.3225806451613,64.86017368795648
61357,none,8,edge-8,46.752,23.575999999999997,5352.667563925838,2721.2899099802485,16165,521.4516129032259,350.7345875898481
61359,none,8,edge-8,46.762,23.598,5354.122200075939,2722.6927413344065,15848,511.2258064516129,352.2263664308254
6136,none,9,edge-9,42.664,23.372,5414.182274630051,2270.597201869902,16250,524.1935483870968,53.377314787759744
61361,none,8,edge-8,47.506,18.936,4992.780241162739,2750.8884528822537,16184,522.0645161290323,39.43826931557857
61394,none,1,edge-1,50.952,-0.12,3612.467415976641,3142.5363032636087,16632,536.516129032258,169.46389923752125
61408,none,9,edge-9,43.054,25.146,5548.993267366297,2340.6750018476605,15327,494.4193548387097,102.93025944250756
61430,none,2,edge-2,51.8392887,5.8652435,4036.1943495459004,3200.194717910937,16425,529.8387096774194,22.224462829723418
61436,none,8,edge-8,47.456,19.16,5010.1880315123835,2747.427589210505,16081,518.741935483871,35.81329284436581
6144,none,3,edge-3,49.492,8.474,4210.431704084226,2932.164697086029,16203,522.6774193548387,118.28232316321272
61472,none,5,edge-5,54.068,12.114000000000003,4459.406288879289,3442.145642804272,16562,534.258064516129,207.48578510579497
61474,none,10,edge-10,49.784,30.149999999999995,5751.386715935994,3161.7264224514843,38874,1254.0,87.01359285228753
61476,none,4,edge-4,45.553999999999995,12.216,4494.256367410328,2496.080424322613,14771,476.48387096774195,181.03852984801856
61478,none,5,edge-5,52.334,10.392,4347.721095466577,3247.236114434817,16138,520.5806451612904,114.03296180240567
61488,none,1,edge-1,53.326,-6.298,3245.5405552801017,3479.1468241738658,13770,444.19354838709677,331.4555223018016
6150,none,9,edge-9,42.67,23.318,5409.710776312852,2270.469313807388,16240,523.8709677419355,57.82107039060213
61500,none,7,edge-7,49.99600000000001,19.918,5029.7274256828605,3035.068298903251,12249,395.1290322580645,181.88579643487054
61546,none,9,edge-9,43.60372600000001,27.099414,5691.450570081581,2434.4723752579725,16489,531.9032258064516,273.3523771873617
61554,none,2,edge-2,51.976000000000006,5.326,4000.0817961350717,3217.622995675379,16223,523.3225806451613,50.647859041894925
61571,none,3,edge-3,49.88399999999999,10.01,4321.71877481362,2974.609751805772,8117,261.83870967741933,117.02946515675441
61573,none,4,edge-4,43.094,12.434,4519.694680820507,2223.9478083055546,15520,500.64516129032256,275.2589288552406
61577,none,2,edge-2,51.49474812,5.39589912,4001.496709730288,3163.8622450412195,16490,531.9354838709677,33.835857006955386
61618,none,5,edge-5,51.77600000000001,9.37,4277.5179541970965,3185.2643080641983,16403,529.1290322580645,190.07353731348823
61643,none,2,edge-2,52.506,4.678,3959.996732477862,3279.513844650958,113768,3669.935483870968,124.20791500972851
61645,none,3,edge-3,48.6867963,8.9972475,4247.144230408067,2841.9957167010075,19537,630.2258064516129,58.766933931504404
61676,none,2,edge-2,52.09,5.244,3995.289688936767,3230.6488895028942,1884,60.774193548387096,63.93284967097861
61682,none,9,edge-9,43.61,25.01,5526.605860000635,2399.142728261864,15402,496.83870967741933,134.58779207076321
61710,none,2,edge-2,51.49399999999999,5.386,4000.8055644743995,3163.8225239553585,16633,536.5483870967741,34.47837869943509
61740,none,4,edge-4,45.28799999999999,12.038,4481.11428738294,2466.1735581832527,4042,130.38709677419354,158.3873809837727
61742,none,3,edge-3,49.848,9.62,4293.666249948729,2970.6768014073155,14492,467.48387096774195,112.07489522241421
61757,none,6,edge-6,61.46,24.06,5067.562852638475,4336.835843229174,14559,469.64516129032256,390.70939909313785
61769,none,3,edge-3,48.712,9.016,4248.5619118815175,2844.7786692614072,12200,393.5483870967742,56.64847465462864
61772,none,2,edge-2,52.5327368,6.426949800000001,4078.6412937840414,3275.230927304654,11332,365.5483870967742,107.4872843816912
61786,none,5,edge-5,53.71399999999999,11.372,4411.592322138699,3401.587391519228,16565,534.3548387096774,174.0964469921059
61795,none,2,edge-2,48.831907,2.3695293,3761.7578855682054,2886.619875548963,15102,487.16129032258067,397.71755834212104
61805,none,3,edge-3,47.912,7.356,4123.2930887335315,2758.9140753129727,9892,319.0967741935484,206.05084939086854
61809,none,1,edge-1,56.46665136,-3.20598006,3511.6689801187863,3781.7990407535817,16314,526.258064516129,507.0519926219702
61866,none,7,edge-7,51.801344699999994,19.44696286,4970.560185660654,3230.053709477403,3914,126.25806451612904,35.53015613339201
61870,none,9,edge-9,42.263999999999996,23.826,5458.392923959141,2233.579605531997,15730,507.4193548387097,45.719661569005936
61900,none,11,edge-11,55.89,37.664,6003.341604122008,3972.816074052654,16301,525.8387096774194,50.73892027393971
61906,none,11,edge-11,55.766,37.672,6009.14932521688,3960.117603061671,16543,533.6451612903226,64.63569374103204
61908,none,7,edge-7,52.526,19.672,4975.216691375282,3312.112522937236,15823,510.4193548387097,114.81967303308761
61935,none,2,edge-2,51.09492162000001,3.37790161,3857.818380670491,3130.2990427109776,16231,523.5806451612904,180.75810300580483
61949,none,2,edge-2,51.5406188,5.4729243,4007.1496919687193,3168.6231668207565,16626,536.3225806451613,26.75456298138484
61951,none,2,edge-2,51.5471068,5.4255782,4003.917391429156,3169.5484723631243,16616,536.0,29.49924967087696
61955,none,2,edge-2,51.5561996,5.5004229,4009.1599412361275,3170.2360097919736,3927,126.6774193548387,24.307553202478505
61961,none,9,edge-9,42.506,24.191999999999997,5483.409178708497,2265.6334274164633,2954,95.29032258064517,20.86505248853911
61963,none,9,edge-9,42.646,23.096,5392.204623036394,2264.648892146251,16303,525.9032258064516,76.0384292730815
61966,none,8,edge-8,47.53923454,18.71060944,4975.506045579158,2752.538708376515,16632,536.516129032258,47.98954982520341
61976,none,5,edge-5,53.0612654,14.2760444,4607.5014251671955,3336.529583536798,7868,253.80645161290323,178.38563028599467
6198,none,9,edge-9,42.622,23.328,5411.395622813246,2265.3604255532455,16633,536.5483870967741,57.10674607740146
61983,none,7,edge-7,50.0781809,19.96903991,5032.124495664007,3044.6334758039357,7907,255.06451612903226,174.36552048141021
61994,none,2,edge-2,51.464638,5.5552671,4012.336613466164,3159.832031209778,7325,236.29032258064515,27.066417555321138
6200,none,9,edge-9,43.21399999999999,27.906,5764.352120681513,2407.350401591952,16629,536.4193548387096,324.09871401724934
62011,none,5,edge-5,51.756,10.174,4333.014794166166,3182.8656170811605,6030,194.51612903225808,138.12562477473136
62025,none,3,edge-3,49.118,12.146,4477.670874514478,2891.715636316705,5273,170.09677419354838,177.32054624181356
62038,none,4,edge-4,42.974,12.082,4491.314011007766,2209.795906615233,15823,510.4193548387097,267.50645232886404
6204,none,9,edge-9,42.602,23.468,5423.079793968519,2265.2153135647377,16614,535.9354838709677,45.85600527264244
62055,none,1,edge-1,51.74199999999999,-1.256,3547.0893768557626,3241.1845453196415,16295,525.6451612903226,52.69321355192975
62057,none,7,edge-7,50.284,18.86,4950.754589392806,3057.219639180519,16460,530.9677419354839,142.40551309125016
62063,none,3,edge-3,47.95084913,11.96730584,4468.01087368791,2761.6517992450845,16407,529.258064516129,191.26295691269848
62078,none,4,edge-4,41.59256502,12.65564561,4543.240465358938,2058.418671200602,15726,507.2903225806452,422.36530203767836
6208,none,2,edge-2,51.55,7.06,4117.132174321972,3164.037275053904,16189,522.2258064516129,86.25783476831327
62081,none,9,edge-9,44.54120047,21.05476946,5197.652096111225,2446.1145359903862,7983,257.51612903225805,317.2269314580618
62087,none,2,edge-2,51.63349402,5.41611761,4003.8652145351857,3179.1850595659903,4159,134.16129032258064,28.2180692486647
62089,none,2,edge-2,51.6181238,5.4308222,4004.7740965500184,3177.4139780913456,16664,537.5483870967741,27.313261170960207
62103,none,3,edge-3,48.104,11.702,4447.807914415483,2778.1761257135627,16044,517.5483870967741,165.50840434024417
62111,none,8,edge-8,47.526,19.072,5002.682113495709,2754.3422224330634,8,0.25806451612903225,41.794042391208414
62124,none,8,edge-8,47.532,19.078,5003.05115324674,2755.060206274725,31,1.0,42.51910294795973
62128,none,2,edge-2,51.6129458,5.5389397,4012.210683372559,3176.3757663702345,16647,537.0,19.958908440456508
62150,none,5,edge-5,53.586,10.61,4361.4015942005435,3386.6554811784927,16148,520.9032258064516,181.74790536705376
62152,none,8,edge-8,47.474,19.034,5000.526031526614,2748.249391701202,4359,140.61290322580646,35.728474431844674
6216,none,3,edge-3,49.233999999999995,9.326,4271.902722259859,2902.5543255432995,56040,1807.741935483871,53.72415929441033
62166,none,2,edge-2,51.58102989,5.40336639,4002.617319727258,3173.413154814845,15652,504.9032258064516,29.865667200357706
62170,none,2,edge-2,51.5414728,5.4399073,4004.870060539798,3168.860516275518,12471,402.2903225806452,28.81080973430503
62172,none,2,edge-2,51.5512684,5.4231277,4003.7767614011755,3170.021369620297,16622,536.1935483870968,29.49639735339787
6218,none,3,edge-3,48.206,11.550000000000002,4436.253224119889,2789.261036251634,16330,526.7741935483871,150.065360035968
62182,none,2,edge-2,51.6077973,5.624209600000001,4018.0704204250856,3175.446422131649,13284,428.51612903225805,14.299837008282815
62237,none,2,edge-2,48.778,2.308,3756.655218495031,2881.1227454607756,16756,540.516129032258,405.21793204647634
6224,none,9,edge-9,42.726,23.342,5410.624259817296,2276.9472674978765,16250,524.1935483870968,56.37005172168386
62301,none,1,edge-1,48.65076399,-2.0270133,3439.016184060547,2909.676387666654,6517,210.2258064516129,371.27959999217956
62310,none,2,edge-2,48.9262146,2.2493111,3754.0636665836437,2897.977492802589,16346,527.2903225806451,394.8421131718044
62314,none,2,edge-2,48.92108398,2.26300873,3755.002700756255,2897.304239287699,16581,534.8709677419355,394.66066965721524
62333,none,3,edge-3,49.812,8.562000000000001,4217.49306755869,2967.615840237373,16616,536.0,138.4569886155326
62357,none,2,edge-2,51.49567324,5.37229192,3999.8675158584347,3164.068586809412,16686,538.258064516129,35.23072425079013
62359,none,2,edge-2,51.5727238,5.4271578,4004.204925221,3172.3870242921103,16043,517.516129032258,28.498310950245966
62361,none,2,edge-2,51.53574859,5.50556928,4009.376274955083,3167.9423106584145,16609,535.7741935483871,24.97002469596616
62382,none,4,edge-4,46.39680651999999,7.10857272,4098.448792078282,2591.3944863716656,16527,533.1290322580645,285.80335106131787
62402,none,7,edge-7,51.224,22.506,5189.745028989963,3198.2818352263757,16600,535.483870967742,237.51972789494806
62416,none,1,edge-1,51.11953456,0.28037667,3642.763851270278,3157.229275875961,16474,531.4193548387096,179.96490368062967
62418,none,5,edge-5,54.242,10.28,4339.258776223011,3459.522945451489,14982,483.2903225806452,255.7259938284803
62436,none,7,edge-7,50.252,18.848,4950.3307923007815,3053.578774956933,1029,33.193548387096776,146.05108043224703
62458,none,2,edge-2,52.122,5.25,3995.932470050647,3234.176270447672,19047,614.4193548387096,66.49731791613348
62510,none,3,edge-3,48.242,11.654,4443.897504393,2793.4290958798447,9652,311.35483870967744,155.0649950966797
62522,none,2,edge-2,48.836369479999995,2.30575025,3757.153632629141,2887.6002218361123,14807,477.64516129032256,400.1482128826565
62529,none,2,edge-2,48.91831,2.343501,3760.8351710940747,2896.381452202547,16627,536.3548387096774,391.2526408391964
62531,none,2,edge-2,48.922513,2.34369811,3760.8970815044895,2896.8451691196433,16615,535.9677419354839,390.8756200545722
62533,none,1,edge-1,53.33404762999999,-1.48116946,3559.7768089092056,3418.87153801162,14749,475.7741935483871,153.63524834475373
62538,none,9,edge-9,42.49357781,25.03621101,5551.790938458433,2277.731711142172,15854,511.4193548387097,84.8210186345469
62540,none,2,edge-2,51.5523437,5.4797952,4007.705945475715,3169.8960364839427,16615,535.9677419354839,25.79212127062135
62542,none,9,edge-9,42.46406245,25.53764033,5592.8076200913865,2282.8722635915383,1,0.03225806451612903,125.91073085962297
62544,none,2,edge-2,49.03,1.822,3724.2060099630867,2912.8401102367875,16589,535.1290322580645,406.54600347861236
62569,none,2,edge-2,48.918761,2.340084,3760.591317860534,2896.457381510145,13057,421.19354838709677,391.3670367238544
62592,none,0,edge-0,41.622,2.276,3676.0402150582213,2090.7723313017427,16347,527.3225806451613,272.8969704247229
62600,none,2,edge-2,48.922,2.346,3761.058978485623,2896.7708730915074,16564,534.3225806451613,390.8168469487332
62615,none,0,edge-0,39.53241242,-8.92872512,2703.363749584481,2029.6770373403845,10061,324.5483870967742,719.458102345587
62617,none,2,edge-2,51.19,6.807999999999999,4097.925096630819,3124.7515464568396,16533,533.3225806451613,84.91287004826054
62632,none,1,edge-1,51.248,-0.546,3587.5930652753127,3179.3976058017556,13373,431.38709677419354,125.19729803093149
62634,none,2,edge-2,50.534,6.442000000000001,4068.8438116108655,3053.0296236563136,16622,536.1935483870968,130.60993655489185
62655,none,11,edge-11,55.556,37.816,6026.503133226917,3941.723994658278,15468,498.96774193548384,89.39801512086365
62697,none,9,edge-9,42.68,23.312,5409.0435492325405,2271.4769532662567,16570,534.516129032258,58.35231983912611
62708,none,2,edge-2,51.62414888237638,5.886507004035501,4036.3083540371354,3176.2070119761647,16563,534.2903225806451,4.751086654692426
62710,none,2,edge-2,51.6241819389161,5.886556789912884,4036.3120024785517,3176.210490700029,15841,511.0,4.752769341713606
62712,none,11,edge-11,55.586,37.73,6020.248889554586,3942.7872807229087,16393,528.8064516129032,85.1929972629666
62725,none,2,edge-2,52.6,4.694,3961.8463417019902,3289.870691541985,16541,533.5806451612904,131.78400265700688
62779,none,2,edge-2,48.796,2.396,3763.2870207077144,2882.4446251545246,33252,1072.6451612903227,399.7605280682705
62789,none,9,edge-9,42.016,21.454,5269.02424175167,2173.533526490255,16560,534.1935483870968,224.05140617665276
62791,none,5,edge-5,53.426,10.3,4340.944381847308,3368.7214821197276,5549,179.0,179.9953245398528
62800,none,5,edge-5,51.046,13.795999999999998,4587.073318046554,3110.7675980999625,16624,536.258064516129,176.72149916772332
62825,none,1,edge-1,51.6250445,-3.9543159,3361.4610897358525,3260.4609893904803,16468,531.2258064516129,145.73285194172607
62833,none,3,edge-3,49.22,6.92,4096.646241292042,2905.4685751246097,16654,537.2258064516129,211.89615627375838
62849,none,3,edge-3,49.516,8.286,4196.8738446972875,2935.1329965738537,16028,517.0322580645161,130.9128179060322
62851,none,2,edge-2,48.7069263,2.5000339,3769.901491855435,2871.8015585757475,16622,536.1935483870968,403.3715255630036
62864,none,6,edge-6,59.95000000000001,11.014,4377.809554271425,4094.787587754905,16505,532.4193548387096,371.766181653312
62881,none,3,edge-3,49.934,8.596,4220.196065429109,2981.1343043793327,16526,533.0967741935484,147.75659337145663
62885,none,8,edge-8,47.53973171,19.113040169999998,5005.566076016945,2756.237939796241,16687,538.2903225806451,43.826783685364184
62938,none,9,edge-9,42.65550647,23.4054172,5417.037393465262,2270.1547952305195,4852,156.51612903225808,50.62624686564067
62942,none,8,edge-8,47.318,19.874,5065.533898722489,2739.116840038422,13404,432.38709677419354,68.82498320440419
62960,none,11,edge-11,55.56314945,37.85517991,6028.452365028974,3943.404842924357,16217,523.1290322580645,89.10473049682093
62993,none,5,edge-5,52.1455954,12.573754,4497.144556340097,3229.3118835689597,14453,466.2258064516129,36.4804909403747
63006,none,2,edge-2,52.53199999999999,6.426,4078.5728816349815,3275.1521888338393,16606,535.6774193548387,107.38668305447368
63019,none,4,edge-4,46.046,10.76,4379.89495146699,2548.416509954812,16492,532.0,135.97736306677652
63074,none,1,edge-1,51.95568484,-7.84772837,3108.211036579542,3354.7288319079357,16527,533.1290322580645,406.2247208631685
63088,none,9,edge-9,43.164,27.786,5756.112246089553,2399.6175285050917,16328,526.7096774193549,313.4867945710011
63097,none,9,edge-9,42.32,23.198,5406.3382048225085,2230.4218493532553,16520,532.9032258064516,77.37481146491078
63115,none,2,edge-2,50.874,6.466000000000001,4072.354922751505,3090.7315823648537,9710,313.2258064516129,96.44086583814439
63172,none,5,edge-5,50.18095868,14.65001374,4652.907376630312,3018.162685677277,9659,311.5806451612903,289.27428109278975
63185,none,0,edge-0,39.22472432000001,-8.99705708,2689.991663516055,1997.9144885114226,9759,314.80645161290323,738.8205951313099
63187,none,0,edge-0,39.22640734,-8.99613976,2690.110431117356,1998.0764666928924,9207,297.0,738.6696774644116
63194,none,2,edge-2,51.67,5.624,4018.4703814365294,3182.3575156272664,18317,590.8709677419355,14.177131932275355
63196,none,4,edge-4,46.76100106,10.53567678,4361.961068462063,2627.656056550877,16421,529.7096774193549,207.93938199812746
63198,none,3,edge-3,48.43160318,10.40665984,4351.105526644315,2813.209604770754,16605,535.6451612903226,66.14974902455546
63204,none,9,edge-9,43.21,27.914,5765.081639707641,2407.0711181291017,16552,533.9354838709677,324.6575038033654
63228,none,2,edge-2,51.814432,3.934536,3903.273681702426,3206.7368991864278,15091,486.80645161290323,131.8872489329976
63262,none,7,edge-7,50.24988604,21.48456752,5136.3302077611925,3079.3591619669332,3747,120.87096774193549,219.8983997083303
63264,none,3,edge-3,48.67227425,9.52831895,4286.248193309182,2839.9903154633744,16612,535.8709677419355,25.615190513650965
63281,none,2,edge-2,51.044,3.766,3884.4052375516785,3122.263360232023,16561,534.2258064516129,157.96076364441444
63306,none,1,edge-1,52.06,1.248,3722.4011424220826,3252.688221467583,15928,513.8064516129032,217.0383199302597
63319,none,0,edge-0,44.35289050000001,-0.93934,3450.5374414538087,2424.0528543125256,14738,475.4193548387097,269.5279360902919
63321,none,3,edge-3,48.8,9.534000000000002,4286.754617379056,2854.1862361010235,16129,520.2903225806451,17.324570530698892
63329,none,2,edge-2,52.4970418,4.92744234,3976.8146401360104,3277.3100925712465,8083,260.741935483871,113.33653955901822
63339,none,1,edge-1,51.378,-1.342,3534.965448027231,3202.0156668186114,16488,531.8709677419355,78.13185700905598
63343,none,11,edge-11,57.664,39.68600000000001,6035.654739232691,4204.3738654649815,16004,516.258064516129,196.87671306691223
63347,none,3,edge-3,49.88,8.65,4223.963619149035,2975.056909105644,16601,535.516129032258,140.6131105506527
63387,none,3,edge-3,48.84469093,8.92083228,4241.768096610702,2859.6264394537066,16218,523.1612903225806,61.62471854235777
63405,none,6,edge-6,57.84,12.306,4458.133543491116,3862.0142680688286,8087,260.8709677419355,382.5973949435698
63415,none,9,edge-9,42.49291124,27.46842736,5747.099524643065,2320.7344254510663,19909,642.2258064516129,283.29413257841964
63425,none,2,edge-2,48.9144425,2.3060637,3758.0636521217903,2896.238989167451,13072,421.6774193548387,393.2812525089171
6343,none,9,edge-9,42.698,23.298,5407.5845096022185,2273.2445570640994,9718,313.48387096774195,59.6196980165878
6345,none,9,edge-9,42.666,23.264,5405.421430000161,2269.2499980318826,16309,526.0967741935484,62.24106980449946
6349,none,9,edge-9,42.64800000000001,23.406,5417.222444813116,2269.341776056378,8448,272.51612903225805,50.584375330849255
63493,none,3,edge-3,47.525999999999996,10.028,4323.110006860404,2712.4876894807235,13439,433.51612903225805,147.85778495685437
63500,none,5,edge-5,51.142,14.924,4665.300657329652,3126.1412536338676,15878,512.1935483870968,231.2840256652431
63512,none,2,edge-2,52.03,8.884,4244.4099925562705,3213.924389858142,16638,536.7096774193549,215.2972529037205
63518,none,2,edge-2,51.92059535,4.3496713,3932.71058050187,3216.221757123394,15066,486.0,106.33119209228546
63522,none,2,edge-2,48.8531192,2.6679338,3783.7730356083066,2886.7463275166583,16554,534.0,382.99893686613893
63556,none,3,edge-3,48.072,7.799999999999999,4156.996453920828,2775.6008733280287,8677,279.9032258064516,168.49491892289566
63563,none,2,edge-2,48.824470000000005,2.3536201,3760.5127589223957,2885.917671903836,16631,536.483870967742,399.079145654648
63570,none,2,edge-2,48.871130099999995,2.6864639,3785.3201485938325,2888.6055993650384,11854,382.38709677419354,380.58032280557177
63607,none,1,edge-1,52.478,-1.9179999999999997,3515.4156685602543,3329.388932996232,15547,501.51612903225805,55.34006754973867
63630,none,2,edge-2,52.07065652,4.52245384,3945.813817991796,3231.9722251782327,16467,531.1935483870968,101.5628342779355
63650,none,3,edge-3,48.8323865,9.30750176,4270.143336912498,2857.9173284428152,16631,536.483870967742,33.26496928798765
63654,none,8,edge-8,47.418,19.08,5004.7050061169075,2742.4886737212237,11952,385.5483870967742,30.053819568957092
63678,none,2,edge-2,51.525116,6.94132855,4108.792828526316,3161.6088692433823,532,17.161290322580644,78.52829013177839
63691,none,6,edge-6,57.28,27.069999999999997,5340.367279404828,3919.9414002815943,39802,1283.9354838709678,620.999267495267
63777,none,2,edge-2,52.2829427,6.8346182,4105.057957459967,3246.1771738256607,16212,522.9677419354839,99.6332267057772
63787,none,3,edge-3,49.73880644999999,9.00454313,4249.235687825717,2958.948984939239,16663,537.516129032258,113.65551413009416
63789,none,2,edge-2,50.94809001,6.95475072,4107.058666569739,3097.4214862758163,16226,523.4193548387096,110.33378792351743
63808,none,9,edge-9,43.97,22.868,5350.211809010689,2406.5161870200122,39209,1264.8064516129032,173.27648531042416
63835,none,2,edge-2,51.6141683,5.5456863,4012.685293338852,3176.483040514835,16662,537.483870967742,19.476088037638007
63841,none,2,edge-2,52.00475484,4.38861966,3936.1022647886125,3225.3556175188814,1744,56.25806451612903,106.85959801515156
63843,none,2,edge-2,51.8147525,3.9345336,3903.2764810886974,3206.7724688293133,16525,533.0645161290323,131.89217409330388
6387,none,9,edge-9,42.162,24.756,5535.870736467265,2236.988487954502,16060,518.0645161290323,80.42995278748154
6389,none,9,edge-9,42.654,23.36,5413.3962147971,2269.3280438151937,15389,496.4193548387097,54.35427038726406
63891,none,8,edge-8,45.7715511,21.235444399999995,5192.309635887582,2583.5740276384195,15990,515.8064516129032,229.86396539564603
63901,none,5,edge-5,53.482000000000006,10.294,4340.519943325716,3374.9516398062997,3108,100.25806451612904,184.9584889685805
63903,none,5,edge-5,50.678000000000004,13.938,4599.204301634447,3070.4062079160863,16284,525.2903225806451,214.62875164181085
63907,none,3,edge-3,49.484,11.238,4410.718158920483,2930.882983047542,11291,364.2258064516129,129.1626880863673
63919,none,2,edge-2,48.8538187,2.6675048,3783.7492958068697,2886.8269098847163,15271,492.61290322580646,382.9529795950612
6393,none,9,edge-9,42.674,23.281999999999996,5406.729908349679,2270.3858789722685,16281,525.1935483870968,60.78561132068732
63958,none,2,edge-2,52.296398800000006,5.973767,4046.475660187715,3250.572464836353,40578,1308.967741935484,73.638955620964
64006,none,2,edge-2,52.065062,4.482499,3943.035930188155,3231.5577782320793,16595,535.3225806451613,103.7192449724947
64019,none,2,edge-2,52.13799999999999,5.216,3993.726661972862,3236.1055983608258,19141,617.4516129032259,69.32028439616381
64025,none,6,edge-6,57.446,26.936,5328.040727332734,3936.0295008464777,9443,304.61290322580646,604.4452575802842
64043,none,2,edge-2,52.06697972,4.355341489999999,3934.3617730272326,3232.43796286553,16629,536.4193548387096,111.67794013895208
64045,none,2,edge-2,52.0689616,4.35596913,3934.4217678731125,3232.6545914746007,16634,536.5806451612904,111.73056918107858
64047,none,2,edge-2,52.08262466,4.40525204,3937.9064986345566,3233.910660548204,16607,535.7096774193549,109.33107144912216
64064,none,5,edge-5,50.618,10.642,4366.437397570622,3056.4475826970224,8947,288.61290322580646,201.78018212407568
64078,none,3,edge-3,49.696,10.808,4379.30251615766,2954.022992225124,16689,538.3548387096774,121.60361779527257
64095,none,2,edge-2,51.42000000000001,5.682,4020.832648924656,3154.344892350621,16605,535.6451612903226,26.511140632870976
64107,none,2,edge-2,52.0413548,4.4106753,3937.924323313807,3229.3015772602444,16625,536.2903225806451,107.04699422195961
6413,none,3,edge-3,48.714,9.472,4282.131397045793,2844.6567675980486,16617,536.0322580645161,25.65843025845078
64133,none,2,edge-2,52.00804236,4.39120173,3936.3071462901794,3225.706856590146,6369,205.4516129032258,106.83085084789792
64141,none,2,edge-2,50.618,7.9319999999999995,4174.658047086818,3058.314654431004,13723,442.6774193548387,186.38933109903297
64158,none,2,edge-2,51.528,5.076,3979.583751988951,3169.003435904741,16621,536.1612903225806,53.314110424264605
64164,none,5,edge-5,53.59605833,9.98158336,4319.780498093969,3387.6049953865227,16202,522.6451612903226,208.2063042145099
64189,none,5,edge-5,50.97,10.082,4326.760039548848,3095.4083849357926,16579,534.8064516129032,193.4659231116293
64196,none,2,edge-2,52.067147899999995,4.48712325,3943.369587411976,3231.765326991773,16635,536.6129032258065,103.53987449822186
64200,none,2,edge-2,52.272,5.136,3989.261373194749,3251.3500752395003,16024,516.9032258064516,84.62147936782311
64211,none,3,edge-3,48.538,14.354,4642.437479336555,2834.4434586733746,47449,1530.6129032258063,339.9375031132687
6423,none,9,edge-9,42.708,23.288000000000004,5406.594782908845,2274.194564654325,11561,372.93548387096774,60.53087843176332
64230,none,1,edge-1,49.498,0.092,3605.631188691602,2980.0044942564564,7966,256.96774193548384,310.99495091459283
6425,none,9,edge-9,42.642794,23.383586,5415.507209656086,2268.4450325268526,3697,119.25806451612904,52.43658679902156
64253,none,1,edge-1,52.95799999999999,-7.47,3160.016104097556,3457.270172419354,16410,529.3548387096774,391.59774203380726
64294,none,4,edge-4,45.596984150000004,5.25779217,3950.747139347205,2510.0609260117067,16525,533.0645161290323,388.196355457506
64298,none,2,edge-2,53.27,7.956,4184.638353723769,3353.2405439877502,16590,535.1612903225806,232.0804540472837
64302,none,2,edge-2,52.00805347,4.39117044,3936.3051003133596,3225.708254878173,10235,330.16129032258067,106.83330464195672
6433,none,9,edge-9,42.689208,23.259921000000002,5404.669785166616,2271.731728458083,14833,478.48387096774195,62.66863647531513
64352,none,1,edge-1,52.626,-8.668,3072.9085808734903,3441.246269186892,2691,86.80645161290323,464.44108801662617
64368,none,1,edge-1,53.314,-6.3,3245.1098412162164,3477.870275100811,16354,527.5483870967741,331.00994229934815
64372,none,7,edge-7,51.21653478000001,17.3997286,4837.007324490803,3148.9882009275875,12954,417.8709677419355,125.85458036185439
64388,none,2,edge-2,52.648,4.764,3966.961515597261,3294.8566630400933,2353,75.90322580645162,133.46026283702278
64402,none,9,edge-9,42.37599999999999,23.768,5451.576888094875,2244.951116755865,13275,428.2258064516129,36.901186412886666
64414,none,5,edge-5,52.47797570000001,13.385482699999999,4550.931879608682,3268.534547630615,8111,261.64516129032256,96.04244949729286
64460,none,7,edge-7,53.756,21.14,5052.531507999056,3461.815449314531,2679,86.41935483870968,280.7282253871245
64462,none,9,edge-9,44.01976712,20.90705216,5193.9941784415105,2387.038491128542,15526,500.83870967741933,293.77038516681847
64490,none,4,edge-4,43.644366,11.0783128,4408.216765900885,2282.340364372125,37091,1196.483870967742,160.92129495502581
64503,none,7,edge-7,51.94,21.258,5091.653612730518,3263.014097907628,1703,54.935483870967744,153.16113433657267
64510,none,2,edge-2,53.20624011,5.803130870000001,4040.7374226531088,3352.3298144596897,16393,528.8064516129032,174.18944090552728
64521,none,8,edge-8,46.71399999999999,17.322,4880.347502245706,2649.908501514664,16058,518.0,136.87165000100208
64542,none,8,edge-8,46.53285667,24.58986461,5433.202506486956,2711.9784152179873,16215,523.0645161290323,431.16107875833507
64544,none,2,edge-2,51.66,5.616,4017.85131009302,3181.2798009346466,14350,462.9032258064516,14.517253088894877
64602,none,9,edge-9,42.63,23.191999999999997,5400.255077880793,2264.271543661514,16264,524.6451612903226,68.21579744815162
64616,none,9,edge-9,42.162,24.754,5535.708474460138,2236.956164894044,16509,532.5483870967741,80.30771140918266
64628,none,1,edge-1,50.96,0.31399999999999995,3642.7598703175704,3139.299987274298,13472,434.5806451612903,192.15282907533364
64632,none,1,edge-1,50.936,0.246,3637.6775922484644,3137.2834680637793,16491,531.9677419354839,190.03643560648734
6464,none,9,edge-9,42.694,23.281999999999996,5406.365527151624,2272.5752479731736,15960,514.8387096774194,60.89538175646727
64644,none,2,edge-2,50.33,7.914,4172.480886841164,3026.3268760407764,2834,91.41935483870968,206.9487600189264
64668,none,9,edge-9,42.716,23.344,5410.968763187661,2275.881711487868,16376,528.258064516129,56.065079081236426
64679,none,10,edge-10,53.864,27.676,5470.692016493688,3558.8300248408027,16253,524.2903225806451,493.47227561517667
64683,none,8,edge-8,47.652,19.016,4996.844927151927,2767.74449731749,16331,526.8064516129032,55.43554429721141
64708,none,0,edge-0,44.75556783,-0.41284293,3498.004181303956,2462.3953303938556,16605,535.6451612903226,317.07081954061516
64713,none,4,edge-4,45.34,5.98,4005.597217775729,2478.258346232124,16606,535.6774193548387,328.10658203553623
64717,none,7,edge-7,50.2887955,18.96002575,4957.759197958799,3058.614630091299,9433,304.2903225806452,141.11129320996582
64739,none,1,edge-1,51.186,0.276,3643.438012673026,3164.6093890049483,76610,2471.2903225806454,175.75849808756118
64747,none,11,edge-11,55.59081,37.885485,6028.999377705624,3947.0039984709683,8994,290.1290322580645,86.5089902288564
64778,none,9,edge-9,42.4855289,23.407185669999997,5420.301751798458,2251.578770175503,16593,535.258064516129,53.87280433338381
64803,none,5,edge-5,50.8971664,13.43312874,4562.433919090057,3092.9684018344933,2697,87.0,174.2273620361791
64827,none,5,edge-5,53.972,12.286,4471.005696146213,3431.809322214658,16280,525.1612903225806,197.39363913653978
64841,none,5,edge-5,53.55,10.062,4325.10991541504,3382.4810783062803,16545,533.7096774193549,200.8267097866711
64843,none,2,edge-2,52.198,5.422,4008.2177021576995,3241.8649050382714,16443,530.4193548387096,67.84065304086313
64853,none,1,edge-1,55.558,-4.643999999999999,3403.830538278983,3699.6935931900384,16601,535.516129032258,437.145202655149
64876,none,3,edge-3,49.861999999999995,9.908,4314.384248192363,2972.1671843492722,16626,536.3225806451613,113.67559126840449
64906,none,9,edge-9,43.31204058,27.16140568,5703.237840321654,2403.9215250585153,7623,245.90322580645162,267.4972660114598
64908,none,2,edge-2,52.236,5.188,3992.536475847062,3247.116058711016,16276,525.0322580645161,79.31531987049603
64933,none,5,edge-5,53.85,10.662,4364.573578158959,3416.063496081031,16605,535.6451612903226,205.46133782267498
64935,none,2,edge-2,51.26478352,6.94394946,4107.766023854928,3132.659133740706,16072,518.4516129032259,88.41907446439886
64989,none,8,edge-8,46.12019088,19.6766907,5067.453358025195,2605.01320088771,40314,1300.4516129032259,125.87095470573094
6500,none,5,edge-5,52.33,9.772,4305.456681611936,3246.7434300693876,9828,317.03225806451616,156.07046105785352
65010,none,7,edge-7,50.002,22.014,5177.986517797812,3058.1276981167675,1604,51.74193548387097,266.4316058191479
6506,none,3,edge-3,49.858,8.768,4232.403845422497,2972.461406064534,16209,522.8709677419355,133.81683338344376
65127,none,8,edge-8,49.08,19.652,5023.991009492518,2931.3913934879706,423052,13646.838709677419,219.93629192881832
65131,none,5,edge-5,54.912,8.316,4212.968701124307,3535.306929775639,7538,243.16129032258064,389.78658929642785
6514,none,3,edge-3,47.716,9.07,4251.177371669698,2734.0372489881747,16546,533.741935483871,135.4546492429694
65159,none,3,edge-3,49.79658084,9.9276495,4315.790178197762,2964.890315416149,16620,536.1290322580645,106.58956508340206
65173,none,2,edge-2,52.512,5.456,4012.7258596852976,3276.601115345032,14147,456.35483870967744,100.13152952414406
65181,none,3,edge-3,48.112,11.766,4452.554515886919,2779.17693084969,23981,773.5806451612904,169.19139024152275
65190,none,5,edge-5,53.57,9.984000000000002,4319.9398737292895,3384.70510172747,16432,530.0645161290323,205.97634829251533
65215,none,2,edge-2,52.2109843,5.1758622,3991.524505049511,3244.392552693428,15892,512.6451612903226,77.49090880509037
65217,none,2,edge-2,51.5469986,5.49017876,4008.3879000109605,3169.2577816380212,16620,536.1290322580645,25.37071996238562
65219,none,2,edge-2,51.55371379999999,5.4873181,4008.235992600505,3170.015961409923,16577,534.741935483871,25.252135421766983
65221,none,2,edge-2,51.5708588,5.4517814,4005.8953228119376,3172.073264968029,16563,534.2903225806451,26.91923979984544
65225,none,2,edge-2,51.55581142,5.41230351,4003.059380613436,3170.573082437969,16642,536.8387096774194,30.037565977851546
65227,none,3,edge-3,49.012,12.104,4474.936014026758,2879.845886555573,16565,534.3548387096774,172.80511342413143
65257,none,9,edge-9,44.507528,26.019139,5586.267422674297,2513.7405212798344,16053,517.8387096774194,263.77141494833705
6528,none,9,edge-9,42.664,23.256,5404.811452276196,2268.9155481737666,16453,530.741935483871,62.89438589035213
65293,none,5,edge-5,56.1507072,11.41334653,4408.8971242414855,3672.7447344738675,14384,464.0,441.1728347241371
6532,none,9,edge-9,42.004,24.868,5548.152272475613,2221.5660423424692,16600,535.483870967742,99.14641872844616
65329,none,2,edge-2,52.21,5.158,3990.2993417632133,3244.3642040947384,14502,467.80645161290323,78.11498642784944
65376,none,3,edge-3,47.332,9.404,4275.919332540444,2691.1151573224683,16573,534.6129032258065,170.1416552149273
65384,none,11,edge-11,52.788,41.368,6361.303882293623,3749.199726755187,16148,520.9032258064516,467.8073893783672
65394,none,2,edge-2,49.760000000000005,6.511999999999999,4069.7538574538867,2966.786331157444,11692,377.16129032258067,214.89940290506988
65458,none,2,edge-2,52.03811863,4.410637920000001,3937.8941178329746,3228.9425895123986,9322,300.7096774193548,106.90322092337378
65468,none,5,edge-5,51.0777597,12.78615245,4516.202740416363,3111.112466620653,16512,532.6451612903226,135.30113739695176
65534,none,11,edge-11,55.838,37.184,5978.036893819227,3956.152206725304,15768,508.64516129032256,60.202913062749815
65537,none,2,edge-2,50.93829235,6.85888736,4100.2820467264255,3096.617174044094,38895,1254.6774193548388,106.46118184436004
65546,none,11,edge-11,55.968,37.498,5990.489392273582,3977.0179557607576,78060,2518.064516129032,41.491258286011394
65548,none,3,edge-3,47.75675812,11.36810303,4423.62955513018,2739.076424969488,14186,457.61290322580646,169.8385253176715
65553,none,5,edge-5,51.56,14.368,4623.708710438162,3170.104227147678,16636,536.6451612903226,174.99471911141683
65557,none,5,edge-5,53.49,14.376,4611.283936074625,3384.56418614956,16584,534.9677419354839,212.21878679399114
65614,none,3,edge-3,49.292,10.572,4362.618050256323,2908.9402214355646,16275,525.0,77.45679136946958
65625,none,8,edge-8,44.7431118,20.4946478,5150.597021064816,2461.9298588829206,2531,81.64516129032258,291.3428428664347
65629,none,5,edge-5,50.6613134,14.03535457,4606.1755743211625,3068.9269068965946,16576,534.7096774193549,220.29154182370712
65635,none,6,edge-6,59.3113467,18.0237235,4777.851000247838,4049.217057301083,13260,427.741935483871,67.41723945058668
65640,none,9,edge-9,43.089125,26.887375000000002,5686.784361063177,2374.663629600042,16,0.5161290322580645,239.93097821852507
6565,none,9,edge-9,44.118,27.258,5691.579601955536,2493.2634123195194,16592,535.2258064516129,310.76832239488704
65659,none,2,edge-2,53.258,6.932,4116.306378937169,3354.311993306982,9654,311.4193548387097,195.0796267443027
65666,none,8,edge-8,47.464,18.975999999999996,4996.318430492836,2746.613597770031,120611,3890.6774193548385,34.538031188744824
65683,none,4,edge-4,44.50506149999999,11.369504,4430.117459110291,2378.133095524975,14502,467.80645161290323,110.45170690742168
65685,none,1,edge-1,50.84306123,-1.0622111,3545.241024407818,3140.095802509871,16200,522.5806451612904,140.1419642400756
65702,none,3,edge-3,49.15543359,11.01806134,4395.277449805825,2894.107640488295,16560,534.1935483870968,98.3572675643044
65705,none,7,edge-7,51.0558468,17.301879,4831.986162610459,3130.499648065524,15620,503.8709677419355,138.69258678296944
65718,none,1,edge-1,52.466,-1.016,3575.6189986192117,3318.43810821868,15906,513.0967741935484,81.76488598931763
65731,none,5,edge-5,49.4941301,14.67903998,4659.775854229945,2942.039466485667,16539,533.516129032258,353.7214526773842
65740,none,7,edge-7,50.31666919,18.84784788,4949.46230779553,3060.7269749113625,16139,520.6129032258065,138.9180984119652
65760,none,2,edge-2,51.082,5.066,3975.5531311440695,3119.526201544608,15938,514.1290322580645,81.57963779779807
65800,none,3,edge-3,48.116,11.66,4444.650103221496,2779.4382940621526,16611,535.8387096774194,162.13703584758315
65832,none,9,edge-9,42.648,23.332,5411.243786116911,2268.2643632853456,16610,535.8064516129032,56.65930546166872
65860,none,3,edge-3,47.53096614,8.77964526,4229.050849576155,2713.7969637925357,16200,522.5806451612904,163.14819075593869
65872,none,7,edge-7,50.08,21.992,5175.036753509816,3066.449850143617,15894,512.7096774193549,259.57060256330305
65880,none,2,edge-2,51.364,6.054,4046.3263149623663,3146.658857873593,15191,490.03225806451616,34.75522466154614
65892,none,2,edge-2,52.08010602,4.39880669,3937.444592830587,3233.665034486441,16595,535.3225806451613,109.60499956467268
65897,none,5,edge-5,50.897999999999996,10.854,4381.080111268218,3087.74616616251,20104,648.516129032258,167.27886154373505
65975,none,2,edge-2,48.9178399,2.33500242,3760.2106549867576,2896.394130363092,19703,635.5806451612904,391.6767183841634
65991,none,2,edge-2,51.5558577,5.092435600000001,3980.929289703077,3172.0201962736296,16121,520.0322580645161,51.53279361661477
65997,none,7,edge-7,52.258,21.052,5072.3138060512165,3295.890516352398,10023,323.3225806451613,153.91178347584656
66021,none,11,edge-11,59.98,30.346,5441.5962787938615,4260.109906010957,16592,535.2258064516129,588.537029471563
66055,none,7,edge-7,52.396632669999995,17.07783133,4801.911994490763,3277.542341373368,21153,682.3548387096774,169.31478723128097
66084,none,9,edge-9,43.07382651,25.62493192,5586.767014175603,2350.8096616456464,16604,535.6129032258065,139.93255690143678
66125,none,8,edge-8,44.7615129,20.485299550000004,5149.591971754466,2463.851710986242,19032,613.9354838709677,289.1771490910726
66164,none,2,edge-2,51.088,3.096,3838.0948505708534,3131.3566775628574,15990,515.8064516129032,199.58890778658315
66176,none,8,edge-8,44.816,20.538000000000004,5152.916436240233,2470.436408153267,16490,531.9354838709677,285.2781763991848
66196,none,4,edge-4,45.168,5.736,3985.4362505667937,2460.260617002567,2169,69.96774193548387,345.55568568849014
66200,none,2,edge-2,52.1637481,5.3025301,3999.8217410285406,3238.5802382949,15957,514.741935483871,68.31522020162468
66206,none,2,edge-2,52.49,4.976,3980.0489624596157,3276.2994627250127,7934,255.93548387096774,110.90179099070623
66280,none,3,edge-3,48.365081,10.876053,4385.93961918248,2806.1180333706316,16597,535.3870967741935,98.04874251091897
66293,none,11,edge-11,55.83495287,37.17927718,5977.894625511581,3955.724885224086,16299,525.7741935483871,60.628592038187186
66334,none,5,edge-5,51.303829800603644,9.483245277867026,4284.96260239942,3132.670993362648,16334,526.9032258064516,203.50202313325394
66362,none,3,edge-3,47.52821334,10.25449008,4340.176844519716,2712.766167220381,16572,534.5806451612904,150.8137432295625
66364,none,7,edge-7,50.8480995,15.60047368,4714.989869426919,3096.9316636243816,15071,486.16129032258067,258.508833164734
66368,none,3,edge-3,48.98307545,8.39841709,4203.746294003888,2875.7059251756295,16302,525.8709677419355,101.03025679071554
66381,none,1,edge-1,52.648,1.214,3728.0034520691243,3317.9908644076268,16252,524.258064516129,225.69051254928635
66385,none,11,edge-11,55.872,37.462,5992.546247442237,3966.1875365046403,10066,324.7096774193548,52.43439138478802
66396,none,1,edge-1,51.378,-1.3419999999999999,3534.965448027231,3202.0156668186114,16446,530.516129032258,78.13185700905598
66398,none,2,edge-2,51.504,3.894,3897.6039238619787,3172.53294728866,6220,200.6451612903226,134.59320841621144
66430,none,5,edge-5,51.694,10.006,4321.414870854451,3175.9530389326437,16924,545.9354838709677,151.48529502113354
66467,none,8,edge-8,47.64896498,18.81199747,4981.675760390307,2765.564638527698,15981,515.516129032258,56.78909043827604
66479,none,3,edge-3,47.912,13.526,4584.608899110158,2761.6662735739137,16217,523.1290322580645,297.594970229494
66492,none,1,edge-1,52.58459354,1.14069164,3722.2210100571324,3311.5807986410227,16604,535.6129032258065,218.84902712202114
66502,none,2,edge-2,52.21204434,5.16161442,3990.560929679018,3244.5748441472606,16207,522.8064516129032,78.15380879919556
66520,none,3,edge-3,49.35821630000001,11.10441506,4401.244745467881,2916.743527925662,15802,509.741935483871,113.60924322230913
66524,none,2,edge-2,52.21,5.16,3990.4357057666393,3244.355123045271,16334,526.9032258064516,78.03447063119627
66529,none,5,edge-5,50.07765354,14.444904680000002,4638.976303603137,3005.782513692801,16425,529.8387096774194,289.90060009343966
66545,none,7,edge-7,50.35044453,19.08315271,4965.618402890768,3066.50590405938,16213,523.0,133.783319422974
66547,none,5,edge-5,50.364,14.874,4667.5298168424215,3039.522505508881,16538,533.483870967742,284.09731206219215
66560,none,3,edge-3,49.878,8.142,4187.4513772703685,2975.6321834346463,16468,531.2258064516129,164.43565271013105
66562,none,7,edge-7,50.32600157,19.12292987,4968.758959654809,3064.1555845034077,16206,522.7741935483871,136.46674803894
66566,none,9,edge-9,42.65859366,23.81843448,5450.32110518795,2276.6137803624565,15262,492.3225806451613,16.757194059979415
66625,none,9,edge-9,42.63698804,23.37734091,5415.1091001855875,2267.718576024043,9581,309.06451612903226,52.97027547256248
66627,none,5,edge-5,50.422,14.912,4669.798835728988,3046.1421759873847,16367,527.9677419354839,281.2714803967553
66650,none,1,edge-1,56.46647355,-3.20596933,3511.6658902325403,3781.779437404877,16436,530.1935483870968,507.03235874095856
66668,none,1,edge-1,51.437999999999995,-2.006,3490.5068381287774,3215.9816446701825,11737,378.61290322580646,60.925573775420155
6668,none,3,edge-3,47.711999999999996,9.082,4252.072895992974,2733.581559662667,14572,470.06451612903226,135.53363866249776
66681,none,5,edge-5,51.37,12.34,4483.921019520933,3142.514947221781,15264,492.38709677419354,94.9450469387022
66693,none,5,edge-5,50.0307023,14.5112617,4644.03356603324,3000.858604410245,16582,534.9032258064516,296.89347139898723
66718,none,8,edge-8,46.787888419999994,23.61684233,5355.02793054175,2725.793043728279,15209,490.61290322580646,353.2343376602357
66736,none,4,edge-4,38.216,15.234,4782.1720098727865,1697.4000863431518,6486,209.2258064516129,854.9951326244935
6674,none,9,edge-9,42.58,23.422,5419.7657778983785,2262.1337946231633,15758,508.3225806451613,49.9597078265524
66742,none,7,edge-7,54.152,19.432,4935.362642833855,3489.6027833403573,7990,257.741935483871,290.47535110315084
66801,none,7,edge-7,50.326,19.122,4968.693350928523,3064.1471856158173,14529,468.6774193548387,136.4671540801335
66809,none,7,edge-7,51.74894295,19.568669070000002,4979.6365936520515,3225.3578533860596,15630,504.19354838709677,37.599706231100015
66815,none,7,edge-7,51.196433289999995,17.37937063,4835.817945280211,3146.6178028729796,11622,374.9032258064516,127.9082356482458
66817,none,3,edge-3,49.987581340000006,8.27325225,4197.166411716491,2987.586093899885,16621,536.1612903225806,166.76781470670045
66818,none,2,edge-2,53.0934056,7.447664800000001,4150.042785541445,3334.6732038319105,15649,504.80645161290323,195.83757823796896
66833,none,8,edge-8,47.04505004,21.93020225,5223.883024666629,2731.948312736286,15922,513.6129032258065,222.6874470313391
66853,none,9,edge-9,42.71594079,23.2587749,5404.090915611787,2274.64173473288,16483,531.7096774193549,62.999819423610866
66857,none,7,edge-7,50.28,19.16,4972.006980023123,3059.4006728318022,16174,521.741935483871,141.60483794325563
66865,none,7,edge-7,51.14846148000001,16.86876118,4800.82024812184,3137.825816059814,4032,130.06451612903226,163.53238773574736
66880,none,5,edge-5,51.392,10.234,4337.287466388925,3142.37898194898,115112,3713.2903225806454,154.3904479100432
66887,none,2,edge-2,51.68,5.976,4042.837027651319,3182.0677377709685,16199,522.5483870967741,11.387774714319809
66906,none,3,edge-3,49.46737802,11.05038464,4397.148772615552,2928.823236602949,16234,523.6774193548387,116.88709279120182
66943,none,2,edge-2,52.0070952,5.87322772,4037.8012216454244,3218.8094050516024,16532,533.2903225806451,40.85712681162756
66960,none,11,edge-11,55.007241,38.633724,6097.863475738148,3904.772306560775,16226,523.4193548387096,164.2864000349926
67003,none,1,edge-1,51.18655845999999,-0.32556117,3601.843798191272,3170.4266562262524,3816,123.09677419354838,141.35318292377548
67013,none,8,edge-8,47.41,19.182,5012.447119310114,2742.5534631823175,39153,1263.0,31.753631714810496
67015,none,5,edge-5,52.56,13.374,4549.7273255073715,3277.6172010530545,15344,494.96774193548384,98.5231399944846
67038,none,2,edge-2,53.204,6.59,4093.221921784838,3349.326863031213,13406,432.4516129032258,181.577606318585
67052,none,8,edge-8,47.222,18.67,4976.464545408478,2717.1278395862255,7750,250.0,25.983165274111865
67099,none,2,edge-2,53.046,5.668,4030.6524087233283,3335.0556653982103,6156,198.58064516129033,156.70599585721743
67109,none,2,edge-2,50.78600000000001,7.057999999999999,4113.5874171872965,3079.1054617973546,16619,536.0967741935484,128.43518481687562
67159,none,2,edge-2,51.6775782,5.1326045,3984.6098016625465,3185.3510470947094,4231,136.48387096774192,47.97400020746235
67222,none,8,edge-8,47.04012228,21.93970799,5224.680275287416,2731.5226012855915,4339,139.96774193548387,223.44513522185838
67254,none,2,edge-2,51.7003261,5.22342771,3991.041730364021,3187.462539554914,16634,536.5806451612904,42.02781173775918
67262,none,9,edge-9,44.03513368,20.4708209,5159.118880080807,2383.73965297148,12692,409.4193548387097,325.34977338391224
67271,none,2,edge-2,51.63210687,5.372360049999999,4000.832752823438,3179.2220819666695,16593,535.258064516129,31.25035314962186
67331,none,2,edge-2,50.5450315,7.253065,4126.334128751761,3051.782045219386,5964,192.38709677419354,157.81795492910325
67333,none,5,edge-5,52.44159590000001,10.28632379,4340.470320893309,3259.175026413345,16588,535.0967741935484,123.0542232564023
67343,none,7,edge-7,51.20327704999999,17.40971178,4837.849515632534,3147.590200340706,12123,391.06451612903226,125.65636186540651
67356,none,11,edge-11,55.840821,37.133724,5975.026856730175,3955.2778273709932,15836,510.83870967741933,61.114085887316755
67377,none,4,edge-4,46.086,6.587999999999999,4056.8886644978047,2558.6139335332364,7139,230.29032258064515,304.2352373923554
67395,none,11,edge-11,55.7538055,37.7900273,6016.449822377853,3961.653768024977,15884,512.3870967741935,67.27545799797122
67397,none,7,edge-7,50.448,18.824,4946.038837563949,3075.0425753738214,18761,605.1935483870968,124.72864678729275
67430,none,2,edge-2,52.076,5.264000000000001,3996.555717608477,3229.0046855859605,18832,607.483870967742,61.859702567241825
67439,none,11,edge-11,54.85361578,38.51695061,6097.835916697763,3885.951936210153,14652,472.64516129032256,177.58790127646301
67457,none,2,edge-2,52.038,4.64,3953.5805725745054,3227.7480028467644,16241,523.9032258064516,92.73793476749596
67477,none,2,edge-2,51.68027592,5.11939019,3983.718174458228,3185.711649408215,15376,496.0,48.90920262396466
67501,none,7,edge-7,52.528,19.76,4981.097823678196,3313.129219025736,16192,522.3225806451613,117.12519714652285
67517,none,11,edge-11,59.134,37.894,5873.280061040486,4314.14933148921,3830,123.54838709677419,315.436565748922
67523,none,2,edge-2,51.5723851,5.4836731,4008.112027014126,3172.1055912426214,16626,536.3225806451613,24.760980622970617
67527,none,2,edge-2,51.5572489,5.4577862,4006.2166708060627,3170.5355987931725,16504,532.3870967741935,27.011328420292024
67545,none,3,edge-3,47.77,11.15,4407.247763477866,2740.269212744495,16038,517.3548387096774,157.76337512345472
67576,none,8,edge-8,47.5489362,18.73489469,4977.1978223159995,2753.825923907415,17513,564.9354838709677,48.173342990535964
67590,none,7,edge-7,51.21120285,17.37494498,4835.3454363324,3148.222734297592,13035,420.48387096774195,127.684002838168
67592,none,7,edge-7,51.2223339,17.38097737,4835.640049930981,3149.4982844543774,13320,429.6774193548387,126.90521717959459
67680,none,7,edge-7,51.2159118,17.40785383,4837.5786713399275,3148.976631800371,13319,429.64516129032256,125.33638855438636
67682,none,7,edge-7,51.207079269999994,17.39707321,4836.928824411322,3147.9220225451677,13305,429.19354838709677,126.3588853040758
67695,none,2,edge-2,52.02912064,4.64687114,3953.977940461514,3226.727644601063,16369,528.0322580645161,91.86048908739085
67697,none,2,edge-2,51.442,6.778,4097.062395261332,3152.8565997819633,16211,522.9354838709677,69.81469702314838
67736,none,8,edge-8,47.43099482,19.1270712,5008.056527356218,2744.3599310205286,16276,525.0322580645161,32.37054615367452
67740,none,5,edge-5,50.09,14.42,4637.115453570349,3007.045969239123,16472,531.3548387096774,287.7618694037152
67803,none,1,edge-1,51.378,-1.342,3534.965448027231,3202.0156668186114,16739,539.9677419354839,78.13185700905598
67807,none,1,edge-1,48.438816079999995,-4.57523704,3250.1774403242925,2920.2475147894997,12995,419.19354838709677,437.47514986383925
67818,none,3,edge-3,47.57600000000001,7.524,4134.635290441911,2721.1602090443384,16330,526.7741935483871,217.9097899830601
67840,none,2,edge-2,51.684,5.142000000000001,3985.305540406325,3186.0209274286553,16629,536.4193548387096,47.38953174961377
67848,none,2,edge-2,51.689344,5.1197593,3983.811045980239,3186.716967808464,16654,537.2258064516129,48.978949828864785
67931,none,2,edge-2,52.0,5.954,4043.293671048126,3217.71015441326,39467,1273.1290322580646,40.92295512714013
67954,none,10,edge-10,50.5877389,27.64543517,5556.740100988526,3202.9094391868107,14493,467.51612903225805,153.1980499484212
67962,none,2,edge-2,51.5011811,5.372999399999999,3999.9552786593763,3164.677231414748,5593,180.41935483870967,34.90755651839403
67987,none,5,edge-5,53.8,15.956,4712.987880108028,3426.427517247245,13791,444.8709677419355,316.6076182377737
68007,none,2,edge-2,51.5714427,5.470653,4007.2048450102666,3172.056811771185,16475,531.4516129032259,25.651740693102653
68067,none,7,edge-7,51.03819558,16.77081764,4795.130741618422,3124.964250404959,9668,311.8709677419355,173.9338698420214
68085,none,8,edge-8,47.53506827,18.66452336,4972.113910299891,2751.671458647788,8038,259.2903225806452,49.25369391841229
68117,none,7,edge-7,54.464,18.498,4870.725525691019,3516.565733649441,4487,144.74193548387098,327.25983025481
68125,none,2,edge-2,51.49474812,5.39589912,4001.496709730288,3163.8622450412195,86,2.774193548387097,33.835857006955386
68131,none,2,edge-2,51.46469392,5.5553301600000005,4012.3413641445263,3159.83797640668,12098,390.258064516129,27.058884943381074
68137,none,3,edge-3,50.826,9.03,4252.654132541015,3079.8390053338762,79308,2558.3225806451615,226.5682129408922
68145,none,1,edge-1,51.824,-0.196,3620.6633212861557,3239.4959669572445,8675,279.83870967741933,119.49972687215029
68169,none,7,edge-7,50.206,15.978,4747.256618936475,3027.808358786681,4755,153.38709677419354,267.4548329948968
68179,none,9,edge-9,42.632,23.44,5420.263785381995,2268.0878284318924,16534,533.3548387096774,47.85308449100828
68187,none,2,edge-2,52.5755788,6.6285043,4092.5230666695397,3279.3412797408832,8002,258.1290322580645,117.69642274791482
68195,none,2,edge-2,51.43709524,5.44097632,4004.220676454311,3157.262140682972,16365,527.9032258064516,34.93710236224494
68197,none,3,edge-3,49.382,11.358,4419.61955960821,2919.6961302877803,16184,522.0645161290323,131.11210658854867
68199,none,7,edge-7,51.554,17.044,4808.684855063798,3183.933150722225,2469,79.64516129032258,144.39853609413768
68226,none,3,edge-3,49.40999999999999,11.030000000000001,4395.75900229264,2922.422645651416,12547,404.741935483871,112.03293568845486
68230,none,2,edge-2,52.22,5.16,3990.5098372234024,3245.465743027112,16552,533.9354838709677,78.93696396258716
68278,none,2,edge-2,51.68960257,5.11624664,3983.5706892216144,3186.7619249325885,16549,533.8387096774194,49.2234531840305
68288,none,2,edge-2,51.557114,5.4251991,4003.960793426629,3170.661668161343,16560,534.1935483870968,29.144360613914568
6829,none,3,edge-3,48.592,8.868,4237.467319029213,2831.59678124304,16034,517.2258064516129,71.40072808974077
68290,none,2,edge-2,51.5656457,5.4637883,4006.6899542579813,3171.442429579637,16671,537.7741935483871,26.30592183509988
68301,none,8,edge-8,47.468,18.806,4983.547053048246,2745.5177750766347,16613,535.9032258064516,37.79850314666124
68303,none,11,edge-11,59.76915985,30.33430315,5447.97231500551,4237.391525866249,15597,503.1290322580645,573.6077852442097
68305,none,7,edge-7,51.10665714,17.1266427,4819.220787783532,3134.919030663033,3383,109.12903225806451,147.90907329406218
68307,none,5,edge-5,52.526616800000006,13.697212099999998,4571.807089485926,3274.971494319044,13390,431.93548387096774,117.85414040687583
68309,none,7,edge-7,51.10455468,17.0868811,4816.473704994252,3134.4156777783064,8352,269.4193548387097,150.60144615741802
68312,none,11,edge-11,59.99530000000001,30.33039,5440.25627047296,4261.497147689743,16287,525.3870967741935,590.3316892921845
68320,none,7,edge-7,51.12,17.024,4811.928959436679,3135.7027897383455,40562,1308.4516129032259,154.1726625529722
6833,none,9,edge-9,42.654,23.378,5414.8503359268125,2269.5900963650674,16531,533.258064516129,52.87678655897181
68376,none,2,edge-2,52.068,5.188,3991.2990749311643,3228.4573576382595,19043,614.2903225806451,64.59485489993097
68405,none,2,edge-2,52.011463400000004,6.438602000000001,4076.5851378735115,3217.248275400452,774,24.967741935483872,59.11092205469146
68433,none,7,edge-7,51.35,17.056,4811.69861200817,3161.4061858869923,13176,425.03225806451616,145.63279797686928
68445,none,7,edge-7,50.32294044,19.00803477,4960.690109280785,3062.807229336634,71,2.2903225806451615,137.07167723155396
68456,none,11,edge-11,55.046,38.838,6108.006718946792,3913.8855825423666,14409,464.80645161290323,166.0978292646914
68476,none,3,edge-3,48.266,14.188,4631.872766372798,2803.5399125884683,16417,529.5806451612904,333.1359342257616
68489,none,3,edge-3,48.764,8.936,4242.754770116625,2850.6406375631536,3793,122.35483870967742,61.21197088604231
68508,none,7,edge-7,49.56,19.09,4976.833330767375,2979.212886127106,8322,268.4516129032258,221.77369632601125
68522,none,7,edge-7,50.30507475,18.84638249,4949.512603350895,3059.4325682491517,16238,523.8064516129032,140.21126725344538
68528,none,8,edge-8,47.161703540000005,16.6385445,4824.007613584438,2694.5650684347393,16609,535.7741935483871,178.94061609846653
6853,none,9,edge-9,42.144,24.722,5533.473059117311,2234.4749646715677,16606,535.6774193548387,79.74503537844838
68552,none,8,edge-8,47.44138264,19.16722655,5010.923253209921,2745.880847766495,13179,425.1290322580645,34.49086516106454
6859,none,9,edge-9,42.824,23.24,5400.610676701893,2286.2015926801105,5295,170.80645161290323,66.80951922296265
68619,none,2,edge-2,50.971115020000006,6.75515145,4093.1592432760867,3100.5836990170774,13557,437.3225806451613,98.89542814732708
68628,none,3,edge-3,48.602,9.49,4283.372184105807,2832.197439603665,15887,512.483870967742,33.47237508996477
68634,none,8,edge-8,47.072,22.192,5243.0180618770455,2738.1394667018735,16480,531.6129032258065,242.33079983727853
68636,none,10,edge-10,47.13100184,27.57293701,5641.027981872355,2826.2906077224975,15865,511.7741935483871,288.31064776308335
68638,none,10,edge-10,47.1608905,27.5894165,5641.4809321150315,2829.8316482524297,4112,132.6451612903226,284.74088334938983
68640,none,10,edge-10,47.16836004,27.605896,5642.501494331417,2830.9379789714744,14354,463.03225806451616,283.50792742676845
68642,none,10,edge-10,47.17582853,27.59490967,5641.505271636636,2831.5523084702054,5142,165.8709677419355,283.0328350488009
68646,none,10,edge-10,47.19076236,27.54547119,5637.497298078103,2832.2905195464195,16002,516.1935483870968,282.8761088504873
68654,none,5,edge-5,51.108,13.622,4574.548963000891,3117.039229652377,39197,1264.4193548387098,163.45058430382875
68656,none,5,edge-5,51.122,13.606,4573.353520055465,3118.5397595094782,8183,263.96774193548384,161.540789763471
68665,none,9,edge-9,42.66197944,23.36177498,5413.393409173157,2270.227230428919,16055,517.9032258064516,54.2127738623904
68687,none,5,edge-5,52.53778506999999,13.48292112,4557.223732267256,3275.495650550247,2450,79.03225806451613,104.47318736209749
68689,none,7,edge-7,51.0807628,17.02603519,4812.487811222473,3131.3682559475037,4012,129.41935483870967,155.51712948288946
68692,none,7,edge-7,49.65501975,20.66188205,5087.886376026349,3004.9386895855987,13203,425.9032258064516,237.28201534885343
68712,none,7,edge-7,51.566,19.198,4956.841315544207,3201.853784641343,9838,317.35483870967744,5.12579912987412
68807,none,7,edge-7,54.272,18.558,4877.1553162466425,3495.7885857917095,14843,478.80645161290323,305.537833110019
68822,none,2,edge-2,50.87,4.606000000000001,3941.6828326285013,3098.2708039086974,16602,535.5483870967741,120.7629622056624
68859,none,3,edge-3,49.238,8.092,4182.039446908341,2904.5758085501893,19899,641.9032258064516,129.61808097632692
68871,none,2,edge-2,52.278,6.808,4103.219218000629,3245.706912766021,16602,535.5483870967741,97.97033802104397
68873,none,5,edge-5,50.806,12.882,4524.098093405064,3081.1605400467083,12023,387.83870967741933,165.94567580064447
68875,none,2,edge-2,52.300234,5.1423188,3989.901814598814,3254.4570033615146,16316,526.3225806451613,87.00343562164676
68889,none,3,edge-3,47.41199999999999,8.79,4229.621435797706,2700.568090576874,12078,389.61290322580646,174.78621472221513
68891,none,3,edge-3,48.702,8.884,4238.82893911648,2843.8055157669337,12216,394.06451612903226,66.33047871202845
68941,none,2,edge-2,51.476,7.552,4150.957039858556,3154.5489666166104,16468,531.2258064516129,121.24621544295236
68948,none,3,edge-3,49.546,7.4,4132.852286303953,2940.3497308954657,16581,534.8709677419355,188.93612722838316
68988,none,4,edge-4,46.08,11.115999999999998,4407.426256245213,2552.538465756922,7922,255.5483870967742,152.02472488769686
6899,none,9,edge-9,42.61600000000001,23.35,5413.283770481935,2265.0234257883985,16453,530.741935483871,55.35186266122499
68994,none,2,edge-2,50.968,5.816,4027.2696078221147,3103.5862639194784,3562,114.90322580645162,74.9238379910529
69027,none,8,edge-8,47.594,19.116,5005.067374845973,2762.2585718069936,3815,123.06451612903226,49.79748425850459
69033,none,3,edge-3,47.72119735,10.31772725,4344.852582156817,2734.227112124681,16242,523.9354838709677,131.50493377308362
69089,none,5,edge-5,52.47536895,13.12497555,4533.264638196361,3267.453173718595,38448,1240.258064516129,79.30068785495958
69095,none,2,edge-2,51.9878282,6.5597891,4084.7705183607804,3214.2214163303984,16476,531.483870967742,63.74597801275336
69127,none,7,edge-7,50.234,19.292,4981.971135869689,3055.5001389886356,16144,520.7741935483871,147.1543761535308
69153,none,2,edge-2,51.58,4.578,3945.5526482219143,3177.222638259781,16621,536.1612903225806,86.52588075596482
69171,none,3,edge-3,47.902,12.308000000000002,4493.626077788293,2756.9617042505915,18487,596.3548387096774,215.88568703235433
69173,none,3,edge-3,49.662,8.408,4206.053666190211,2951.166655503182,12033,388.16129032258067,134.03175681400316
69176,none,9,edge-9,42.67526825,23.29737544,5407.948723845761,2270.747171702399,15785,509.19354838709677,59.5298395322919
69184,none,10,edge-10,53.96,27.55,5460.077247182881,3567.2387312487444,16469,531.258064516129,505.62575163815825
69198,none,3,edge-3,50.298,8.514000000000001,4215.120193530832,3021.7274795461535,20275,654.0322580645161,185.10481269395117
692,none,3,edge-3,50.084,8.576,4219.080065710159,2997.8418690763124,5008,161.5483870967742,162.41429135300757
69219,none,1,edge-1,53.38399999999999,-2.732,3478.76949671912,3438.214075304745,3354,108.19354838709677,165.7745895497543
69245,none,2,edge-2,52.304,4.87,3971.404860368518,3256.1484453023672,16358,527.6774193548387,98.65112016647498
69247,none,11,edge-11,56.327999999999996,43.992,6334.020973089456,4182.458549257262,20002,645.2258064516129,393.51747666684764
69257,none,1,edge-1,53.356,-1.748,3542.6620140415125,3424.123596413302,16603,535.5806451612904,153.6681714590434
69300,none,9,edge-9,43.24490147,27.84972757,5759.154429425156,2409.617235917696,16149,520.9354838709677,320.2576909370534
69308,none,3,edge-3,47.08168648,8.34167835,4194.974771926171,2664.536473759308,16245,524.0322580645161,222.66439437232637
69368,none,2,edge-2,51.09498995,6.58410698,4081.7992588361913,3114.898687769395,14282,460.7096774193548,80.62091169818181
69378,none,7,edge-7,53.28245847,19.42372514,4947.553452490549,3393.4764277489476,13206,426.0,193.9152853036126
6938,none,9,edge-9,42.706,23.372,5413.411908070594,2275.194152007551,16217,523.1290322580645,53.66249083807371
69397,none,7,edge-7,50.2313148,18.9490369,4957.753612009195,3052.1652746872624,161180,5199.354838709677,147.55570131108627
69411,none,3,edge-3,48.652,9.194,4261.593532848834,2837.950079579982,16634,536.5806451612904,46.808824421668724
69413,none,2,edge-2,51.68087397,5.11862308,3983.669700028603,3185.7816107210447,8076,260.51612903225805,48.96768644799975
69526,none,7,edge-7,50.191108,19.161139999999996,4973.307480295905,3049.5877170255026,14591,470.6774193548387,151.50327173168407
69535,none,2,edge-2,51.568000000000005,5.048,3977.947017191594,3173.5765139598966,16628,536.3870967741935,54.334714674410606
69537,none,2,edge-2,52.08933795000001,5.08508205,3984.4201476553017,3231.2977536263893,6168,198.96774193548387,71.2280372889857
69548,none,3,edge-3,47.8592633,9.01417025,4247.192364651902,2750.00980510059,16612,535.8709677419355,122.64732775794567
69550,none,2,edge-2,53.04961292,6.98884847,4119.125968645849,3330.9807578430637,15852,511.35483870967744,175.70668194411863
69570,none,9,edge-9,42.292,23.146,5402.614124848059,2226.6074724089613,15767,508.61290322580646,82.66544544232868
69593,none,5,edge-5,50.122,14.468,4640.329345547507,3010.8075321584483,2049,66.09677419354838,286.7936648931236
69600,none,9,edge-9,44.42081043,26.06870592,5592.063486897183,2505.1354945804696,16445,530.483870967742,258.8766999448421
69630,none,2,edge-2,52.212,5.496,4013.3626561766014,3243.1048951592365,16509,532.5483870967741,67.3974303342016
69667,none,2,edge-2,52.37,4.832,3969.3433301036243,3263.659860673423,14383,463.96774193548384,105.88440271833075
69683,none,2,edge-2,51.7349326,5.1366326,3985.3126776066483,3191.701880822073,16198,522.516129032258,48.6257195530123
69685,none,8,edge-8,47.05959734,15.438470540000003,4734.08933582996,2675.833292925087,16612,535.8709677419355,270.4567838553951
69695,none,7,edge-7,52.1522814,20.71089953,5051.053831436516,3280.7644145232844,16200,522.5806451612904,127.87163404852822
69697,none,8,edge-8,46.77315494,23.58974129,5353.284653240653,2723.8000201469545,16161,521.3225806451613,351.42286206391566
69707,none,11,edge-11,55.726,37.566,6004.78042645138,3953.4500822140026,6473,208.80645161290323,68.64921757438326
69751,none,2,edge-2,52.288,6.056,4052.025432389145,3249.332167077792,15920,513.5483870967741,73.72773213372686
69762,none,9,edge-9,42.46817273,21.4639619,5262.7648063200595,2223.289563589175,1661,53.58064516129032,211.53686947572743
69766,none,8,edge-8,48.014,21.384,5166.901296988235,2832.0768909742637,32832,1059.0967741935483,203.6285598058079
69772,none,8,edge-8,45.988,18.664,4991.401609299047,2580.770043328097,1,0.03225806451612903,132.2118905681035
69796,none,4,edge-4,45.65,9.612,4290.712620056104,2504.2381520058107,8087,260.8709677419355,90.34802127337107
69798,none,11,edge-11,53.200586910000006,44.9977358,6554.950302662732,3899.4853851801577,7964,256.9032258064516,589.3728235355743
69842,none,1,edge-1,51.326,-0.068,3621.77461471101,3183.309899926391,3011,97.12903225806451,147.16068534959572
69855,none,8,edge-8,48.14,16.304,4789.742491514855,2800.7367317833864,16125,520.1612903225806,229.88552902243703
69879,none,9,edge-9,43.13600000000001,24.706,5512.18654354124,2342.5213206163576,16334,526.9032258064516,78.38779450611594
69909,none,3,edge-3,47.918,8.112,4179.823165441126,2757.8477553710845,16402,529.0967741935484,159.70431531385773
69911,none,7,edge-7,49.92,17.868,4884.8633828818565,3008.874374553741,8079,260.61290322580646,202.28959703032908
69916,none,9,edge-9,42.712,23.632,5434.27756030703,2279.6705589385565,4164,134.32258064516128,32.7171400310911
69923,none,7,edge-7,53.1551765,18.1029693,4861.794002929215,3368.769061914259,5702,183.93548387096774,191.80913301523327
69926,none,3,edge-3,47.286,8.53,4209.719844958629,2686.927464935059,1066,34.38709677419355,195.93741081208265
69971,none,3,edge-3,50.328,8.542,4217.180622385116,3025.0236780770824,16184,522.0645161290323,187.05014762428482
69980,none,11,edge-11,56.23199999999999,43.944,6336.486410102582,4171.481770050771,11516,371.48387096774195,391.27349922292393
69982,none,11,edge-11,56.274,43.98,6336.219064378892,4176.712021459654,1572,50.70967741935484,393.1323774048671
69988,none,3,edge-3,48.4721118,7.990691879999999,4172.388459175258,2819.652947753015,13089,422.2258064516129,136.7899531939884
70015,none,2,edge-2,51.094,6.76,4094.1018996824064,3114.2279680060797,8086,260.83870967741933,89.22015326307805
70027,none,7,edge-7,50.092,15.804,4735.871316524455,3014.1648710791346,16623,536.2258064516129,284.9620260041809
70064,none,4,edge-4,45.22894,10.32822,4346.817479709486,2457.4901746898263,6197,199.90322580645162,39.43177478190247
70072,none,9,edge-9,42.794,23.302,5406.154488882828,2283.811441116914,3839,123.83870967741936,61.05142358291061
70103,none,7,edge-7,50.034,15.256,4697.237780397524,3004.7739973871057,16586,535.0322580645161,320.91205775173614
70127,none,9,edge-9,42.694,23.313999999999997,5408.949384532111,2273.038413951724,16270,524.8387096774194,58.279143977376556
70133,none,3,edge-3,49.922,7.965999999999999,4174.9382861199965,2980.8592779582173,19687,635.0645161290323,177.0410134921778
70162,none,3,edge-3,49.44358666,13.24583441,4556.346494513447,2930.8289876809354,14454,466.258064516129,262.9504393793787
70178,none,2,edge-2,51.24560105,5.70409566,4021.2294982661992,3134.879859014444,13024,420.1290322580645,44.80762467007371
7018,none,9,edge-9,42.162,24.726,5533.436703888843,2236.5040987893453,15876,512.1290322580645,78.61260658673996
70188,none,11,edge-11,59.8385758,30.50175076,5454.625013611955,4247.487886392854,16363,527.8387096774194,571.4830346259516
70191,none,1,edge-1,52.03870499999999,-0.845185,3579.990917888566,3269.6019452583664,15517,500.5483870967742,73.68321018867118
70200,none,11,edge-11,55.688,37.6,6008.368960002489,3950.3025490951613,16176,521.8064516129032,72.99885597323542
70217,none,11,edge-11,55.684,37.57,6006.814055243009,3949.17645011597,16581,534.8709677419355,73.37977250806347
70219,none,7,edge-7,49.76860129999999,18.316001299999996,4918.694219683571,2995.667732181807,16518,532.8387096774194,206.68841461028433
70221,none,7,edge-7,49.764245,18.34908,4921.114119075136,2995.455814254454,14722,474.9032258064516,206.51910547226936
70223,none,7,edge-7,49.5946069,17.2215781,4842.221849914261,2968.066292667832,12742,411.03225806451616,256.35435600989155
70234,none,9,edge-9,42.636,23.376,5415.018863902991,2267.5909005558206,16442,530.3870967741935,53.08468979120331
70240,none,5,edge-5,52.25599999999999,10.414,4349.27025671129,3238.5653213723967,8832,284.9032258064516,111.85688602281725
70248,none,2,edge-2,51.416,5.506,4008.588126348082,3154.63879700474,16613,535.9032258064516,33.37604435940783
70302,none,11,edge-11,56.326,43.882,6328.200420687944,4179.132880237999,10637,343.1290322580645,386.8374895996369
70314,none,8,edge-8,47.52600000000001,18.986,4996.25660057665,2753.553050525882,8023,258.80645161290323,41.40610841330471
70317,none,4,edge-4,44.2061283,12.0390245,4484.30557505033,2346.2093865425363,10715,345.64516129032256,173.05388751525047
70323,none,11,edge-11,56.264,43.898,6332.320775446344,4173.377609885177,15849,511.258064516129,388.2157412167528
70341,none,11,edge-11,55.80665495,37.71483755,6009.852039160202,3965.3582505731542,13633,439.7741935483871,60.5072632248373
70343,none,9,edge-9,42.068,24.752,5537.433890048599,2226.66496162052,38294,1235.2903225806451,87.46548127190393
70351,none,11,edge-11,54.80380165999999,37.17250943,6021.01547546625,3848.0518452763163,14066,453.741935483871,173.88840362801096
70358,none,5,edge-5,50.0581656,14.4250174,4637.684738003101,3003.5323327004394,15871,511.96774193548384,290.8944252226912
70407,none,1,edge-1,52.19621948170985,-0.06565969502541455,3635.2662566647978,3279.331636099792,12001,387.1290322580645,128.85748206069826
70434,none,3,edge-3,47.792,12.96,4542.841485377857,2746.4834390652973,16620,536.1290322580645,264.579982432602
70453,none,9,edge-9,42.64286663,23.40947002,5417.597140601599,2268.8306404517434,16085,518.8709677419355,50.31149591171001
70468,none,2,edge-2,51.532,7.683999999999999,4160.319625687297,3160.4776661727233,6070,195.80645161290323,129.48869144036317
70488,none,8,edge-8,48.174,16.37,4794.318668616706,2804.9254071365235,19338,623.8064516129032,227.33576405770603
70492,none,2,edge-2,48.78269968,2.23625153,3751.467325226594,2882.1952412081537,16006,516.3225806451613,407.9825123473536
70502,none,4,edge-4,45.671073,11.939801999999998,4472.344440403711,2508.468328213326,6582,212.32258064516128,167.29845931169976
70513,none,2,edge-2,52.1887428,5.9457372,4043.8979531345744,3238.715293434196,16046,517.6129032258065,61.50697189972427
7052,none,5,edge-5,52.444,13.555999999999997,4562.688058091183,3265.31016786934,16625,536.2903225806451,106.14833188621536
70521,none,7,edge-7,52.716,23.560000000000002,5231.225107767082,3374.9378879985816,190629,6149.322580645161,329.50876829145244
70544,none,1,edge-1,48.364,-1.224,3492.632144367786,2868.792700621118,14574,470.1290322580645,406.21722809230147
70555,none,5,edge-5,52.744,15.242,4674.668825112299,3305.5447485730547,16649,537.0645161290323,225.06180956407997
70559,none,3,edge-3,48.094,11.838,4457.965259516199,2777.307801327565,14140,456.1290322580645,174.84613387366528
706,none,3,edge-3,48.682002423691586,9.27592123002348,4267.663372782703,2841.222474457873,13203,425.9032258064516,39.91610711234696
70616,none,11,edge-11,55.81093665,37.08116472,5973.267025692566,3950.9434947053564,19806,638.9032258064516,65.52986221494997
70620,none,2,edge-2,51.5059978,5.4034958,4002.101693676875,3165.0785506078864,16617,536.0322580645161,32.77893676470023
70646,none,11,edge-11,55.82200433,37.37725586,5989.822084474534,3958.997719713894,16300,525.8064516129032,58.707987992005755
70650,none,11,edge-11,55.80664126,37.32381016,5987.406636955837,3956.147249152892,16477,531.516129032258,61.04885165449998
70684,none,3,edge-3,48.146,11.44,4428.201955097969,2782.4280873314374,16639,536.741935483871,146.44134607848272
70724,none,2,edge-2,52.07596933,8.72742802,4233.755284316741,3219.2147234407425,14114,455.2903225806452,205.78128213320363
70758,none,2,edge-2,52.963444,7.102163,4126.3323344244045,3321.0893796771593,7992,257.80645161290323,171.0496154632083
70790,none,2,edge-2,51.628494,5.0836921,3980.867865052482,3180.127021533911,10885,351.1290322580645,51.23385551522202
70833,none,6,edge-6,59.528,17.886,4767.242759046716,4072.2830960839883,16609,535.7741935483871,42.02971903835814
70835,none,5,edge-5,52.330024019999996,14.55380291,4631.210217922448,3256.4273375733787,16475,531.4516129032259,171.5369198441277
70843,none,7,edge-7,52.312,16.97,4795.515716010851,3267.4543220054547,13319,429.64516129032256,170.7656377289865
70849,none,5,edge-5,52.32994534,14.55394775,4631.22061917658,3256.4192145006464,4539,146.41935483870967,171.54620684126616
70885,none,5,edge-5,52.5318651,13.29668392,4544.632771302934,3274.248905141139,14333,462.35483870967744,92.47333591109232
70892,none,1,edge-1,57.23737987,-2.26681709,3583.66095141711,3856.171671507709,15477,499.258064516129,586.497463947703
70894,none,5,edge-5,52.3442762,14.5226631,4628.993249771089,3257.878355725641,16317,526.3548387096774,169.53066768072105
70900,none,2,edge-2,52.154,5.43,4008.4555799392783,3236.942869788473,16227,523.4516129032259,63.16726680560633
70902,none,3,edge-3,47.21,8.618,4216.228110408018,2678.357562352376,15655,505.0,200.59342150954842
70904,none,5,edge-5,52.41768788,13.345191479999999,4548.50738692353,3261.7055570182256,16474,531.4193548387096,91.53307589326897
70930,none,8,edge-8,48.102,19.682,5040.09293175859,2823.722156318907,12164,392.38709677419354,117.50085186903166
70954,none,3,edge-3,47.49,8.736,4225.687299686625,2709.30113107489,14318,461.8709677419355,168.68545199789523
70968,none,3,edge-3,48.808,8.82,4234.301761623077,2855.6613958125718,16512,532.6451612903226,69.16992142918527
70971,none,7,edge-7,51.718,19.446,4971.692813911723,3220.837629658548,16500,532.258064516129,28.794634076202936
70976,none,2,edge-2,51.198,6.01,4042.262295670428,3128.380364470639,16621,536.1612903225806,51.00425149551387
71002,none,3,edge-3,49.03871915,8.44078901,4206.976319635467,2881.8246149911292,16625,536.2903225806451,99.07279310345382
71006,none,9,edge-9,42.67618709,23.56701493,5429.702724746624,2274.790575631377,492,15.870967741935484,37.453400590468924
7105,none,9,edge-9,42.151999999999994,24.714,5532.663436354991,2235.2191407836135,16287,525.3870967741935,78.65936199110124
71057,none,3,edge-3,48.312,9.246,4265.048648143368,2800.118542096354,8040,259.35483870967744,70.28487214646842
71059,none,8,edge-8,47.576,19.270000000000003,5016.797512972904,2761.708304775989,7885,254.3548387096774,51.32218197159473
71063,none,8,edge-8,48.07034715,16.34733758,4793.603475244143,2793.2947990342223,16557,534.0967741935484,223.53023071389387
71068,none,2,edge-2,52.41709301000001,8.05334598,4188.5700780546895,3258.1811574030385,3167,102.16129032258064,175.68144402207267
7109,none,9,edge-9,41.93,25.557999999999996,5605.765165003698,2225.022015848775,10480,338.06451612903226,148.73358896744088
71107,none,3,edge-3,47.982,11.516,4434.223246918871,2764.318346525659,16564,534.3225806451613,161.5135576069829
71109,none,1,edge-1,51.012,-1.6480000000000001,3507.519644844522,3165.074573873041,16647,537.0,109.70376722113186
71113,none,9,edge-9,43.99743468,20.92966855,5196.130273547331,2384.8468061697677,16594,535.2903225806451,290.9782898179858
71126,none,11,edge-11,55.56600000000001,38.058,6040.009602050147,3948.576862729282,16488,531.8709677419355,92.34848101201486
71145,none,8,edge-8,47.698,17.726,4900.065333667075,2761.8782813612024,16582,534.9032258064516,113.2791986459207
71147,none,9,edge-9,42.11723543,24.73331022,5534.927924353427,2231.736323894169,16536,533.4193548387096,82.48302633181017
71149,none,9,edge-9,42.144,25.2,5572.241032433429,2242.309069070123,16392,528.7741935483871,111.31098169194138
71151,none,9,edge-9,42.138,24.768,5537.326976478534,2234.56325713398,16596,535.3548387096774,82.93930667325452
71179,none,3,edge-3,47.4271368,9.67607785,4296.543545164929,2701.556772165104,16224,523.3548387096774,157.61650296601118
71190,none,11,edge-11,54.56806933,36.2713031,5977.2272469983545,3802.25320395616,15620,503.8709677419355,214.0971650124901
71192,none,0,edge-0,43.54101098,-5.65671444,3062.7997969036655,2402.27168215435,16565,534.3548387096774,426.0177608777074
71194,none,3,edge-3,47.21,8.618,4216.228110408018,2678.357562352376,14077,454.0967741935484,200.59342150954842
71195,none,2,edge-2,51.426,7.714,4162.031745082632,3148.6236474127804,16090,519.0322580645161,133.31836431904424
71201,none,2,edge-2,51.45725599,3.85096818,3894.191441598704,3167.5983789903134,16191,522.2903225806451,138.29869810402081
71226,none,3,edge-3,47.41419683,8.08954775,4176.740728376361,2701.926492330957,16149,520.9354838709677,201.7914639061761
71252,none,2,edge-2,52.1265094,5.0658497,3983.3860159669453,3235.514773750557,16567,534.4193548387096,75.0823069785489
71256,none,5,edge-5,51.85984956,10.84817559,4379.431117217789,3194.7457830989556,16319,526.4193548387096,90.8669266931947
71281,none,2,edge-2,52.23235565,5.179726480000001,3991.945773606026,3246.748657884241,16228,523.483870967742,79.29429568966329
71302,none,8,edge-8,47.48608836,19.0642426,5002.6285455073175,2749.862806958071,13385,431.7741935483871,37.31433499783908
71311,none,8,edge-8,47.47954101,19.07881773,5003.80468660241,2749.274185105906,8039,259.3225806451613,36.76339090265604
71316,none,8,edge-8,47.4658346,19.11791897,5006.910023183423,2748.1223717569565,7977,257.3225806451613,35.90088633771017
71321,none,7,edge-7,54.322,18.576,4877.648626880309,3501.457270395434,16212,522.9677419354839,310.91715325594413
71344,none,9,edge-9,43.85,25.948,5595.373848772388,2440.883545554338,5855,188.8709677419355,207.025063131177
71356,none,9,edge-9,44.37511068109738,26.128459878312153,5597.736859481869,2501.1781872260804,14243,459.4516129032258,258.2450843235362
71373,none,8,edge-8,48.24437964,16.45008269,4799.586152569224,2813.2402428746377,16583,534.9354838709677,226.1110285518125
71384,none,2,edge-2,52.166,5.003999999999999,3979.4636031891205,3240.1885859441263,16589,535.1290322580645,81.1837827649015
71404,none,4,edge-4,44.124722240000004,8.25437486,4180.988537246442,2336.59180808632,15986,515.6774193548387,170.98603778068988
71409,none,2,edge-2,51.1256583,4.22525102,3917.201930585374,3128.681705416885,16707,538.9354838709677,125.14979751541554
71424,none,1,edge-1,51.37,-0.48600000000000004,3593.6697489015714,3192.251740332529,8006,258.258064516129,120.0427068119212
71460,none,1,edge-1,52.41913560999999,-1.77464336,3523.945309254015,3321.331367565034,16724,539.483870967742,49.72265912804483
71465,none,3,edge-3,49.874,9.154,4260.180552239791,2973.8479417703,16533,533.3225806451613,122.68441276660205
71476,none,6,edge-6,59.274,17.974,4775.522159027601,4044.77112366909,16617,536.0322580645161,70.56865077876861
71504,none,2,edge-2,50.874,7.028,4111.868647687296,3088.9734473897706,14071,453.9032258064516,119.82030268255782
71537,none,2,edge-2,51.413559,6.1436732,4052.8517799561027,3151.832701611434,14308,461.5483870967742,33.694609000687734
71559,none,9,edge-9,43.852,25.952,5595.643616091938,2441.1697294784617,16481,531.6451612903226,207.41687157378476
71561,none,2,edge-2,52.23305318,5.19269147,3992.834471378739,3246.7676166043643,16101,519.3870967741935,78.86475865843741
71567,none,8,edge-8,47.456,19.12,5007.195998775885,2747.0556214612184,16220,523.2258064516129,34.88539327611865
71573,none,5,edge-5,51.032,9.41,4279.611666546012,3102.469359796059,16241,523.9032258064516,224.4978080108479
71583,none,3,edge-3,47.7936412,11.01752225,4397.277817947774,2742.750439164878,16543,533.6451612903226,149.44767068078534
71593,none,3,edge-3,47.74129548,13.43647957,4578.778937746612,2742.3984054834973,16173,521.7096774193549,299.0665225073481
71601,none,2,edge-2,52.1918059,4.6272127,3953.970089930445,3244.8869392672223,8078,260.5806451612903,102.59689184103563
71613,none,5,edge-5,50.7894447,12.04416454,4465.127217927772,3077.3323133328868,664,21.419354838709676,157.38671120067477
71621,none,9,edge-9,42.254,23.102,5399.715120917339,2221.8155077640504,16519,532.8709677419355,87.95059216884138
71636,none,4,edge-4,46.08483156,9.05934602,4248.158652429351,2552.8871416519,16614,535.9354838709677,153.4845799503074
71642,none,5,edge-5,50.122,14.467999999999998,4640.329345547507,3010.8075321584483,4329,139.6451612903226,286.7936648931236
71643,none,12,edge-12,45.014,39.006,6545.67820321304,2874.987456024489,16450,530.6451612903226,475.6135683943589
71658,none,7,edge-7,49.5939514,18.0188947,4899.526427398972,2973.963892445286,15578,502.51612903225805,231.7264037589784
71666,none,5,edge-5,53.486,10.196,4334.0121013045755,3375.3747900605267,16592,535.2258064516129,189.57794613658675
71684,none,2,edge-2,51.975201,7.58955449,4155.398882968801,3209.978844815004,16628,536.3870967741935,127.31747483137269
71688,none,11,edge-11,55.72249067999999,38.21110904,6041.950230837057,3968.5037745773,11113,358.48387096774195,80.44579652384601
71697,none,11,edge-11,59.12,37.898,5874.115948785294,4312.791863523119,12388,399.61290322580646,313.8795926117083
7170,none,9,edge-9,42.656,23.311999999999998,5409.481703007094,2268.849873352355,379460,12240.645161290322,58.29368633232079
71716,none,2,edge-2,52.1270129,5.4345452,4008.577381428006,3233.9255362465774,16103,519.4516129032259,60.33173475667141
71735,none,2,edge-2,52.122,5.406,4006.591724564609,3233.491509972959,9466,305.35483870967744,60.738070258692275
71744,none,7,edge-7,51.20157051000001,17.36447364,4834.725439339802,3147.081993867811,13245,427.258064516129,128.71317519590735
71770,none,2,edge-2,52.122,5.42,4007.548406713473,3233.431174106708,16044,517.5483870967741,60.28787139232763
71772,none,2,edge-2,52.138,5.424000000000001,4007.9337947222175,3235.191299785552,16220,523.2258064516129,61.74828442862918
71774,none,2,edge-2,52.13,5.43,4008.2877074834223,3234.2768585771446,16148,520.9032258064516,60.76826614096899
71783,none,7,edge-7,52.28803330000001,21.08082392,5073.746798519845,3299.4977049684935,7993,257.83870967741933,157.29784860148465
71791,none,2,edge-2,52.1267724,5.4338051,4008.525131153402,3233.9019951616947,1950,62.903225806451616,60.330425823025955
71795,none,4,edge-4,45.18800000000001,5.712,3983.671415451007,2462.585090050095,16598,535.4193548387096,347.57126500796466
7180,none,9,edge-9,42.152,24.756,5536.0717116903725,2235.897099845175,16180,521.9354838709677,81.16947658837363
7182,none,9,edge-9,42.724,23.298,5407.110089648085,2276.090701903673,16226,523.4193548387096,59.91113018750014
71841,none,3,edge-3,46.9377666,7.468786800000001,4128.135799583265,2650.431901074231,16636,536.6451612903226,272.44241469649654
71857,none,10,edge-10,46.98,28.882,5741.086803653411,2834.2329374025107,15285,493.06451612903226,284.3559811981154
71863,none,5,edge-5,54.44436449,9.83313113,4310.171358814253,3482.0198650305883,16159,521.258064516129,289.74272806894265
71899,none,3,edge-3,50.12778855,8.72781115,4230.027793702457,3002.511792201799,15957,514.741935483871,161.1539450047337
71909,none,4,edge-4,41.66825781,12.50907719,4530.722208460536,2066.3704638767376,16529,533.1935483870968,409.21662729305217
71917,none,4,edge-4,46.506,6.674,4065.546290724217,2604.909203939583,9064,292.38709677419354,320.4418624870409
71919,none,4,edge-4,42.41506,12.113383,4495.505288807558,2147.988261548906,16468,531.2258064516129,320.9907817206154
71924,none,9,edge-9,42.154624289999994,24.734347159999995,5534.261987708832,2235.8337659032436,16528,533.1612903225806,79.66843559210659
71932,none,7,edge-7,50.472842,19.2200814,4973.583510599069,3081.2453208907395,12138,391.5483870967742,120.28295775459534
71946,none,5,edge-5,50.78965157,12.04406798,4465.119773555619,3077.355128062196,1327,42.806451612903224,157.36371182492658
71948,none,11,edge-11,55.082,38.77199999999999,6102.576200792316,3915.9583937857383,16531,533.258064516129,160.5542548222125
71966,none,2,edge-2,52.132,5.442,4009.121543890337,3234.447578283847,15371,495.83870967741933,60.60476241149994
71970,none,2,edge-2,52.152,5.436,4008.851328560317,3236.6949709727887,16233,523.6451612903226,62.78999010857795
71974,none,2,edge-2,52.1228735,5.4039493,4006.4577356615164,3233.5973929726083,8463,273.0,60.89044307913004
71976,none,2,edge-2,52.12377297,5.42469315,4007.881526774037,3233.607936266331,16228,523.483870967742,60.31502322464755
71984,none,7,edge-7,50.79194237000001,16.25426173,4761.390880307486,3094.43025114778,767,24.741935483870968,217.90725283238953
72022,none,5,edge-5,52.38006395,13.133111599999998,4534.2753832784765,3256.8803638705253,463,14.935483870967742,76.51190675316393
72033,none,2,edge-2,52.1264165,5.42639583,4008.0163772799146,3233.8942705638087,16162,521.3548387096774,60.5237080918803
72038,none,5,edge-5,50.788,12.904000000000002,4525.726428123531,3079.2208048330945,16646,536.9677419354839,168.36032755853972
72046,none,9,edge-9,42.07847664999999,24.58894193,5523.97277122655,2225.1852001425063,15692,506.19354838709677,78.03853404780106
72055,none,2,edge-2,51.49,5.436,4004.24237552697,3163.1600983404182,16198,522.516129032258,31.70735532392606
72061,none,2,edge-2,52.136,5.42,4007.6465331324284,3234.9863337438906,16230,523.5483870967741,61.67287920134924
72068,none,5,edge-5,50.98667301,10.30643642,4342.517641979779,3097.305026427502,4441,143.25806451612902,181.43939149474056
72086,none,2,edge-2,52.13399999999999,5.424000000000001,4007.9057810270037,3234.7469668221006,16234,523.6774193548387,61.35058014338294
72096,none,7,edge-7,51.084,16.748,4793.070670495306,3129.893955813821,15912,513.2903225806451,173.76066047877416
72110,none,2,edge-2,52.012,5.434,4007.7369592074065,3221.1518696159055,16212,522.9677419354839,49.23036927896525
72116,none,2,edge-2,52.14,5.428,4008.2210332295363,3235.3962821925147,66612,2148.7741935483873,61.82563593985999
72118,none,3,edge-3,47.49000000000001,8.736,4225.687299686625,2709.30113107489,12641,407.7741935483871,168.68545199789523
72124,none,0,edge-0,37.134,-8.547999999999998,2677.560237768285,1762.528136646004,8395,270.80645161290323,833.3224412644553
72144,none,5,edge-5,52.49101473,13.368971939999998,4549.743959374525,3269.932086981999,16567,534.4193548387096,95.43928532759824
72157,none,2,edge-2,52.122,5.406,4006.591724564609,3233.491509972959,16097,519.258064516129,60.738070258692275
72177,none,2,edge-2,50.90593602,7.401142719999999,4138.237420016111,3091.5246474139576,40309,1300.2903225806451,137.15314865364329
72179,none,2,edge-2,50.9059278,7.4027627,4138.351256346924,3091.519687953509,2111,68.09677419354838,137.24442287651192
72210,none,3,edge-3,48.76199999999999,12.302000000000001,4490.268152216328,2852.4969707583987,14601,471.0,186.99224360407175
72224,none,1,edge-1,48.18638221,-3.26868206,3340.0076694628992,2874.3803302300694,15119,487.7096774193548,433.62525979759744
72226,none,2,edge-2,52.25,5.048,3983.103196769183,3249.311528594315,8107,261.51612903225805,86.21212245523024
72230,none,1,edge-1,51.43987672,-0.12249917,3619.7649134857393,3196.400746319861,16527,533.1290322580645,137.74478900510752
72258,none,1,edge-1,51.41412,0.10452,3634.9922691526485,3191.398696208644,16759,540.6129032258065,153.1807468013691
72262,none,2,edge-2,52.112,8.648,4228.385129261583,3223.32128884729,11219,361.9032258064516,201.39777848064213
72274,none,3,edge-3,48.69199999999999,8.948,4243.52535579721,2842.6246764956295,16037,517.3225806451613,62.07024555253979
72280,none,8,edge-8,47.71095531,19.14462687,5005.645491950056,2775.4399953535685,11136,359.2258064516129,62.99007849479201
72283,none,8,edge-8,48.4866741,16.5494442,4804.605351710712,2840.7349734721092,16578,534.7741935483871,235.3970089506325
72294,none,3,edge-3,49.2366514,8.4058458,4204.889280796749,2903.8819717392703,13413,432.6774193548387,108.2338146692116
72308,none,9,edge-9,42.638,23.376,5414.98219044854,2267.809795256115,20074,647.5483870967741,53.07611603943081
72363,none,3,edge-3,49.4599474,8.4226587,4206.637104645483,2928.679712776596,16206,522.7741935483871,119.21805795717202
72365,none,5,edge-5,53.8801973,12.2485399,4468.870399184248,3421.5204688096637,7780,250.96774193548387,187.01722595880236
72372,none,3,edge-3,47.7150648,9.17305112,4258.912732419411,2733.8414677588175,16081,518.741935483871,132.84958168766465
72395,none,3,edge-3,48.152,11.614,4441.139084978884,2783.362562657453,2546,82.12903225806451,157.16098639476638
72414,none,2,edge-2,52.154,4.498,3944.844009192407,3241.349574502727,17658,569.6129032258065,107.5952838005041
72428,none,8,edge-8,48.879999999999995,18.036,4909.260853511836,2895.1024316923395,14570,470.0,204.77443670125942
72438,none,0,edge-0,43.534,-5.674,3061.2817017612642,2401.7984593887236,16320,526.4516129032259,426.9898060985718
72465,none,2,edge-2,52.15,4.508,3945.49256004404,3240.853963926296,16175,521.7741935483871,106.77934471203864
72470,none,2,edge-2,52.15118226,4.48876459,3944.1902374147676,3241.0845497627342,17603,567.8387096774194,107.9717848123381
72482,none,2,edge-2,51.2502704,5.712327599999999,4021.8335243829233,3135.3648425859406,49217,1587.6451612903227,44.193387980057565
72500,none,2,edge-2,51.9273872,6.0698916,4050.803077757799,3209.205417547144,16605,535.6451612903226,36.091103132655164
72508,none,3,edge-3,48.8091335,8.8720558,4238.127999883554,2855.727508669821,2233,72.03225806451613,65.34510418815509
72548,none,2,edge-2,50.848,6.775999999999999,4094.022219358446,3086.834282593551,39215,1265.0,110.51779094725147
72558,none,3,edge-3,50.094,8.748,4231.407907591703,2998.729443411437,12750,411.2903225806452,157.15874441614568
72560,none,5,edge-5,52.382,9.752,4304.113029603818,3252.534044659009,1662,53.61290322580645,157.95994113865245
72585,none,9,edge-9,40.084,32.908,6251.350434101214,2182.5168129516937,19654,634.0,790.2264070515104
72598,none,2,edge-2,52.0893772,5.0169515,3979.763137315439,3231.61907804823,14329,462.2258064516129,74.65299182652276
72612,none,2,edge-2,52.182,4.474,3943.4436676420714,3244.5817579304817,19995,645.0,110.6375230109731
72614,none,3,edge-3,49.228651250000006,9.37223553,4275.265650595295,2901.9298404427627,16256,524.3870967741935,51.30145265235173
72636,none,8,edge-8,48.888,15.544,4727.258373183141,2879.1569896875176,16197,522.483870967742,321.345294860346
7264,none,5,edge-5,52.480000000000004,13.348,4548.377845312068,3268.641808413824,16130,520.3225806451613,93.69565725240493
72640,none,2,edge-2,51.73,8.762,4235.470994584244,3180.684096063967,14502,467.80645161290323,203.4132119102918
72672,none,4,edge-4,45.58360588,5.29567033,3953.6104020098787,2508.3909648896556,16568,534.4516129032259,385.03109189772357
72677,none,5,edge-5,51.374,10.662,4367.095681500676,3140.5591618618364,16252,524.258064516129,132.98615606605938
72685,none,2,edge-2,52.162,4.5,3945.047785022902,3242.2272507997195,16468,531.2258064516129,107.94713132997734
72767,none,2,edge-2,52.23826448999999,4.80844706,3966.695412889819,3249.1471486299583,16616,536.0,96.36054612529072
72798,none,11,edge-11,55.816,37.036,5970.453143102246,3950.424952034486,16398,528.9677419354839,66.27794970058822
72802,none,11,edge-11,55.818,37.084,5973.131756657579,3951.7455461711866,16238,523.8064516129032,64.73786185902124
72804,none,11,edge-11,55.82708183,37.14110345,5976.033029751559,3954.017420050512,16400,529.0322580645161,62.34541529446957
72855,none,7,edge-7,51.278,22.55,5191.7421007784005,3204.740189128934,26762,863.2903225806451,239.56781927356457
72892,none,2,edge-2,50.782,6.817999999999999,4096.659908407108,3079.3687111998083,39812,1284.258064516129,118.19566416131985
72896,none,2,edge-2,53.224,6.554000000000001,4090.9259888946676,3351.6639024934866,1599,51.58064516129032,183.02867183372803
72900,none,2,edge-2,52.036,5.566,4016.942750373958,3223.258844510113,67915,2190.8064516129034,47.38274294295422
72903,none,9,edge-9,43.28199999999999,28.014,5771.178708597473,2416.81410997221,15999,516.0967741935484,334.17863384981575
72921,none,2,edge-2,51.654,5.476,4008.1432429194515,3181.2042981964337,16596,535.3548387096774,24.09678098730786
72946,none,11,edge-11,55.82,37.098,5973.852901546866,3952.27872387944,16491,531.9677419354839,64.16323188878657
72950,none,4,edge-4,45.709999999999994,9.59,4289.030390640715,2510.906634501094,12148,391.8709677419355,97.1111012010889
72955,none,3,edge-3,49.47746875,8.33203755,4200.111498918391,2930.7726125387594,16621,536.1612903225806,125.75457315639173
72961,none,8,edge-8,46.204,19.774000000000004,5073.7378581102885,2615.237992539596,13323,429.7741935483871,120.87411001185369
7297,none,5,edge-5,54.038,11.684,4431.339171516811,3438.0692479680934,16189,522.2258064516129,205.5625942581201
72975,none,11,edge-11,54.228,37.63199999999999,6072.60624822582,3799.103525411474,7256,234.06451612903226,237.24095178350822
73003,none,1,edge-1,54.356,-8.55,3130.030133178129,3626.2854685895545,9784,315.61290322580646,515.0555842582656
73016,none,5,edge-5,50.074,14.440000000000001,4638.650221714022,3005.3555367141457,4201,135.51612903225808,290.03805233225967
73020,none,2,edge-2,51.423434,5.483344099999999,4007.066462541062,3155.56172136936,9543,307.83870967741933,33.835121484670864
73024,none,3,edge-3,47.526,8.538,4210.835698650302,2713.575140877633,16225,523.3870967741935,172.4001038946151
73063,none,8,edge-8,46.328,19.972,5087.110874597006,2630.9362279937955,16448,530.5806451612904,117.8900208257192
73065,none,2,edge-2,51.4384672,5.4459948,4004.578350881286,3157.3927692637194,16526,533.0967741935484,34.57329024808972
73085,none,3,edge-3,49.46,10.892,4385.677005483939,2927.851219029566,16169,521.5806451612904,107.27668469956939
7309,none,5,edge-5,53.33,9.876,4312.737837886222,3358.004188389927,16314,526.258064516129,192.90261302949668
73096,none,7,edge-7,52.124472350000005,20.77050894,5055.539987030266,3278.2987876921216,4502,145.2258064516129,129.8610426834477
73101,none,1,edge-1,53.446000000000005,-2.266,3510.422521323449,3439.704803778951,16516,532.7741935483871,164.97818973982368
73105,none,10,edge-10,50.526,30.792000000000005,5772.634936079832,3254.2818970945914,2245,72.41935483870968,169.81169618318833
73106,none,7,edge-7,50.476,15.588,4717.246924092812,3055.573625229172,16039,517.3870967741935,275.6179346636628
73139,none,0,edge-0,43.54026826,-5.67944348,3060.987574105585,2402.5734765245165,16582,534.9032258064516,427.6748682156971
73143,none,5,edge-5,52.36625005,9.3874352,4279.274523369391,3250.9282746736544,16145,520.8064516129032,182.51056371569925
73165,none,2,edge-2,48.90855020000001,1.7322376400000001,3716.2028561470474,2900.139005270106,16629,536.4193548387096,420.92457471372484
73171,none,7,edge-7,50.118,19.962000000000003,5031.032687976121,3048.960115433005,7965,256.93548387096774,170.02254401744725
73224,none,8,edge-8,47.66102042,18.79954666,4980.592817959679,2766.7853795879982,16583,534.9354838709677,58.319816919879656
73232,none,6,edge-6,60.15997639,17.98330754,4764.407770356637,4142.716374644379,16561,534.2258064516129,35.81251115310524
73242,none,1,edge-1,49.234,-2.094,3444.561655482674,2974.6125960907298,7968,257.03225806451616,306.482655590972
73284,none,6,edge-6,60.05,18.582,4799.0342316185815,4134.46647988025,16595,535.3225806451613,55.35065434214375
73304,none,1,edge-1,53.33258046000001,-6.53269279,3230.5328457680903,3483.3788891608874,16715,539.1935483870968,345.9309711461245
73316,none,1,edge-1,53.726,-0.444,3634.305142076108,3451.686815522738,8121,261.96774193548384,218.25484920975885
73328,none,4,edge-4,46.52552440000001,6.63318604,4062.508635838959,2607.216779190581,16225,523.3870967741935,324.2530310981758
7333,none,9,edge-9,43.618,25.342,5552.6808558771745,2405.4270053673035,16227,523.4516129032259,153.1652020945567
73338,none,10,edge-10,49.908,35.556,6114.286002660787,3294.6425227318746,11210,361.61290322580646,471.1338454723948
7335,none,9,edge-9,42.632,23.378,5415.253833593692,2267.1822546859917,14745,475.64516129032256,52.94049748679613
73383,none,3,edge-3,48.08,11.484,4431.620664960222,2775.159079044206,16422,529.741935483871,153.22058150997697
73415,none,1,edge-1,52.88000000000001,-2.936,3455.3923976364595,3385.287178556399,14150,456.4516129032258,121.75458051372807
73426,none,7,edge-7,51.083461,16.743311,4792.749215335705,3129.803925920898,15987,515.7096774193549,174.09123340224562
73429,none,7,edge-7,49.564,17.412000000000003,4856.250320974676,2966.0461463625115,16543,533.6451612903226,252.52228359185594
73453,none,11,edge-11,56.23199999999999,43.854,6331.623971639752,4168.921676800506,16034,517.2258064516129,385.79477621409785
73457,none,2,edge-2,53.072,6.582,4091.9901779818015,3334.676911188859,15667,505.38709677419354,167.41115250047156
73473,none,11,edge-11,55.50434899999999,37.55808,6013.831474915667,3930.2059621081817,16446,530.516129032258,93.578112810348
73501,none,9,edge-9,42.206,25.32,5580.670994080466,2251.07396652912,13603,438.80645161290323,116.9557121613171
73516,none,2,edge-2,51.41599999999999,5.442000000000001,4004.1456289894463,3154.9145660963645,16555,534.0322580645161,36.46007836199403
73518,none,6,edge-6,60.318,25.044,5147.353233808958,4223.4911610755225,16746,540.1935483870968,413.88765261408605
73558,none,5,edge-5,53.285999999999994,10.433999999999997,4349.946978267453,3353.1872708420246,14594,470.7741935483871,162.45955404673128
73566,none,1,edge-1,52.97,-3.168,3441.8867656419357,3397.9556148372667,15962,514.9032258064516,139.09469889971052
73586,none,7,edge-7,50.23199999999999,18.614,4934.034883659881,3049.3830316256026,14310,461.61290322580646,151.33218115599976
73590,none,2,edge-2,52.24061529,4.68099922,3958.0344013123745,3250.035938197576,16552,533.9354838709677,103.05063741962509
73592,none,5,edge-5,51.0377899,14.53957295,4639.178086439669,3112.8263348051933,16608,535.741935483871,215.80398305040137
73594,none,7,edge-7,53.404,23.498,5212.822464084293,3449.585180597698,14258,459.93548387096774,361.0993712803239
73600,none,3,edge-3,48.246,9.22,4263.043756724147,2792.803346801779,14425,465.3225806451613,77.54387338056907
73651,none,2,edge-2,52.538,6.108,4057.061437254595,3276.9258324955126,6116,197.29032258064515,101.68830092168922
73671,none,3,edge-3,48.178,11.566,4437.507071914081,2786.174756618275,16311,526.1612903225806,152.62538967839603
73692,none,10,edge-10,49.91,35.562,6114.611539078111,3295.0018132647397,11162,360.06451612903226,471.57327626929
73700,none,3,edge-3,50.082,8.988,4248.562513128654,2997.129950664455,13660,440.64516129032256,148.59054897745753
73755,none,3,edge-3,47.0568788,10.65510083,4370.812368568554,2660.591459995797,16213,523.0,209.5744964695446
7376,none,9,edge-9,42.266,24.944,5549.000903307722,2251.392925440261,16187,522.1612903225806,86.38642284285355
73806,none,0,edge-0,42.39438429,-3.98287922,3173.3585907662114,2250.2187318834344,13295,428.8709677419355,255.50157419548188
73821,none,0,edge-0,43.58200000000001,1.4559999999999997,3630.868424255744,2314.150729463036,12374,399.16129032258067,269.7110393749628
73860,none,5,edge-5,51.632,13.7,4577.059801867062,3175.547400789976,16570,534.516129032258,130.19680099350754
73870,none,9,edge-9,42.14,24.762,5536.799807947257,2234.6844652701375,16513,532.6774193548387,82.4281315835738
73871,none,3,edge-3,49.196,11.18,4407.020352447752,2898.7939557093036,25777,831.516129032258,110.99947861947169
73878,none,3,edge-3,49.02933641,8.57195109,4216.546792669149,2880.587058004626,8810,284.19354838709677,89.47996600060762
73888,none,5,edge-5,53.54470115,10.245641,4337.285274320628,3381.9172328380237,16177,521.8387096774194,192.3610496657953
73910,none,3,edge-3,48.07,7.874,4162.504930032221,2775.21718039344,9312,300.38709677419354,163.92753589655746
73932,none,2,edge-2,52.395076180000004,5.171542539999999,3992.5926761755923,3264.858068342352,14243,459.4516129032258,95.08490054047411
73941,none,3,edge-3,48.55400000000001,10.202,4335.917970617768,2826.7521275979316,16213,523.0,45.821216842308736
73952,none,8,edge-8,47.662,18.324,4945.112824960374,2762.7639151437293,13104,422.7096774193548,75.90808166704588
73979,none,6,edge-6,59.06067018,9.1973611,4274.856649025082,3995.7939525484276,4848,156.38709677419354,488.0128483944204
73981,none,2,edge-2,51.412,5.436,4003.701429174073,3154.4963258298403,16617,536.0322580645161,37.069217885672046
740,none,9,edge-9,42.694,23.336,5410.72565624028,2273.35748325603,13119,423.19354838709677,56.481025727118976
74077,none,8,edge-8,48.07963482,16.238007549999995,4785.400654414774,2793.630337501204,16529,533.1935483870968,231.31561002200252
74079,none,1,edge-1,51.544,-3.276,3405.8585324897017,3242.842621173136,13722,442.64516129032256,105.57535896347491
74083,none,2,edge-2,50.49033365,6.61959321,4081.197189335405,3047.5806900250836,26091,841.6451612903226,139.69816689049307
74129,none,3,edge-3,47.88357909,10.63981354,4368.880100302186,2752.4270330644495,13447,433.7741935483871,125.10792354525535
74163,none,2,edge-2,52.758,5.076,3988.8530264725223,3305.5990610483013,16244,524.0,134.38219961997783
74173,none,3,edge-3,48.151338300000006,11.4252248,4427.091002099737,2782.999957114646,16612,535.8709677419355,145.19539255971878
74194,none,5,edge-5,51.11816836,13.60522664,4573.320370956986,3118.1112573565288,8087,260.8709677419355,161.8261030366805
74203,none,4,edge-4,46.53539490000001,6.56940579,4057.664522576835,2608.536013805853,16226,523.4193548387096,328.98921164447984
74209,none,2,edge-2,52.1356002,6.182623,4059.7604127787267,3231.9340363305573,15614,503.6774193548387,60.309982116843855
74218,none,8,edge-8,47.288,18.646,4973.832143343357,2724.2080195019157,16620,536.1290322580645,30.52249705237834
74242,none,3,edge-3,49.146,10.426,4352.087731493073,2892.6350850203753,9184,296.258064516129,59.17053034524592
74262,none,11,edge-11,55.83410184,37.139541290000004,5975.645899412471,3954.712695493687,14262,460.06451612903226,61.65932605035451
74270,none,3,edge-3,48.252,11.654,4443.873219576706,2794.540305859277,16552,533.9354838709677,154.57614017366396
74310,none,7,edge-7,51.142,17.052,4813.644154494486,3138.3292532890523,16228,523.483870967742,151.532262586072
74313,none,5,edge-5,53.16844215,12.49890574,4488.090094548017,3342.8946164646018,16522,532.9677419354839,111.55271676048163
74317,none,11,edge-11,55.88450029,37.54173649,5996.5789301824425,3969.3615591899566,12288,396.38709677419354,50.797576585397955
74327,none,5,edge-5,51.06,13.786,4586.292895710383,3112.2869754295043,16194,522.3870967741935,175.10059719871003
7433,none,3,edge-3,49.5,7.764,4159.029709808012,2934.3700115218558,16226,523.4193548387096,162.83980282068785
74346,none,2,edge-2,50.518,6.732,4089.301062012995,3050.293725635973,14230,459.03225806451616,140.26844824553342
74396,none,6,edge-6,62.40109898,17.364304660000002,4702.620122619052,4386.578480447461,17132,552.6451612903226,280.2177112248535
74403,none,5,edge-5,51.082,13.744,4583.228174216042,3114.580196912972,16093,519.1290322580645,171.30665811309544
74407,none,2,edge-2,52.21633309,6.82055009,4103.774350876715,3238.8132552042393,16525,533.0645161290323,93.78925384489332
7441,none,2,edge-2,51.95,8.572000000000001,4222.825906601681,3205.3981420061423,16520,532.9032258064516,192.66205363853558
74427,none,10,edge-10,53.906,27.43,5453.923476926562,3559.491386700989,8108,261.5483870967742,501.4056935196082
74431,none,7,edge-7,52.062,23.763999999999996,5258.4909962233305,3305.8536778937005,6089,196.41935483870967,324.1643057243229
74435,none,10,edge-10,52.03799999999999,29.256,5624.572513584421,3388.0658206978865,8112,261.6774193548387,281.6239314264784
74437,none,10,edge-10,52.36,30.424,5691.3025244102355,3444.324050826086,5850,188.70967741935485,332.5625467353738
74452,none,5,edge-5,52.549864160000006,13.08459857,4530.170789079468,3275.619241833414,11257,363.1290322580645,80.33397419739569
74462,none,2,edge-2,51.43794429999999,5.4979264,4008.177777157722,3157.1109104851485,7,0.22580645161290322,31.972626163006368
74466,none,7,edge-7,50.04399999999999,15.938,4745.852482185656,3009.6075777349556,16210,522.9032258064516,280.5264126513223
74499,none,11,edge-11,55.75102964,37.71013409,6011.984432826494,3959.4662122391887,16476,531.483870967742,66.6348228435516
74524,none,4,edge-4,44.696,10.358,4349.429688535998,2398.3790666892523,207,6.67741935483871,31.563969211290086
74542,none,8,edge-8,45.378,20.36,5130.737876255789,2530.3596874534774,20031,646.1612903225806,223.06302129017482
74544,none,11,edge-11,55.03,38.71,6101.288115023807,3909.029767452885,16309,526.0967741935484,163.99910459775896
74552,none,11,edge-11,55.472,38.431999999999995,6065.656507243035,3947.9214181867383,15257,492.16129032258067,111.77171271102515
74561,none,11,edge-11,55.72,37.606,6007.338356073236,3953.7721797815925,16179,521.9032258064516,69.42283300572404
74584,none,1,edge-1,53.40531913000001,-1.50902331,3559.2162538803877,3427.0097463104403,13982,451.03225806451616,161.10863664045831
74613,none,2,edge-2,51.788,8.824,4239.857938071808,3187.065783679862,16630,536.4516129032259,207.96929299428643
74621,none,8,edge-8,47.55,19.254,5015.953787398269,2758.6870029563293,8437,272.16129032258067,48.185905245440246
74627,none,2,edge-2,52.268,5.192,3993.044797979949,3250.6521063675837,16676,537.9354838709677,82.15696183621235
74633,none,2,edge-2,52.018,8.552,4221.601646282013,3212.9901592477395,16147,520.8709677419355,192.66900323714125
74649,none,3,edge-3,49.28,7.214,4118.297588578254,2911.2823751337646,11849,382.2258064516129,192.32794564208723
74653,none,8,edge-8,46.089903809999996,18.34011108,4965.246787314612,2589.161145388365,16449,530.6129032258065,128.76119195397513
74659,none,2,edge-2,51.204,6.535999999999999,4079.0054981867293,3127.1731405653572,15748,508.0,69.4444508809585
74663,none,0,edge-0,39.5746702,2.6663831000000005,3688.4196795190164,1862.0025801188851,16462,531.0322580645161,404.95732093680397
74675,none,3,edge-3,48.809999999999995,12.352,4493.7765350724585,2857.946934508967,16614,535.9354838709677,190.38970917172546
74680,none,1,edge-1,47.33,-1.628,3445.5647372563853,2759.6524376916423,13192,425.5483870967742,518.7114123111771
74708,none,3,edge-3,50.104,8.074,4183.216402447748,3000.8858129789865,16249,524.1612903225806,185.92012183711657
74720,none,11,edge-11,55.10650842,38.73227835,6099.183877283601,3917.5028755205312,16381,528.4193548387096,156.9438270648143
74722,none,2,edge-2,49.82600000000001,6.74,4086.485486739206,2973.3657162300465,15490,499.6774193548387,212.08955406881097
74724,none,9,edge-9,34.76258484,32.42826909,6364.649182828596,1601.2439204576563,6489,209.32258064516128,1124.4910288814697
7474,none,9,edge-9,42.572,23.425999999999995,5420.23639977701,2261.316853792609,9620,310.3225806451613,49.79102881839206
74740,none,2,edge-2,50.761980799999996,6.08831675,4045.148215535806,3079.6373435703754,14029,452.5483870967742,99.58113291052439
7478,none,9,edge-9,42.424,25.636,5601.582712647806,2280.1788292934507,2,0.06451612903225806,134.6200636123735
74790,none,5,edge-5,52.406,13.416,4553.380337171705,3260.629913477915,16131,520.3548387096774,95.90255122932595
74794,none,2,edge-2,50.768,6.724,4089.9684600810906,3078.105029304106,16600,535.483870967742,115.76864530699049
74796,none,2,edge-2,51.69233114,5.21593362,3990.466639508652,3186.608544207138,10268,331.2258064516129,42.415026872866484
74798,none,4,edge-4,45.088,7.658,4136.346514118964,2444.6922924934647,16104,519.483870967742,193.8513288531057
74834,none,7,edge-7,52.38399999999999,20.93,5061.9858049997665,3308.5224830327365,13718,442.51612903225805,154.61835286162878
74843,none,11,edge-11,55.573902,37.582044,6012.233962318132,3938.010263349113,15695,506.2903225806452,85.78429919514454
74881,none,2,edge-2,49.654,6.596000000000001,4075.261196831493,2954.724994414204,16334,526.9032258064516,227.76358722443385
74893,none,11,edge-11,56.27199999999999,43.922,6333.195612302215,4174.861127151566,15992,515.8709677419355,389.6171692224741
74895,none,3,edge-3,49.446,8.666,4224.250107488079,2926.7797511334606,16494,532.0645161290323,104.18193222682683
74897,none,7,edge-7,54.584,18.478,4867.845211148192,3529.687053587851,1153,37.193548387096776,340.6853845145953
74905,none,2,edge-2,50.862,6.22,4054.9955328967403,3090.263257388653,16562,534.258064516129,91.02679187022576
74913,none,11,edge-11,55.62400000000001,37.303999999999995,5994.039050160611,3936.6633470158285,4036,130.19354838709677,81.43023993599138
74921,none,3,edge-3,47.384,8.86,4234.860883598908,2697.373747693975,16628,536.3870967741935,175.57674395297562
74930,none,4,edge-4,35.92832847,14.476894139999999,4728.640991873743,1441.6472900188037,9272,299.0967741935484,1059.0494036768127
74958,none,9,edge-9,42.624,26.276,5648.633793353011,2313.0831593418006,16209,522.8709677419355,184.92550605084526
74960,none,1,edge-1,49.572,1.106,3679.386113813261,2978.8072583933176,9836,317.2903225806452,342.76710112891203
74966,none,8,edge-8,47.928,21.042,5143.096666940786,2818.741501545147,14609,471.258064516129,176.55722085863346
74975,none,7,edge-7,50.836,19.138,4962.8151336442315,3120.6513794937896,12030,388.06451612903226,79.67255596116401
75013,none,7,edge-7,49.956,20.13,5045.3717982969165,3032.7264902044813,16349,527.3870967741935,191.12348290688965
75039,none,5,edge-5,49.992,14.511999999999999,4644.347669160864,2996.564220399535,10861,350.35483870967744,300.4785195094886
75045,none,11,edge-11,56.02600000000001,35.96,5899.758417918682,3948.002514845604,16431,530.0322580645161,103.34908905987172
75051,none,3,edge-3,47.656,11.309999999999999,4419.464066154365,2727.8031189287326,16216,523.0967741935484,175.1921012083168
75072,none,11,edge-11,55.728,38.022,6030.874982270437,3964.520056132301,8030,259.03225806451616,74.55733158133637
75089,none,3,edge-3,49.928,8.15,4188.1645629412515,2981.176860345333,39819,1284.483870967742,167.92280461498586
75136,none,5,edge-5,52.212,9.54,4289.557627220798,3233.6883247642936,1581,51.0,171.50433444777005
75146,none,8,edge-8,46.525999999999996,24.612000000000002,5435.00857180038,2711.561345390105,12018,387.6774193548387,432.9678969214238
75149,none,8,edge-8,47.46999999999999,19.166,5010.450339752683,2749.029478889514,13269,428.03225806451616,37.4330156187709
75151,none,8,edge-8,49.04228753,20.29619944,5071.142943794891,2933.595732729235,16408,529.2903225806451,231.59192262922227
75157,none,3,edge-3,50.07600000000001,8.198,4192.00948635964,2997.5470715165966,26499,854.8064516129032,177.74726428074254
75188,none,7,edge-7,51.334,22.108,5160.38111135684,3205.711984016498,3779,121.90322580645162,208.24125518557707
75192,none,5,edge-5,52.57999999999999,9.734,4302.968301275264,3274.5705898810857,16630,536.4516129032259,163.04927051928195
75204,none,8,edge-8,48.22760935,16.4177981,4797.355521823582,2811.1731609000703,15441,498.0967741935484,227.2056253441739
75208,none,11,edge-11,55.684,37.864,6023.721793576076,3956.167782548738,2996,96.64516129032258,76.01826737587207
75219,none,7,edge-7,49.414,19.474,5006.420365475926,2966.5908204203192,19724,636.258064516129,239.24493741515062
75221,none,2,edge-2,53.23199999999999,6.57,4092.0357933096675,3352.5026965856305,16028,517.0322580645161,184.18144290597164
75231,none,3,edge-3,50.11784043,8.713161259999998,4228.96113925558,3001.423768781775,16347,527.3225806451613,160.6772680893208
7524,none,2,edge-2,51.666,7.63,4157.058181246278,3175.5001001731566,106565,3437.5806451612902,125.01970233472515
75241,none,7,edge-7,52.70915012,21.11798644,5069.072374492154,3346.275952603465,17844,575.6129032258065,187.51281858061512
75247,none,7,edge-7,50.042,19.224,4979.813929203947,3033.673822273553,14824,478.19354838709677,168.22079416567962
7528,none,3,edge-3,49.006,8.514,4212.257313564015,2878.0768394492147,14190,457.741935483871,93.10281910855426
75290,none,8,edge-8,48.99600000000001,20.804,5108.579297891473,2933.802830042014,16554,534.0,245.56401563546538
75317,none,5,edge-5,51.492,10.367999999999999,4346.558463801778,3153.542954273856,16614,535.9354838709677,140.32616454457994
7532,none,3,edge-3,49.03,8.714,4226.936801383908,2880.469367558319,10088,325.4193548387097,79.40374212826153
75344,none,8,edge-8,47.78456921,19.92506593,5062.623947332016,2791.1001997784147,16606,535.6774193548387,99.19599028850736
75383,none,2,edge-2,52.13199999999999,5.426000000000001,4008.0284145563564,3234.516205159287,16228,523.483870967742,61.09017360996725
75401,none,8,edge-8,47.53799999999999,18.972,4995.0539014151245,2754.750768184595,13161,424.5483870967742,42.77236638899382
75409,none,11,edge-11,55.644,37.734,6017.9766409274325,3948.9106468215136,8043,259.4516129032258,78.76754691553217
75414,none,2,edge-2,52.12296276,5.40358416,4006.4334125695045,3233.6088848841987,16203,522.6774193548387,60.91110269089484
75418,none,2,edge-2,52.111999999999995,5.42,4007.4783251599383,3232.320347237829,16107,519.5806451612904,59.30384219715607
75420,none,5,edge-5,52.494,13.484,4557.531276073658,3270.6317399612008,15925,513.7096774193549,102.95809570649837
75422,none,3,edge-3,49.06039975,12.010401,4467.945867917627,2885.0340208629696,16226,523.4193548387096,166.5988268618349
75424,none,11,edge-11,55.16,36.002,5937.291606966415,3858.1571099712232,14303,461.38709677419354,163.16918212334923
75425,none,5,edge-5,50.632,13.7,4582.664060774221,3064.4176431369747,16360,527.741935483871,209.21855124539405
75440,none,5,edge-5,50.05994339,14.39587444,4635.590250102182,3003.6043742560555,14085,454.35483870967744,289.5699845524045
75447,none,11,edge-11,55.82,37.574,6001.200700145969,3963.4144027342622,16438,530.258064516129,58.08969413314408
75460,none,5,edge-5,53.06,9.342,4276.882895365068,3328.151008636296,16550,533.8709677419355,206.5436160970579
75464,none,3,edge-3,49.5101291,10.98189255,4392.121230839768,2933.508098447681,16145,520.8064516129032,115.8492890179048
75476,none,3,edge-3,49.4301337,11.094497300000002,4400.407153693378,2924.7288249068833,6073,195.90322580645162,117.1725596614488
75481,none,5,edge-5,53.067049700000005,9.0929935,4260.1984408764365,3329.1153181464215,16414,529.483870967742,221.95860831619834
75497,none,8,edge-8,47.54,19.072,5002.497397779744,2755.8884103395385,9371,302.2903225806452,43.33771989410607
75513,none,7,edge-7,49.769999999999996,18.76,4950.417279210448,2999.5350590785806,13043,420.741935483871,200.0906624620665
75519,none,4,edge-4,44.0709045,12.5654832,4526.938486841323,2332.5198520872323,16583,534.9354838709677,217.45742700984732
75521,none,3,edge-3,48.62799999999999,9.002,4247.407690279025,2835.455487935649,16604,535.6129032258065,60.74128783913972
75523,none,8,edge-8,46.57053955000001,14.26845155,4648.361143859679,2615.7668802218354,6571,211.96774193548387,366.68458321710204
75525,none,2,edge-2,51.68669704,5.14944327,3985.8389308348496,3186.2862190305086,16524,533.0322580645161,46.90736433399177
75536,none,7,edge-7,52.07,20.804,5058.703102025744,3272.6329791921025,16208,522.8387096774194,129.10453047934968
75543,none,5,edge-5,53.50800000000001,10.476,4352.584338562727,3377.9090877093404,16458,530.9032258064516,179.6809541928355
75549,none,11,edge-11,56.001999999999995,37.208,5972.448853459856,3973.7932890972206,7792,251.3548387096774,42.830422694793086
75551,none,7,edge-7,53.082,18.218,4870.362128059535,3361.5344186601237,16335,526.9354838709677,181.43670103927204
75553,none,7,edge-7,53.118,17.996,4855.147815323189,3363.861390867275,7640,246.4516129032258,190.78998128334229
75555,none,7,edge-7,53.126,17.96,4852.6557975699725,3364.4825852925183,746,24.06451612903226,192.60146443537417
75562,none,7,edge-7,53.034,18.582000000000004,4895.202007350422,3359.0419001090363,96,3.096774193548387,169.31691507725756
75585,none,5,edge-5,53.508,10.476,4352.584338562727,3377.9090877093404,16336,526.9677419354839,179.6809541928355
75594,none,3,edge-3,49.15599999999999,7.81,4161.241331220269,2896.0336946496614,5694,183.67741935483872,146.88733115312937
75604,none,5,edge-5,51.01,13.792,4586.999775713772,3106.752665414645,8107,261.51612903225805,179.50757545074987
75619,none,3,edge-3,48.19670974999999,11.46121323,4429.672253210521,2788.0940791811477,16546,533.741935483871,144.83910228797296
75625,none,5,edge-5,50.03129776,14.54004318,4646.087428052494,3001.05185156838,2493,80.41935483870968,298.0121339270704
75633,none,2,edge-2,51.8900972,5.4208079,4005.98056606071,3207.667624263921,8107,261.51612903225805,39.241332284327235
75642,none,5,edge-5,51.134083,13.540078,4568.679607294008,3119.657174656434,7877,254.09677419354838,157.5096487182281
75650,none,7,edge-7,51.28199999999999,22.494,5187.825186400727,3204.5124016772043,16265,524.6774193548387,235.64697368070713
75659,none,5,edge-5,53.03856345,8.823350429999998,4242.0726184143905,3326.205001686581,16611,535.8387096774194,237.3487283879449
75672,none,1,edge-1,53.37794326,-1.4987432999999997,3559.40325110099,3423.8882362142576,14656,472.7741935483871,158.22476797059414
7568,none,5,edge-5,53.02118900000001,13.706282,4569.597346480672,3329.9764469004754,6333,204.29032258064515,144.44560345685957
75681,none,8,edge-8,49.176,16.625999999999998,4803.496443635286,2917.62143685539,16496,532.1290322580645,285.4352669855623
75699,none,5,edge-5,51.018,13.742,4583.450663990724,3107.4609888140067,15359,495.4516129032258,176.5245149438637
75701,none,12,edge-12,48.79600000000001,44.74,6765.467712753253,3447.9828058419353,7992,257.80645161290323,736.6056423301926
75725,none,2,edge-2,51.6991772,5.224389,3991.0996664302993,3187.3305940638315,16576,534.7096774193549,41.94282364184351
75745,none,1,edge-1,51.366,-0.22200000000000003,3611.7790363823997,3189.2106881644636,37681,1215.516129032258,135.6720275693361
75747,none,7,edge-7,52.232,21.038000000000004,5071.8093066089095,3292.881142298438,10174,328.19354838709677,151.6493971114629
75780,none,5,edge-5,51.07265306,13.74303281,4583.21346197927,3113.5380391374897,16575,534.6774193548387,172.0283706006957
75803,none,7,edge-7,52.22392638,21.02907121,5071.343469432577,3291.8993788515586,8998,290.258064516129,150.67907957987953
75829,none,8,edge-8,47.54503905,19.08981532,5003.761358275726,2756.6093029404124,16623,536.2258064516129,44.089762604873755
75850,none,2,edge-2,51.67818796,5.13944775,3985.0864498836218,3185.3872294417265,16546,533.741935483871,47.507838248176235
75855,none,11,edge-11,59.976,30.316,5440.130646111121,4259.206574812567,16156,521.1612903225806,589.4986338211544
7586,none,9,edge-9,42.646,23.292000000000005,5408.048026261175,2267.4655180270956,2627,84.74193548387096,59.94711458087543
75875,none,2,edge-2,51.70847733,5.20282567,3989.680512678887,3188.461197594613,16626,536.3225806451613,43.57838301313405
75886,none,4,edge-4,44.018,10.144,4332.57249633608,2323.13995963426,16013,516.5483870967741,99.28829985637886
75891,none,8,edge-8,47.512,19.054,5001.521647169823,2752.6302100157236,12991,419.06451612903226,40.080500303729195
75895,none,5,edge-5,50.32800000000001,15.014,4677.736894343244,3036.197605734357,11280,363.8709677419355,293.8351815309359
75913,none,7,edge-7,52.168,21.04,5073.023825520757,3285.8500157133753,7924,255.61290322580646,148.41637276775913
75923,none,8,edge-8,47.542,19.09,5003.8153312158265,2756.2753765184625,8025,258.8709677419355,43.75824647133831
75940,none,8,edge-8,44.872,20.642,5160.223646444193,2477.7656610708477,16594,535.2903225806451,283.1017973845421
75945,none,5,edge-5,50.104,14.614,4650.87282440203,3009.4548658524463,16501,532.2903225806451,294.5326403666054
75983,none,3,edge-3,48.181242100000006,11.5947002,4439.634343254004,2786.580702920794,11883,383.3225806451613,154.307034212544
75991,none,5,edge-5,52.27600000000001,10.56,4359.222590984855,3240.857360551229,16474,531.4193548387096,102.02458922989952
75996,none,3,edge-3,49.738,9.004,4249.195336457162,2958.859839433126,16576,534.7096774193549,113.59639177127315
76011,none,0,edge-0,43.536,1.478,3632.0923621654615,2308.8753130687855,16678,538.0,267.68744878403095
76034,none,2,edge-2,51.42701621,5.569161770000001,4013.0468600530244,3155.594184194173,16256,524.3870967741935,29.665237474660156
76044,none,9,edge-9,34.694,33.088,6424.712682601875,1611.7457375798692,8103,261.38709677419354,1166.9655243297104
76046,none,12,edge-12,41.73,44.78799999999999,7109.809357076898,2731.9239108484994,8103,261.38709677419354,106.64904964920699
76050,none,7,edge-7,50.234,19.224,4977.163647703233,3054.888731329548,16224,523.3548387096774,146.86100821963478
76054,none,3,edge-3,48.87,9.082,4253.634523558499,2862.2795699165313,16241,523.9032258064516,49.86171301718673
76056,none,2,edge-2,51.68927374,5.12614453,3984.250938081924,3186.679669822739,16621,536.1612903225806,48.539162513101
76064,none,2,edge-2,52.006,8.424000000000001,4212.7876515876105,3211.837481542658,16618,536.0645161290323,183.79193063597654
76068,none,2,edge-2,51.69829729,5.20045459,3989.4425879099745,3187.341387124292,13216,426.3225806451613,43.565192370890664
76074,none,9,edge-9,42.636,24.358,5494.262937773254,2282.4199873098237,12078,389.61290322580646,27.571625257689593
76108,none,5,edge-5,52.516,10.528,4356.843935287517,3267.5460492963794,7310,235.80645161290323,109.27892876962828
76124,none,8,edge-8,48.066,20.976,5136.011790551869,2833.2088066526803,13147,424.0967741935484,180.29353461364272
76128,none,5,edge-5,50.102,14.434,4638.0356263995245,3008.4390196036197,16595,535.3225806451613,287.2272821984032
76130,none,7,edge-7,52.326265,20.935027599999998,5063.289995001605,3302.2111540840224,817,26.35483870967742,151.19519180945912
76132,none,5,edge-5,50.994,13.65,4577.136878211192,3104.46772534169,16341,527.1290322580645,174.42975504627458
7614,none,9,edge-9,42.016,23.098,5403.637125688991,2195.7051188923538,16250,524.1935483870968,104.23191262199911
76156,none,2,edge-2,51.29,7.348,4136.04447739669,3134.36179344496,16629,536.4193548387096,112.89800920153995
76181,none,6,edge-6,63.430962300000004,10.421567,4342.156114940056,4480.891956117315,19615,632.741935483871,550.5360970623603
76185,none,5,edge-5,51.04362,13.69341,4579.902925974616,3110.134837154676,15244,491.741935483871,172.13935696004341
76195,none,8,edge-8,48.693999999999996,21.206,5142.61753352833,2904.930252708299,16617,536.0322580645161,238.2656257870748
76201,none,5,edge-5,52.93,9.266,4271.640088219815,3313.734088578337,15938,514.1290322580645,205.25906143364656
76216,none,7,edge-7,50.19,18.93,4956.959419730921,3047.4329788635673,12352,398.4516129032258,152.25803924172882
76227,none,4,edge-4,42.29609718,9.17803913,4252.986924523086,2132.74221870756,16612,535.8709677419355,299.40389405582323
76229,none,7,edge-7,53.17399999999999,18.16,4865.344357837398,3371.279036133251,16482,531.6774193548387,192.3970567586795
76257,none,3,edge-3,50.436,8.672,4226.6518343807375,3036.8588599832547,16605,535.6451612903226,193.68474770486495
76265,none,7,edge-7,51.10601639,22.40943789,5185.324137523371,3184.1687550032175,15962,514.9032258064516,233.60646609480875
76285,none,2,edge-2,50.998,7.098,4117.335316867456,3102.5609789398654,15993,515.9032258064516,114.08279871182457
76295,none,3,edge-3,50.11220728,9.35667157,4274.979604953411,3000.1918248044203,19710,635.8064516129032,143.99775366660543
76311,none,6,edge-6,59.304,18.294,4793.259039372338,4050.1725337542853,16273,524.9354838709677,74.48495360913357
76321,none,2,edge-2,52.088,5.402,4006.079206248873,3229.7320261492787,5058,163.16129032258064,57.57660499918919
76327,none,2,edge-2,51.70338514000001,5.21406627,3990.418431932846,3187.8446625966617,16607,535.7096774193549,42.71976281572413
76337,none,7,edge-7,50.082,18.178,4904.995244383169,3029.2290503210033,16485,531.7741935483871,176.81420530942526
76341,none,12,edge-12,48.78437941000001,44.759282,6767.285686216898,3447.4599776240048,13796,445.03225806451616,735.5217903141271
76352,none,8,edge-8,47.786,19.138,5004.1525155418385,2783.6666020983243,16591,535.1935483870968,71.14483370106389
76374,none,3,edge-3,50.164,8.012,4178.961021454627,3007.675347572843,16557,534.0967741935484,193.8546103872569
76397,none,2,edge-2,51.6222299,5.5253245,4011.332856582453,3177.4647841114415,8033,259.1290322580645,20.757393069539088
76424,none,2,edge-2,52.104,4.268,3928.71788472419,3237.0135143130633,16625,536.2903225806451,118.83846741696568
76436,none,9,edge-9,42.65698039,23.34345496,5412.005038262914,2269.413700631332,16542,533.6129032258065,55.71203369593678
76446,none,4,edge-4,46.5176681,6.489213109999999,4051.424445046346,2606.8568834848465,9320,300.64516129032256,333.22002484738255
76448,none,5,edge-5,51.04,13.722,4581.925444457235,3109.834181106939,16216,523.0967741935484,173.75773054929022
76466,none,4,edge-4,42.18924326,8.90902698,4230.569624303092,2121.1971347802596,16600,535.483870967742,316.8117890793383
76478,none,7,edge-7,49.79,18.971999999999998,4965.295850866819,3003.5861604207635,7973,257.19354838709677,196.4663700398897
76496,none,2,edge-2,52.544,4.661999999999999,3959.225315987795,3283.812110920066,16162,521.3548387096774,128.16973496840842
76511,none,2,edge-2,51.6976982,5.1381616,3985.1422037185657,3187.55982791648,16499,532.2258064516129,47.822907869537
76519,none,5,edge-5,51.054,13.798,4587.167377732154,3111.663853029493,16175,521.7741935483871,176.16161951973996
76551,none,7,edge-7,53.156,18.164,4865.8369551275355,3369.3169021284857,10579,341.258064516129,190.42446254554852
76553,none,7,edge-7,53.16799999999999,18.156,4865.154446475881,3370.584964727362,16530,533.2258064516129,191.86415854020365
76555,none,7,edge-7,52.52105616,16.75204486,4778.562005163535,3289.2323270267525,14884,480.1290322580645,195.42532756886507
76563,none,2,edge-2,50.61889032999999,7.23199725,4125.149838568496,3060.049037923465,16065,518.2258064516129,150.53308482316558
76581,none,8,edge-8,44.73741711,20.97983185,5188.730080414033,2466.821553642388,16237,523.7741935483871,308.6041082744708
76586,none,5,edge-5,51.022,13.736,4583.007659701589,3107.883973164049,75212,2426.1935483870966,175.91255726048843
76590,none,11,edge-11,55.908,37.88000000000001,6014.909636409275,3979.8072432021536,16522,532.9677419354839,52.453637873679625
76594,none,5,edge-5,50.24,14.302,4627.7201862081065,3023.203801466905,11987,386.6774193548387,269.24401870291956
7660,none,3,edge-3,47.902,8.162,4183.518048355161,2755.975951401548,16304,525.9354838709677,158.076757325109
76605,none,7,edge-7,50.97800000000001,16.998,4811.620873523328,3119.7918036371807,8955,288.8709677419355,161.68737109421045
76611,none,3,edge-3,48.534,9.062000000000001,4251.701850269781,2824.9491187727785,16164,521.4193548387096,61.909486453642614
76615,none,7,edge-7,52.39053524,17.12847795,4805.407194689153,3277.202654173472,2681,86.48387096774194,166.06056848639415
7662,none,3,edge-3,48.184,11.51,4433.328176371004,2786.7547305296052,16214,523.0322580645161,148.6838380087926
76623,none,8,edge-8,48.17,16.35,4792.874029362498,2804.3541289948685,15756,508.258064516129,228.4263390992152
76627,none,5,edge-5,53.23,10.39,4347.046125879445,3346.9389098431075,16563,534.2903225806451,160.01275559357003
76630,none,2,edge-2,52.2320332,5.201661,3993.4382424702653,3246.613943921037,16293,525.5806451612904,78.43234318752602
76632,none,1,edge-1,48.578,-4.52,3257.1388047914124,2934.6737787799852,16341,527.1290322580645,421.71501186688306
76637,none,2,edge-2,52.124,5.4799999999999995,4011.662457938669,3233.396850962703,16222,523.2903225806451,58.70262396688302
76660,none,4,edge-4,45.5337614,6.21093877,4024.741605073091,2498.7904216035276,16726,539.5483870967741,313.62119264676096
76674,none,7,edge-7,50.26746687,18.90332401,4954.037183649521,3055.7653872496817,18273,589.4516129032259,143.86349453298723
76687,none,8,edge-8,47.378,19.344,5025.006894099298,2740.5485802824787,2174,70.12903225806451,36.209705896296
76694,none,2,edge-2,52.136,5.424,4007.9197877289885,3234.969133279977,16023,516.8709677419355,61.54935098845859
7670,none,9,edge-9,42.562,27.636,5758.829945627451,2331.43263085801,16008,516.3870967741935,296.620233462006
76717,none,3,edge-3,49.7392726,13.389911,4565.291360709665,2964.152473784253,18712,603.6129032258065,282.2131745700468
76724,none,7,edge-7,53.126,17.95,4851.990989321898,3364.4093495053685,15168,489.2903225806452,192.88343018056207
76726,none,7,edge-7,53.154,17.916,4849.388123220336,3367.2609677723785,15783,509.1290322580645,196.67379998863066
76728,none,7,edge-7,53.132000000000005,18.026,4856.968851278753,3365.632419917298,14832,478.4516129032258,191.40390317134805
76730,none,7,edge-7,53.106,18.046,4858.621201293918,3362.9023392063345,8329,268.6774193548387,188.21361052771337
76732,none,5,edge-5,51.129999999999995,13.657999999999998,4576.944758447335,3119.6096241901964,9983,322.03225806451616,163.3019909080667
76746,none,7,edge-7,50.01199999999999,20.03,5037.433826670774,3037.9231905652905,12571,405.51612903225805,182.77009763726605
76753,none,7,edge-7,51.308,16.916,4802.437069572619,3155.8194092227172,8045,259.51612903225805,156.06381325590104
76755,none,5,edge-5,50.65207063,13.1660167,4544.834414404228,3064.8779375075314,16602,535.5483870967741,189.33152730254352
76762,none,5,edge-5,51.032,13.79,4586.733482561909,3109.1900713534574,16555,534.0322580645161,177.59040421398112
76766,none,2,edge-2,52.361999999999995,6.588,4088.661134907546,3255.725709582643,16255,524.3548387096774,95.85660802725191
76769,none,8,edge-8,45.9228375,20.0692008,5100.36327223388,2587.2843601460845,13171,424.8709677419355,159.2462347166359
76778,none,3,edge-3,50.11765948,8.71334146,4228.973677287026,3001.4034199789194,15972,515.2258064516129,160.6534262427567
76794,none,7,edge-7,50.278,18.192,4903.585430445705,3051.027834747916,15795,509.51612903225805,156.34927747457408
76806,none,9,edge-9,42.277125,22.689663,5365.7374609039825,2218.5266079112816,16500,532.258064516129,117.6602218275233
76808,none,4,edge-4,45.458,11.062,4404.187530975312,2483.4434553572014,16183,522.0322580645161,96.94451809511021
76815,none,7,edge-7,49.906000000000006,19.384,4993.076796131662,3020.1010627246947,12084,389.80645161290323,184.10512159810045
76817,none,2,edge-2,51.7248899,5.1415862,3985.579654453603,3190.563809918796,14833,478.48387096774195,48.067487351553446
76819,none,7,edge-7,51.096,17.006,4810.929767921413,3132.9222895017156,16065,518.2258064516129,156.2489763670656
76821,none,5,edge-5,52.5050807,13.465246100000002,4556.200177874835,3271.8027464174456,12082,389.741935483871,102.13185622947722
76825,none,7,edge-7,49.76867689,19.22048271,4983.326215215223,3003.442595327362,16570,534.516129032258,198.62435360685183
76834,none,9,edge-9,42.678,23.332,5410.695309152387,2271.5480881746244,8473,273.3225806451613,56.70412046310771
76845,none,2,edge-2,50.67688635,4.36204016,3922.9231839999043,3078.1355952097615,16523,533.0,148.18035125921057
76847,none,3,edge-3,49.546,8.644,4222.856597801028,2937.9271925504413,8031,259.06451612903226,112.74414156849457
76853,none,5,edge-5,52.232,10.566,4359.67028804982,3235.9647122075908,16651,537.1290322580645,101.3971961669049
76868,none,4,edge-4,45.478,11.06,4404.000727535735,2485.6605375882696,14686,473.741935483871,98.21362531969048
76960,none,2,edge-2,50.45772827,6.44981033,4068.9894493498264,3044.5271632056065,16436,530.1935483870968,138.82775742754097
76975,none,8,edge-8,47.479854980000006,19.07875389,5003.795769830721,2749.3082701123217,11676,376.64516129032256,36.79701063247867
76981,none,2,edge-2,51.61895235041201,5.4352480457754275,4005.0856980793737,3177.4868396903353,8131,262.2903225806452,26.999403202874213
76985,none,1,edge-1,47.50774682,-2.62682247,3374.4268001149026,2791.505382732181,16605,535.6451612903226,500.9876362983772
76990,none,3,edge-3,47.25,11.332,4421.904437150484,2682.731149566018,58525,1887.9032258064517,212.4265796622205
76992,none,3,edge-3,47.7121577,9.38538626,4274.8517400629635,2733.3631308106483,12233,394.61290322580646,128.86119832721613
76994,none,8,edge-8,47.406,18.822,4985.539017794503,2738.8118480941475,75120,2423.2258064516127,31.013945300600774
76998,none,3,edge-3,48.874,10.734000000000002,4374.859264309625,2862.572880248154,16040,517.4193548387096,71.55742066867856
77005,none,7,edge-7,53.13199999999999,18.006,4855.639562925068,3365.4848458895385,5735,185.0,191.94139866864225
77009,none,3,edge-3,49.23971274,13.51312995,4576.775239416101,2909.071717129274,40583,1309.1290322580646,277.9285515778363
77011,none,7,edge-7,53.148,17.956,4852.119475617175,3366.8888152277314,16479,531.5806451612904,194.94002886208696
77013,none,7,edge-7,53.129999999999995,17.982,4854.069015150313,3365.086836855634,10621,342.61290322580646,192.39409812716713
77023,none,1,edge-1,51.44,-2.054,3487.2579828111625,3216.749656920218,15929,513.8387096774194,61.12785689644054
77027,none,7,edge-7,52.98627986,17.4887833,4822.931825741732,3345.6542987318917,2833,91.38709677419355,195.05003215620573
77029,none,7,edge-7,51.0805087,16.99050665,4810.013965835601,3131.10173245651,15048,485.4193548387097,157.8592570707456
77041,none,9,edge-9,42.664,23.264,5405.457810534282,2269.031056679783,7079,228.3548387096774,62.23797979940121
77062,none,2,edge-2,51.686,5.138,3985.044419130581,3186.2614484052656,16615,535.9677419354839,47.68651622188511
77079,none,11,edge-11,55.096000000000004,38.76,6101.2578604069795,3917.107157523143,225,7.258064516129032,158.80713839676088
77086,none,7,edge-7,53.13399999999999,18.006,4855.614828070249,3365.7062437237782,16271,524.8709677419355,192.1451892187297
77090,none,5,edge-5,53.558,9.95,4317.6861733855985,3383.3707290353905,3623,116.87096774193549,206.56423217416466
77096,none,5,edge-5,50.42740385,14.248332379999999,4622.703221119658,3043.796102070465,16565,534.3548387096774,250.1205407745914
77106,none,7,edge-7,54.718,18.426,4862.738178391018,3544.117060071244,2085,67.25806451612904,355.93335229353806
77110,none,7,edge-7,52.46399999999999,16.922,4790.645806770102,3283.990772362434,16555,534.0322580645161,182.28547003632957
77112,none,5,edge-5,50.226,14.344,4630.801875121654,3021.825486916036,14314,461.741935483871,272.23860312027773
77116,none,3,edge-3,50.14051578000001,8.61292005,4221.83965642596,3004.076014718404,16641,536.8064516129032,166.4042548396172
77120,none,3,edge-3,47.730000000000004,9.352,4272.36188155947,2735.3670337341277,16568,534.4516129032259,127.4908187579906
77147,none,5,edge-5,52.584,9.694,4300.258667764843,3275.0263490970665,16610,535.8064516129032,165.78819155312414
77149,none,8,edge-8,47.13,16.844,4839.839573140553,2692.4719153211586,4032,130.06451612903226,163.44056795322723
77151,none,8,edge-8,47.53691416,21.616906819999997,5192.119470264726,2782.2844762141035,13336,430.19354838709677,202.46477115701714
77155,none,8,edge-8,48.15977379,21.14886761,5147.207406225744,2845.460444878009,13191,425.51612903225805,196.8182318381803
77173,none,2,edge-2,52.1861131,5.9312189,4042.8904577066005,3238.4784106937122,16555,534.0322580645161,61.08806475195504
77179,none,5,edge-5,52.39808494,13.400412599999997,4552.362181465386,3259.7003416312014,38483,1241.3870967741937,94.672781783095
77192,none,3,edge-3,48.526,8.078,4178.996683926989,2825.469244762078,16562,534.258064516129,128.83952107079173
77207,none,2,edge-2,50.708,7.906,4173.10282231668,3068.37486322327,15863,511.7096774193548,178.8457881550485
77209,none,7,edge-7,50.82651546,16.27456874,4762.489472067778,3098.3868583844874,16484,531.741935483871,215.05524075681603
77216,none,5,edge-5,53.282,9.864,4311.928158123114,3352.6640911331874,12425,400.80645161290323,190.16704438862254
77227,none,8,edge-8,47.642,19.144,5006.517305195347,2767.81896487074,12742,411.03225806451616,55.446798898862404
77235,none,5,edge-5,50.526,14.974,4673.415796591005,3057.9851618749126,16317,526.3548387096774,276.2455617007981
77238,none,7,edge-7,52.26876174000001,16.87052071,4789.221771200348,3262.0172463761137,13203,425.9032258064516,174.54254821378927
77240,none,1,edge-1,53.17,-2.24,3506.9039655581264,3409.077020096304,16123,520.0967741935484,134.304156309447
77242,none,2,edge-2,51.5073004,4.8581412,3964.3444652670323,3167.746850781904,16526,533.0967741935484,68.55256150546224
77247,none,9,edge-9,42.82,23.373999999999995,5411.4800298793925,2287.701213599828,16158,521.2258064516129,56.25304091293244
77250,none,9,edge-9,43.288,28.016,5771.187152361691,2417.503427860267,13712,442.3225806451613,334.47223303772313
77263,none,2,edge-2,52.334,4.806,3967.2908494793205,3259.788672154437,16258,524.4516129032259,104.05645898898729
77268,none,7,edge-7,52.8754929,18.75754327,4909.0216079814345,3342.9165914731675,16426,529.8709677419355,149.671332825602
77273,none,7,edge-7,51.16613267000001,16.90075189,4802.862696590983,3139.9949898764794,15556,501.80645161290323,160.8264763141164
77281,none,8,edge-8,47.262,17.144,4861.136307436654,2709.228615500303,5328,171.8709677419355,140.94471593121
77288,none,9,edge-9,42.694,23.346,5411.533017333117,2273.50268786923,16444,530.4516129032259,55.6638595984068
77299,none,7,edge-7,52.034,20.656,5049.267194162144,3267.173217058469,8680,280.0,118.23777947374576
77311,none,2,edge-2,52.714,5.074,3988.384596215381,3300.7216119731693,1264,40.774193548387096,129.93010280346653
77317,none,7,edge-7,52.06320152999999,20.99592716,5071.807611078032,3273.847092899324,11835,381.7741935483871,140.7446636430981
77319,none,3,edge-3,49.00246325,8.39059749,4203.22011023205,2877.8734757717752,16529,533.1935483870968,101.92774503500308
77321,none,2,edge-2,52.25200000000001,8.78,4237.68802008795,3238.7376841090577,16571,534.5483870967741,214.29944605884697
77323,none,5,edge-5,51.052,9.85,4310.481960175479,3104.5381503422263,15850,511.2903225806452,199.01474570240694
77325,none,5,edge-5,53.44,10.39,4346.919164746572,3370.3078765764367,6127,197.6451612903226,177.2753234018129
77351,none,5,edge-5,50.246,14.320000000000002,4628.962941377029,3023.945649400435,14428,465.4193548387097,269.4344592171889
77366,none,3,edge-3,50.182,11.704000000000002,4442.706254802615,3009.1662404887247,16737,539.9032258064516,204.8208767528846
77381,none,3,edge-3,50.106,10.996,4392.256495154699,2999.783345491533,19528,629.9354838709677,166.46418444712907
77383,none,5,edge-5,50.18528779,15.01785725,4679.085169945804,3020.3740048549776,16604,535.6129032258065,305.7066959616768
77396,none,3,edge-3,49.8712701,8.6586939,4224.570942730036,2974.0747201436316,9887,318.93548387096774,139.4595785307483
77410,none,7,edge-7,51.332,22.804,5208.111961243807,3213.7344274689617,19727,636.3548387096774,256.272019435046
77442,none,3,edge-3,49.99897435,8.01105827,4178.402052524126,2989.328735880047,3705,119.51612903225806,180.55787455906747
77450,none,7,edge-7,53.15,18.172,4866.443984000469,3368.712972699502,14018,452.19354838709677,189.6110525445534
77452,none,2,edge-2,52.37,4.832,3969.3433301036243,3263.659860673423,16618,536.0645161290323,105.88440271833075
77454,none,7,edge-7,53.15,18.16,4865.64695787849,3368.6228083666683,16496,532.1290322580645,189.89272697332535
77456,none,5,edge-5,50.13252,13.9953125,4606.52400177606,3010.026948647125,13406,432.4516129032258,267.62458461435915
77460,none,5,edge-5,52.507690960000005,10.6311956,4363.857371689086,3266.677292310518,16225,523.3870967741935,102.33711275872535
77465,none,3,edge-3,47.71350606,9.46013689,4280.465329962565,2733.469159932906,16597,535.3870967741935,127.63103760105864
77469,none,5,edge-5,50.272,12.818,4521.855756639621,3021.6227888199146,20229,652.5483870967741,221.5486911959953
77471,none,2,edge-2,51.0560254,7.4820851,4144.498579946867,3108.0141216209354,16633,536.5483870967741,132.61949294684538
77492,none,7,edge-7,54.68876343,25.26070118,5296.948563899326,3612.919917947626,4,0.12903225806451613,538.191798361168
77502,none,7,edge-7,50.22273598000001,18.67131025,4938.211973196534,3048.8397820240248,8017,258.61290322580646,151.42788554742492
77504,none,7,edge-7,50.19097431,18.629317580000002,4935.649512507219,3044.974439295244,8025,258.8709677419355,155.52930048103775
77517,none,10,edge-10,53.946,27.634,5465.785353671999,3567.0512118353013,40254,1298.516129032258,502.99942085491864
77537,none,7,edge-7,51.656,16.106,4742.984352932881,3189.3945282360637,13243,427.19354838709677,209.49428534714713
77548,none,5,edge-5,53.86785184,10.65521479,4364.108753366962,3418.045985392752,16553,533.9677419354839,207.4305688717087
77554,none,2,edge-2,51.695977,5.2238454,3991.0388914677037,3186.9776362795687,16243,523.9677419354839,41.92819531147513
77572,none,8,edge-8,47.45399999999999,18.966,4995.700591198219,2745.4177874550464,11352,366.19354838709677,33.47087868460994
77574,none,3,edge-3,48.868,9.08,4253.4850461867445,2862.059069849267,14537,468.93548387096774,49.997004982251774
77583,none,5,edge-5,52.388,9.986,4320.046830109189,3253.1730119996196,16069,518.3548387096774,142.22156605517148
77585,none,8,edge-8,46.09414627,19.67140943,5067.40895810854,2602.0877373357544,16162,521.3548387096774,128.35675687777703
77587,none,7,edge-7,49.716,17.158,4836.355371795863,2981.0639059523605,13327,429.9032258064516,247.37096135286765
77596,none,3,edge-3,50.1621002,8.01858455,4179.425699459524,3007.4513829884827,16198,522.516129032258,193.38472614643473
7760,none,3,edge-3,48.83,9.262,4266.799235920832,2857.684462742355,16093,519.1290322580645,36.615169471492166
77618,none,2,edge-2,50.67803275,6.12775642,4047.4362865148632,3070.1620521519258,13332,430.06451612903226,109.27963659671919
77620,none,11,edge-11,55.76226161,37.78676829,6015.896775936806,3962.4546283517016,1159,37.38709677419355,66.3023410814841
77624,none,9,edge-9,42.427778,23.523778,5430.813100174406,2246.9738031398147,12808,413.16129032258067,47.9649233860089
77628,none,9,edge-9,42.6724706,23.31060442,5409.068299112551,2270.6325432393874,16584,534.9677419354839,58.43524534734494
77631,none,3,edge-3,47.37,8.552,4211.561769214596,2696.2252106302954,8681,280.03225806451616,186.91178217608334
77639,none,5,edge-5,52.574,14.398,4618.964303579412,3282.8806504044906,13820,445.80645161290323,165.10190906520168
77662,none,2,edge-2,52.136,5.424000000000001,4007.9197877289885,3234.969133279977,16015,516.6129032258065,61.54935098845859
77669,none,1,edge-1,51.49485098,0.01586795,3630.113364148872,3201.1474577872023,8743,282.03225806451616,143.88771530372895
77673,none,1,edge-1,51.47821571,0.07521182,3633.939918157193,3198.7504207370907,14743,475.5806451612903,148.4019509577362
7768,none,9,edge-9,42.626,23.381999999999998,5415.687140553402,2266.5838791275664,12407,400.2258064516129,52.64931275159225
77685,none,8,edge-8,46.092,18.268,4959.678008156301,2588.7703400290175,74751,2411.3225806451615,130.83141734701317
77706,none,4,edge-4,45.274,5.88,3997.374444304594,2471.3715769138757,16613,535.9032258064516,335.13589916253767
77723,none,9,edge-9,42.656000000000006,23.394,5416.10609744685,2270.0422164496963,9343,301.38709677419354,51.563388966439945
77737,none,11,edge-11,59.92600000000001,30.404000000000003,5446.485769481459,4255.262928199392,7609,245.4516129032258,582.0840140351456
77739,none,11,edge-11,59.926,30.404000000000003,5446.48576948146,4255.2629281993895,7788,251.2258064516129,582.0840140351437
77747,none,4,edge-4,40.88929137,14.40129787,4693.357120568197,1987.555272248852,15252,492.0,567.3441425676023
77749,none,2,edge-2,52.084,5.228,3994.1519565725926,3230.054148233905,18598,599.9354838709677,64.11357784081872
77753,none,1,edge-1,53.44519983000001,-1.46077126,3563.0861147130704,3430.8933472351705,14750,475.80645161290323,166.06201142161655
77759,none,1,edge-1,53.405982279999996,-1.51242256,3559.0052647449093,3427.1185073973197,14391,464.2258064516129,161.14252798393431
77761,none,1,edge-1,53.3465709,-1.50874257,3558.189258164162,3420.540167193871,12794,412.7096774193548,154.66348525739534
77768,none,1,edge-1,53.36288408,-1.51216507,3558.2549370112592,3422.3718642465383,8983,289.7741935483871,156.4127392759911
77770,none,5,edge-5,51.482,9.16,4262.6484543473025,3152.7015897152487,16586,535.0322580645161,214.67428813005702
77776,none,4,edge-4,43.328,6.667999999999999,4050.125231381873,2252.6642541112947,16496,532.1290322580645,326.3682764947605
77797,none,7,edge-7,51.99092235,21.20941758,5087.48838636037,3268.1099420654527,7232,233.29032258064515,151.6123290170366
77799,none,7,edge-7,50.426,15.352,4700.949444825939,3048.7745662215502,16441,530.3548387096774,293.07855546646556
77823,none,7,edge-7,49.730000000000004,17.292,4845.8146126482,2983.5639492649493,16224,523.3548387096774,240.83849108981795
77857,none,5,edge-5,53.64024221999999,10.07920504,4326.239309475223,3392.524634621744,13157,424.4193548387097,207.5948087271926
77867,none,11,edge-11,59.12,37.97,5877.875664833519,4314.380577468575,16516,532.7741935483871,314.17072437360093
77869,none,11,edge-11,59.144,37.93399999999999,5874.919739288673,4316.063361074394,16293,525.5806451612904,316.7104640639626
77871,none,3,edge-3,46.85,7.578,4136.146414653981,2640.409985881551,28965,934.3548387096774,275.2502264087212
77877,none,2,edge-2,50.844,7.978,4178.601628495519,3083.355778471939,16468,531.2258064516129,174.63176649753188
77893,none,5,edge-5,50.10171785,14.34370953,4631.590380404478,3008.021403240804,16785,541.4516129032259,283.6350934259726
77939,none,8,edge-8,47.546,21.63,5192.938454319447,2783.4385355878603,13268,428.0,203.63269782425564
77977,none,7,edge-7,50.36751968,18.1309256,4898.17083210435,3060.45018160762,19549,630.6129032258065,149.2978210614778
77979,none,3,edge-3,50.268,8.694,4227.884978508508,3018.1469577560065,16269,524.8064516129032,176.12762846941087
78001,none,8,edge-8,47.40810348,18.78626507,4982.834885859775,2738.72385088296,64138,2068.967741935484,32.46251590604915
78007,none,9,edge-9,42.59004544,23.41673434,5419.15528102696,2263.1561063727568,2352,75.87096774193549,50.215479299058785
78016,none,2,edge-2,51.102,5.882000000000001,4032.732224443696,3118.210614197249,16591,535.1935483870968,60.14911077615845
78083,none,9,edge-9,41.97333622,21.47142618,5271.120031571963,2169.071119222968,12788,412.51612903225805,224.34417361016435
78090,none,7,edge-7,53.02004985,18.48028278,4888.614990324335,3356.698452439917,4329,139.6451612903226,169.4732107794265
78100,none,1,edge-1,53.38359604,-1.49564752,3559.7067745884146,3424.4779193984646,16627,536.3548387096774,158.88202898689096
78105,none,7,edge-7,52.2478888,21.06053481,5073.059807522094,3294.8647011804674,8676,279.8709677419355,153.85738885011065
78117,none,11,edge-11,59.12,37.904,5874.429331601421,4312.924106630024,10337,333.4516129032258,313.90167142297815
78119,none,4,edge-4,44.80232,10.33178,4347.297759030595,2410.1623676605964,16577,534.741935483871,22.068251908172
78121,none,4,edge-4,44.80200000000001,10.332,4347.315346608255,2410.126949689856,16586,535.0322580645161,22.102494601847336
78123,none,4,edge-4,44.80200000000001,10.332,4347.315346608255,2410.126949689856,16674,537.8709677419355,22.102494601847336
78144,none,5,edge-5,52.522,13.621999999999998,4566.735570007073,3274.2016421229623,16186,522.1290322580645,112.82966404955697
78149,none,9,edge-9,42.664,23.382,5414.989965706056,2270.7428539125035,16601,535.516129032258,52.55697253458368
78161,none,3,edge-3,49.89688775,9.268985089999997,4268.471573506535,2976.3044725355153,16407,529.258064516129,122.36779169125181
78168,none,9,edge-9,42.698,23.378,5414.043014139516,2274.4058726241346,16522,532.9677419354839,53.0873619027273
78170,none,5,edge-5,49.892,14.49,4643.444728820808,2985.3632156071626,10456,337.2903225806452,308.8957584350562
78186,none,5,edge-5,52.5819657,13.891165599999999,4584.6190244092995,3281.809134217417,13195,425.64516129032256,132.2477617718079
78198,none,2,edge-2,51.554,7.812,4169.270141355809,3162.6505003211837,14394,464.3225806451613,138.09504420965484
78206,none,3,edge-3,48.892,12.928,4535.711251087876,2868.572895075659,13452,433.93548387096774,232.51751155298075
78210,none,3,edge-3,48.816,9.93,4315.857460135859,2855.8591313714514,16513,532.6774193548387,12.86313792635247
78216,none,11,edge-11,60.0798344,30.34165263,5438.044747729914,4270.70806239084,15904,513.0322580645161,596.2152028389897
78223,none,7,edge-7,53.058,21.618,5096.155018921664,3389.938061703752,18893,609.4516129032259,238.61389664162007
78229,none,3,edge-3,49.082,9.152,4259.037160318016,2885.786250301308,16063,518.1612903225806,51.801098989290836
7824,none,3,edge-3,48.619478,9.053031,4251.158562626172,2834.458612122827,38479,1241.258064516129,57.71995822280224
78307,none,2,edge-2,51.50637854,5.3831479,4000.694829977708,3165.209929964041,9101,293.5806451612903,34.01899741290483
78309,none,9,edge-9,42.022,21.356,5260.890197078396,2172.963773343634,15051,485.51612903225805,231.52833003039052
78313,none,8,edge-8,47.43800000000001,21.407999999999998,5178.237026773477,2768.9571066954277,3192,102.96774193548387,185.00315621370518
78317,none,7,edge-7,50.93,18.276,4901.412032565187,3123.839553618757,12903,416.2258064516129,91.2396292281821
7832,none,9,edge-9,42.058,25.586,5605.329174379828,2239.446410381419,16589,535.1290322580645,143.758522203438
78337,none,2,edge-2,51.588,7.002,4113.286250090185,3168.4257008390086,16565,534.3548387096774,81.8200005419516
7834,none,9,edge-9,42.696,23.354,5412.142250878364,2273.8378400712227,16252,524.258064516129,55.0277719181527
78352,none,8,edge-8,46.24575917,20.14570981,5101.558104749469,2623.679930754842,6796,219.2258064516129,133.42387477477675
78383,none,2,edge-2,52.294,4.692,3959.2177536675545,3255.9079309017025,16634,536.5806451612904,106.40441039630933
78407,none,1,edge-1,51.074,-1.79,3498.8047643229293,3173.488921175427,16300,525.8064516129032,101.57568870550541
78411,none,1,edge-1,51.074,-1.796,3498.3905522029545,3173.556536808465,10801,348.4193548387097,101.54046479524457
78415,none,1,edge-1,51.4789693,0.021093200000000003,3630.231829536059,3199.344896062477,14763,476.2258064516129,144.91949206198632
78431,none,7,edge-7,50.236,22.452,5204.535988917151,3089.061380350464,16389,528.6774193548387,275.46587407086116
78435,none,1,edge-1,51.4725104,-2.59912198,3450.5987959307786,3226.6975797123655,15295,493.38709677419354,73.7228330853206
78469,none,3,edge-3,49.41608180000001,11.8884247,4458.035555891677,2924.334877367491,16623,536.2258064516129,167.87117095043698
78481,none,3,edge-3,49.3576657,11.05867803,4397.922713816852,2916.6334501239976,7990,257.741935483871,110.7034192856096
78485,none,2,edge-2,50.806000000000004,8.776,4234.722139683066,3077.8826850403343,16624,536.258064516129,226.19095333045212
78488,none,3,edge-3,49.758,9.582,4290.876715567309,2960.6829347599264,15854,511.4193548387097,102.42564936360472
78492,none,9,edge-9,42.76124471000001,23.43288571,5417.307266258985,2282.128264966654,16471,531.3225806451613,49.79932374104984
78504,none,7,edge-7,52.16221182,21.22837275,5085.8376603257375,3287.1768902463436,18039,581.9032258064516,159.7432392872573
78509,none,2,edge-2,50.846,7.957999999999999,4177.199726004916,3083.617299709507,16629,536.4193548387096,173.3140368890853
78562,none,2,edge-2,52.138000000000005,5.446,4009.4366472152547,3235.0969692041385,16156,521.1612903225806,61.08883583853387
78566,none,5,edge-5,52.410804999999996,13.241090840000002,4541.4672245009615,3260.6199643985037,16603,535.5806451612904,84.49284103088974
78576,none,6,edge-6,60.31816175,25.0464951,5147.483836750223,4223.537927498855,16740,540.0,414.02606721881784
78578,none,2,edge-2,52.0902662,5.1434979,3988.420540782622,3231.1325454463968,14316,461.80645161290323,68.48887370186341
78588,none,7,edge-7,51.27877791,15.643054080000002,4714.301467140524,3144.9544675199227,3660,118.06451612903226,244.1261703443995
78590,none,3,edge-3,50.228,7.828,4166.027290377267,3015.1638111416005,7737,249.58064516129033,207.9614383147933
78592,none,3,edge-3,48.3529566,11.39163975,4424.179347794105,2805.3576839333073,16612,535.8709677419355,132.1749798850087
78596,none,2,edge-2,51.3169218,4.8617217,3963.106683394302,3146.592684289889,20032,646.1935483870968,75.92763303353028
78613,none,2,edge-2,51.06,3.638,3875.6206533941668,3124.810082283357,1043,33.645161290322584,165.35996748655342
78615,none,7,edge-7,52.488,20.952,5061.719389833224,3320.2077739210918,4951,159.70967741935485,162.880762187614
78651,none,2,edge-2,52.093086199999995,4.8709425,3969.8124409158963,3232.724868036221,16529,533.1935483870968,82.65654892546789
78659,none,1,edge-1,48.102288439999995,-1.69955373,3453.3833042068704,2845.458963265266,16042,517.483870967742,432.5866778606792
78671,none,2,edge-2,52.724,6.516,4085.701380316486,3296.200143625964,16308,526.0645161290323,129.4736539246066
78677,none,2,edge-2,51.52492603,3.90055418,3898.2511861640255,3174.8162936368967,16475,531.4516129032259,133.86672770418485
78685,none,2,edge-2,52.31,6.99,4115.775810049958,3248.7361999868176,16475,531.4516129032259,109.36104126508921
78692,none,8,edge-8,47.17793795,20.18057602,5090.5524090429135,2726.8072362486937,13386,431.80645161290323,89.65102811060194
78717,none,5,edge-5,50.042,14.432,4638.291020724218,3001.767297865248,8769,282.8709677419355,292.66557555749364
78719,none,5,edge-5,53.334,9.537999999999998,4290.219871459552,3358.5402445645746,16594,535.2903225806451,211.02318798746637
78739,none,2,edge-2,51.4500904,6.579419,4083.3138611589297,3154.3836139760883,16074,518.516129032258,56.57295965133052
78741,none,3,edge-3,48.726000000000006,9.37,4274.634041440479,2846.0496856255722,16137,520.5483870967741,31.547490587193778
78749,none,8,edge-8,48.61724782,22.262975870000002,5220.7097490593105,2908.8484552438513,13231,426.80645161290323,293.84951858282983
78751,none,5,edge-5,50.954,11.059999999999999,4395.481709567394,3094.16484237393,13415,432.741935483871,155.05193640165507
78769,none,8,edge-8,49.2076082,16.58800792,4800.429736677229,2920.8758565226194,16342,527.1612903225806,289.9065460609447
78825,none,4,edge-4,45.554,10.22,4338.2034042245705,2493.5302369899246,5493,177.19354838709677,71.77421650482098
78827,none,7,edge-7,52.260737250000005,16.8541691,4788.1954775356835,3261.0226395076297,12896,416.0,175.15023252028638
78831,none,2,edge-2,51.560514,6.964236,4110.544548424371,3165.47800029712,12460,401.93548387096774,79.52311986488976
78835,none,9,edge-9,42.682,23.352,5412.237208853584,2272.2763996284084,16056,517.9354838709677,55.08727586552082
78839,none,10,edge-10,47.19,27.558000000000003,5638.436327261382,2832.4314196544165,14268,460.258064516129,282.59712614206603
78841,none,10,edge-10,47.19,27.558,5638.436327261381,2832.4314196544165,14265,460.16129032258067,282.5971261420662
78845,none,2,edge-2,50.854,2.8600000000000003,3819.1229491728373,3107.015136940519,16291,525.516129032258,224.58060642217566
78853,none,7,edge-7,52.37457136,20.44795275,5029.7235912705355,3302.675422523182,12460,401.93548387096774,128.9431441287741
78857,none,7,edge-7,50.078,19.936,5029.787012210559,3044.293364052234,5357,172.80645161290323,173.61114449592463
78890,none,3,edge-3,48.96399999999999,14.502000000000002,4650.5176582145405,2882.3850750281017,16273,524.9354838709677,347.9129394037295
78892,none,2,edge-2,51.728,5.248,3992.9367400994843,3190.425221774738,19394,625.6129032258065,40.953173289582
78905,none,3,edge-3,49.602,8.722,4228.6079706027285,2944.0525382849687,529,17.06451612903226,113.23470391916779
78907,none,9,edge-9,44.19715247,27.33197004,5695.422061277955,2503.2240771303095,16024,516.9032258064516,320.46161170503945
78911,none,7,edge-7,52.1914788,20.9659778,5067.6325900799075,3287.674464332774,15126,487.93548387096774,145.16198255941018
78990,none,7,edge-7,52.13,21.218,5085.689418880627,3283.5197432379177,16569,534.483870967742,157.6427973163208
78998,none,3,edge-3,48.68879085,9.70812836,4299.502929126041,2841.7577618548494,15962,514.9032258064516,17.698844215878353
79000,none,10,edge-10,53.91400000000001,27.415999999999997,5452.818370850781,3560.139412279583,5378,173.48387096774192,502.4828876943868
79004,none,7,edge-7,51.05200000000001,17.034,4813.348983065627,3128.23444878048,15942,514.258064516129,156.15126490947674
79006,none,2,edge-2,51.071999999999996,3.536,3868.6186778895285,3126.7672336132996,2686,86.64516129032258,171.4004262520762
79063,none,8,edge-8,47.347656660000006,19.44429606,5032.932647807341,2738.158999970124,13021,420.03225806451616,40.12364251878363
79077,none,9,edge-9,42.69799999999999,23.342,5411.136861122168,2273.882423776135,16456,530.8387096774194,56.02594976926066
79087,none,3,edge-3,47.92486365,13.8295909,4607.211390924276,2764.2235110762485,16313,526.2258064516129,318.26835136476905
79099,none,7,edge-7,50.19098784,19.74893332,5014.886181745742,3054.975606537434,8026,258.9032258064516,157.6299403205553
79116,none,2,edge-2,51.7757693,6.1204587,4053.3780890930125,3192.1696538011142,16299,525.7741935483871,25.392953400040465
79118,none,1,edge-1,51.33599999999999,-0.846,3568.3499495047595,3192.1554704595255,13482,434.9032258064516,103.21077812327142
79127,none,3,edge-3,48.814,8.904,4240.482674225443,2856.2330567755735,14865,479.51612903225805,62.969105076775584
79129,none,9,edge-9,43.286,23.36,5401.773999990698,2338.51386520693,16405,529.1935483870968,88.62382937176753
79131,none,4,edge-4,45.194,9.142,4253.469454437861,2453.9447799809514,16601,535.516129032258,81.78276500466417
79136,none,7,edge-7,51.09,17.216,4825.626269605292,3133.686636059646,16162,521.3548387096774,142.74153913340606
79150,none,4,edge-4,45.644,13.782,4616.113125128891,2510.984817257377,16597,535.3870967741935,300.5685879549407
79152,none,2,edge-2,51.69224071,5.19197831,3988.813655984243,3186.7073164696735,16623,536.2258064516129,44.05621219768183
79170,none,9,edge-9,42.66632915,23.28174055,5406.848680192457,2269.5424176248034,2698,87.03225806451613,60.78627671848078
79174,none,3,edge-3,49.142,9.124,4257.069243055598,2892.4807786824367,15977,515.3870967741935,57.13950136832981
79177,none,2,edge-2,52.467793,4.8254271,3969.6735977508206,3274.5499922906374,16111,519.7096774193549,114.65912706501473
7918,none,9,edge-9,42.624,23.385999999999996,5416.047113375627,2266.4233102984263,16280,525.1612903225806,52.335502000503084
79203,none,9,edge-9,42.748000000000005,23.278,5405.058548861325,2278.4288959090313,889,28.677419354838708,61.914760024356745
79221,none,2,edge-2,52.11800000000001,5.406,4006.5636054556157,3233.047183650907,11268,363.48387096774195,60.346897806780916
79226,none,1,edge-1,50.84306123,-1.0622111,3545.241024407818,3140.095802509871,16207,522.8064516129032,140.1419642400756
79230,none,8,edge-8,49.122,17.544,4870.694401196589,2918.0809538816306,215,6.935483870967742,243.91360518331507
79236,none,8,edge-8,47.46,18.812,4984.098490772111,2744.687732097059,19724,636.258064516129,36.80486736940517
79244,none,9,edge-9,42.67675243,23.3551991,5412.591659608176,2271.7485351173696,16510,532.5806451612904,54.79750320271429
79250,none,2,edge-2,51.03,7.584,4151.544408907057,3104.879175015955,16633,536.5483870967741,140.2595011617779
79258,none,7,edge-7,54.3720165,18.47975168,4870.7717733594,3506.2523754100753,16001,516.1612903225806,317.26995497783565
79260,none,3,edge-3,48.7530662,8.86330211,4237.390776780442,2849.505077693746,1522,49.096774193548384,66.6820867211581
79269,none,3,edge-3,48.58599999999999,7.772,4156.5927464934,2832.77219680948,13457,434.0967741935484,149.12605815915236
79278,none,9,edge-9,40.52121347,21.68616146,5311.623763501249,2012.5882337189207,39302,1267.8064516129032,307.9538479449727
79280,none,2,edge-2,50.95675865,6.64560056,4085.4003060108107,3099.3350394272716,16571,534.5483870967741,95.33273512116185
79285,none,5,edge-5,50.452,11.635999999999997,4437.186958186994,3039.0806768619914,16520,532.9032258064516,197.0372399372006
7930,none,9,edge-9,42.698,23.124,5393.532433228994,2270.7426053678114,16207,522.8064516129032,73.84803514451006
79309,none,2,edge-2,53.078,7.386,4145.852217714646,3333.106742080521,16537,533.4516129032259,192.07786310906792
79327,none,2,edge-2,52.4301709,8.61771938,4226.985455577796,3258.7581619710077,16604,535.6129032258065,210.8461455055344
79331,none,7,edge-7,49.782,19.054,4971.2581447336415,3003.42548284412,15682,505.8709677419355,197.11271177331892
79341,none,9,edge-9,42.65554785,23.33330273,5411.211059110617,2269.109440723504,438,14.129032258064516,56.54522238511032
79343,none,3,edge-3,49.46226065,10.859265,4383.300696847752,2928.0743182378988,16606,535.6774193548387,105.61067572520993
79352,none,7,edge-7,53.13530535,17.94366624,4851.4557226289935,3365.3931874927052,14466,466.64516129032256,194.00215774498605
79354,none,3,edge-3,47.12268805,9.317206199999998,4269.147110240169,2667.9203628085424,16539,533.516129032258,194.14778811601124
79360,none,3,edge-3,48.9609909,9.0156252,4248.89656424043,2872.457564297735,15953,514.6129032258065,56.12457391620588
79366,none,7,edge-7,53.16,17.92,4849.580463569289,3367.9543776239884,16181,521.9677419354839,197.16498606536877
79376,none,7,edge-7,53.150000000000006,18.136,4864.052853821664,3368.4428760024603,8311,268.0967741935484,190.46533545005582
7940,none,3,edge-3,48.888000000000005,9.226,4264.221769564521,2864.1592646045224,16626,536.3225806451613,39.50324261351947
79409,none,1,edge-1,50.96,0.254,3638.587189208639,3139.858746781954,14890,480.3225806451613,188.81687607016988
79413,none,3,edge-3,49.528,11.01,4394.130110467319,2935.5227491224105,4876,157.29032258064515,118.68348752820727
79415,none,8,edge-8,44.972,19.612,5078.182114962285,2477.7579919239665,15478,499.2903225806452,246.8320922278957
79419,none,3,edge-3,49.902,8.68,4226.163128916352,2977.4640545758893,1,0.03225806451612903,141.39269820689097
79435,none,3,edge-3,47.51252825,7.69207701,4147.067939345598,2713.70192384643,12091,390.03225806451616,213.436648559441
79453,none,2,edge-2,52.11600000000001,5.404,4006.4128602114274,3232.833655971605,16207,522.8064516129032,60.21752683052273
79455,none,2,edge-2,52.134,5.42,4007.632514198051,3234.764167937855,12399,399.96774193548384,61.47451333109851
79457,none,0,edge-0,43.654,3.8839999999999995,3827.0068872967418,2302.930179097329,16612,535.8709677419355,440.3585642385931
79465,none,3,edge-3,47.41,8.232000000000001,4187.484146780699,2701.193180960054,16356,527.6129032258065,195.81845589063633
79481,none,3,edge-3,48.262,14.208,4633.3802252614105,2803.1803413254775,16526,533.0967741935484,334.6822412980657
79523,none,2,edge-2,50.19556039,6.453816,4067.8773625359413,3015.381502917063,6119,197.38709677419354,166.86163321827303
79525,none,4,edge-4,46.08057824,11.20677352,4414.454342093979,2552.7123819237613,76315,2461.7741935483873,155.91631758180293
79527,none,1,edge-1,47.754,-3.3639999999999994,3324.619477950454,2828.233683792891,16599,535.4516129032259,482.1560803608926
79531,none,3,edge-3,49.6087,11.0012053,4393.372991570171,2944.487262989683,16401,529.0645161290323,124.100131477016
79534,none,2,edge-2,52.15999999999999,6.736,4097.720528841022,3232.8059288594327,16528,533.1612903225806,85.29145128061457
79540,none,2,edge-2,52.12200000000001,5.406,4006.591724564609,3233.491509972959,16221,523.258064516129,60.738070258692275
79542,none,10,edge-10,50.541236000000005,30.167147,5729.8615455680865,3243.6466359277524,16314,526.258064516129,140.81158195319804
79557,none,11,edge-11,59.82605928,30.16761214,5437.15881366259,4240.828367974132,16264,524.6451612903226,584.9113969639336
79559,none,8,edge-8,48.0672087,20.6314096,5110.6124726544895,2829.5936301093225,13013,419.7741935483871,159.64359615274347
79573,none,2,edge-2,50.948389950000006,5.308166859999999,3991.532363018674,3103.571762954034,16510,532.5806451612904,85.06518317799033
79577,none,3,edge-3,48.136,11.386,4424.202759528115,2781.2399646937038,2888,93.16129032258064,143.68781822718387
79584,none,6,edge-6,57.338,18.7,4844.0285237528415,3835.810773739569,13352,430.7096774193548,290.36060692548153
79586,none,2,edge-2,50.86600000000001,4.636,3943.7557223639737,3097.6716927205116,16352,527.483870967742,119.62265248426368
79600,none,11,edge-11,56.232892940000006,43.39729214,6306.84434622795,4156.118695740479,16394,528.8387096774194,357.9773759966774
79604,none,7,edge-7,53.34005477000001,19.43049502,4947.160508315192,3399.897719514514,7708,248.6451612903226,200.34432610495665
79612,none,3,edge-3,48.154,11.536,4435.329585268068,2783.4610051670275,14956,482.4516129032258,152.04581852591429
79617,none,2,edge-2,52.132,5.422,4007.7551349491678,3234.533399418764,10169,328.03225806451616,61.21402050257741
79634,none,2,edge-2,51.2928142,7.3052514,4133.076164291379,3134.7837877675024,16620,536.1290322580645,110.00258045332592
79645,none,8,edge-8,47.148,18.954,4998.777234834283,2711.510848187745,12175,392.741935483871,3.4269102051756652
7966,none,9,edge-9,43.27199999999999,26.932,5686.057761331614,2395.3562116315697,16581,534.8709677419355,248.3071599490846
79671,none,2,edge-2,50.878,8.05,4183.770939089343,3086.99929693477,16481,531.6451612903226,177.08445345813712
79686,none,3,edge-3,47.918,11.428,4427.785630604093,2757.0762933574683,16538,533.483870967742,160.83452253024257
79690,none,1,edge-1,55.932,-3.238,3498.4924855125637,3723.5780578659796,16652,537.1612903225806,448.87579450677913
79696,none,12,edge-12,47.74808717,40.08643717,6507.067803802138,3192.1780900776516,16387,528.6129032258065,664.9656452884523
79703,none,2,edge-2,52.352,5.006,3981.023398889744,3260.8343114810423,15773,508.80645161290323,96.99755170303534
79718,none,2,edge-2,52.05702608,4.34647357,3933.669725187169,3231.3803693939,4801,154.8709677419355,111.77837690619471
79729,none,2,edge-2,52.13199999999999,5.418,4007.4818564344105,3234.550608694412,14478,467.03225806451616,61.33885301491306
79752,none,8,edge-8,47.446,21.636,5195.073938482951,2772.508190246055,75894,2448.1935483870966,202.1287138893015
79791,none,2,edge-2,52.22,5.172,3991.327843688034,3245.4113457772464,16126,520.1935483870968,78.46286026675433
79799,none,3,edge-3,48.024,11.09,4402.34334174727,2768.424546862748,16623,536.2258064516129,134.16460999974333
7986,none,9,edge-9,42.612,23.066,5390.387894382001,2260.498245264722,15610,503.5483870967742,78.66964585978039
7990,none,9,edge-9,42.848,23.034,5383.576518861107,2285.8895503815343,6537,210.8709677419355,83.72466373492699
80103,none,8,edge-8,47.648,19.03,4997.9409950028385,2767.4308134299295,74226,2394.3870967741937,55.0307345620869
80116,none,8,edge-8,47.608,19.366000000000003,5023.523074436923,2766.1494388947513,76242,2459.4193548387098,57.740919826399
80118,none,1,edge-1,48.769999999999996,-1.564,3474.67260448551,2917.3552308796375,13362,431.03225806451616,358.83161968843456
80128,none,2,edge-2,52.118,5.408,4006.7002857430616,3233.038552323469,15920,513.5483870967741,60.28142311506615
80137,none,11,edge-11,55.95,37.484,5990.46145914474,3974.8175388864797,15696,506.3225806451613,43.57435663324531
80149,none,9,edge-9,42.426,26.644,5682.602485775111,2298.142535097289,16510,532.5806451612904,216.52320363691203
80171,none,5,edge-5,51.8045913,9.1100653,4259.617186563049,3188.632174099337,16481,531.6451612903226,206.6350102361649
80180,none,2,edge-2,52.134,5.438,4008.862223520984,3234.686881165226,16071,518.4193548387096,60.92462577539442
80184,none,2,edge-2,52.138,5.44,4009.0267750869866,3235.1226506825515,14334,462.38709677419354,61.265678521006954
80186,none,2,edge-2,52.12200000000001,5.422,4007.685076685893,3233.422569716212,14529,468.6774193548387,60.22454135787089
80188,none,2,edge-2,52.134,5.436,4008.725588061594,3234.695453568718,15762,508.4516129032258,60.984726460201465
80190,none,3,edge-3,48.4694701,7.960896750000001,4170.1774758743795,2819.4198595172343,13107,422.80645161290323,138.97507710859648
80198,none,2,edge-2,52.03,7.106,4122.438919062595,3217.2807901423566,16376,528.258064516129,98.3944816465558
80208,none,2,edge-2,51.69033141,5.21381629,3990.306014897652,3186.3960506728076,15373,495.9032258064516,42.531913604197996
80242,none,4,edge-4,45.00399999999999,7.532,4126.122765223544,2435.697010421904,8580,276.7741935483871,203.2225449959592
80244,none,5,edge-5,52.58726478,13.404774320000001,4551.669047648216,3280.7454734806165,14695,474.03225806451616,101.65346365750037
80248,none,7,edge-7,52.205999999999996,21.018,5070.898803664451,3289.8099094835993,8457,272.80645161290323,149.05427263064908
80277,none,3,edge-3,47.51271155,8.59462089,4215.074387268516,2712.0163052153416,16188,522.1935483870968,171.49646918183507
80288,none,3,edge-3,47.55700684999999,8.32182025,4194.624957807521,2717.3649915794713,16175,521.7741935483871,178.5979497013071
80294,none,0,edge-0,43.516,1.498,3633.4652161679546,2306.4860598154087,15831,510.6774193548387,267.4812442799609
80308,none,0,edge-0,43.52199999999999,1.3480000000000003,3621.4678020206766,2308.5349957127332,16580,534.8387096774194,258.7989147371638
80321,none,8,edge-8,47.06600000000001,15.45,4734.9127438399255,2676.607305549431,16486,531.8064516129032,269.5367088838745
80323,none,5,edge-5,52.372,13.61,4566.7537718515,3257.4875755038884,16239,523.8387096774194,108.13025709122655
80333,none,1,edge-1,51.86399999999999,-2.246,3482.005782310644,3265.57751384469,16578,534.7741935483871,26.153673852862493
80378,none,3,edge-3,48.124,11.542,4435.843950702643,2780.1367512406737,5353,172.67741935483872,154.16666696312274
80382,none,11,edge-11,55.82,37.49,5996.380968325905,3961.435727206505,16458,530.9032258064516,58.14173741889151
8039,none,3,edge-3,49.843999999999994,8.12,4185.774936122768,2971.8922626686845,19905,642.0967741935484,163.01043707263793
80393,none,4,edge-4,45.544,10.218,4338.050113844154,2492.419980516414,16139,520.6129032258065,70.65345824204601
80397,none,1,edge-1,55.894,-3.052,3509.113668529156,3717.294796132678,16617,536.0322580645161,442.5290736943519
804,none,3,edge-3,49.976,8.24,4194.7517473557045,2986.3550135411238,16597,535.3870967741935,167.37771338365064
80401,none,2,edge-2,53.132,8.23,4202.535118829025,3337.407320967742,16018,516.7096774193549,233.14217478138488
80405,none,3,edge-3,48.721635000000006,9.14915066,4258.37548457911,2845.7277163755066,16620,536.1290322580645,46.937194339862025
80414,none,5,edge-5,52.58,13.068,4528.903823513707,3278.922479930637,16727,539.5806451612904,81.00304696739305
8047,none,9,edge-9,42.516,23.358,5415.760111386423,2254.195199022274,14433,465.5806451612903,56.68223225530097
80482,none,9,edge-9,43.864,21.41,5236.379506499049,2375.9264313316653,16209,522.8709677419355,250.3356782998387
80502,none,2,edge-2,51.19,6.808,4097.925096630819,3124.7515464568396,4141,133.58064516129033,84.91287004826054
80504,none,2,edge-2,51.19,6.808,4097.925096630819,3124.7515464568396,5902,190.38709677419354,84.91287004826054
8051,none,9,edge-9,42.157999999999994,24.732,5534.003791129807,2236.1643221520203,16551,533.9032258064516,79.2735114432241
80531,none,2,edge-2,52.116929,4.444151,3940.8555816034414,3237.51438413754,16635,536.6129032258065,108.71970956212822
80564,none,2,edge-2,52.0582333,4.3462429,3933.664393310573,3231.51557838065,14539,469.0,111.84727041579744
80568,none,9,edge-9,45.656,25.586,5527.393112845734,2631.7688104538524,36266,1169.8709677419354,358.4113079647551
80585,none,5,edge-5,56.482,9.154,4268.831607614356,3709.047279642457,16622,536.1935483870968,511.84823565069394
8059,none,9,edge-9,42.668,23.396,5416.047214075963,2271.38472997564,16113,519.7741935483871,51.41891826684938
80590,none,4,edge-4,44.6379922,11.1879025,4415.427327732008,2392.627155702238,15946,514.3870967741935,91.48662552274122
8061,none,9,edge-9,42.626,25.385999999999996,5577.184981235501,2297.970441346399,16576,534.7096774193549,111.92062889794578
80624,none,4,edge-4,44.768,9.6,4289.27562819676,2406.382015404823,11972,386.19354838709677,42.73147771978647
80627,none,2,edge-2,51.758,5.784,4030.0826580488915,3191.483441003166,16086,518.9032258064516,13.277093944776103
80633,none,6,edge-6,60.62314686999999,15.60518861,4628.412191171013,4181.352875274181,14489,467.38709677419354,140.19837793776355
80640,none,6,edge-6,60.17,24.691999999999997,5131.931657615096,4203.310023721296,16746,540.1935483870968,393.8267419126305
80642,none,1,edge-1,52.93464559,-1.22553885,3569.649968193921,3372.2259181196723,14184,457.5483870967742,116.1302207481546
80644,none,6,edge-6,60.22399999999999,24.711999999999996,5131.708956886107,4209.418533086445,14477,467.0,395.09886492987533
80654,none,4,edge-4,45.524,10.24,4339.777593678753,2490.2056954027958,15003,483.96774193548384,68.7104338286541
80672,none,3,edge-3,47.53518489,8.28060365,4191.467122957372,2715.012175295059,16169,521.5806451612904,182.39039519824487
80674,none,11,edge-11,54.91813135999999,39.25343156,6137.843223051202,3911.168191019301,15958,514.7741935483871,191.94743175506852
80678,none,2,edge-2,52.494,5.502,4015.7175792870194,3274.4074868597168,16619,536.0967741935484,97.4336098770992
80682,none,12,edge-12,40.2,44.582,7164.643444801427,2567.812379175313,15594,503.03225806451616,243.31796858197086
80699,none,2,edge-2,51.658,5.658,4020.7383575567114,3180.8839358538276,12756,411.48387096774195,11.611251277908762
80712,none,2,edge-2,51.596,5.677999999999999,4021.7115849249,3173.913868235029,16347,527.3225806451613,11.271778902792267
80726,none,6,edge-6,59.928,10.878,4370.222532976413,4092.241382088517,16403,529.1290322580645,379.459190107098
80731,none,9,edge-9,40.54712138,21.75442368,5316.951029337308,2016.3228055327315,12013,387.51612903225805,302.05411365551583
80733,none,8,edge-8,44.534,18.678,5010.359592683648,2420.4018873407927,16586,535.0322580645161,292.26958086733475
80747,none,5,edge-5,50.218,14.322,4629.286855340708,3020.8442536280168,16393,528.8064516129032,272.0670529253282
80749,none,5,edge-5,53.746,9.97,4319.020475287243,3404.291282929755,16493,532.0322580645161,221.24099607803885
8077,none,9,edge-9,42.64456622,23.28233063,5407.292722077187,2267.1686385063954,16586,535.0322580645161,60.74431822322067
80777,none,2,edge-2,51.262,6.336,4065.368903004139,3134.300312169289,3433,110.74193548387096,55.22368210498659
80798,none,5,edge-5,52.112,10.58,4360.733382352997,3222.620181331694,76708,2474.451612903226,101.04640787718618
80834,none,2,edge-2,51.56207943,5.678897629999999,4021.5506231378727,3170.1417743497,16579,534.8064516129032,13.347491944008993
80837,none,11,edge-11,60.00800000000001,30.404000000000003,5443.752280514676,4264.023015523646,12094,390.1290322580645,588.2122415179786
80849,none,5,edge-5,50.6524793,10.6756022,4368.780402538705,3060.304187291317,16626,536.3225806451613,197.27535845382195
80851,none,2,edge-2,50.292,6.666,4083.492861047317,3025.3882966815486,16004,516.258064516129,161.37950083606015
80853,none,9,edge-9,43.434,28.338000000000005,5792.826178736662,2439.623606453303,14694,474.0,363.51774277812984
80863,none,3,edge-3,48.84560765,12.97846177,4539.613592575313,2863.5671067655035,14396,464.38709677419354,236.2673902655189
80869,none,12,edge-12,40.182,44.498,7159.112815523642,2562.7641124674346,20275,654.0322580645161,243.6121374621299
80877,none,2,edge-2,52.22099210999999,5.14212484,3989.298738990785,3245.6572073674247,11838,381.8709677419355,79.74280821990754
80892,none,2,edge-2,51.53,5.05,3977.799224226563,3169.3474640734894,16600,535.483870967742,55.01447434525913
80897,none,1,edge-1,52.95717121,-1.20375441,3571.4831645724457,3374.4815264624294,3599,116.09677419354838,119.02048937212791
80905,none,8,edge-8,46.54009038,24.57907408,5432.24081121467,2712.607510856513,16195,522.4193548387096,430.19900395626513
80907,none,10,edge-10,46.76465199999999,25.011459589999998,5459.847014059316,2743.7305921000752,13936,449.5483870967742,429.0239915312011
80911,none,2,edge-2,51.42,7.032,4114.605143399788,3149.662423670441,16792,541.6774193548387,87.37959778551159
80920,none,2,edge-2,52.2281764,5.1771655,3991.74036837033,3246.2960717720425,16618,536.0645161290323,79.00891854243584
80927,none,8,edge-8,44.538,18.532,4998.771656809361,2419.507608765394,16321,526.483870967742,293.06372200927393
80938,none,2,edge-2,51.38199999999999,7.074,4117.355097275232,3145.319701255847,16450,530.6451612903226,91.45907533782437
80941,none,7,edge-7,49.53882848,18.30192447,4920.528153489759,2970.1353650557785,12684,409.16129032258067,231.66140405225417
80945,none,5,edge-5,50.934,11.59,4432.765009625938,3092.6148798365402,33837,1091.516129032258,144.84200290744056
80950,none,8,edge-8,48.24958000000001,16.48791,4802.335107031106,2814.062464524801,2234,72.06451612903226,224.02437720973896
80970,none,7,edge-7,49.5898584,17.2723229,4845.922068713961,2967.901766129152,16599,535.4516129032259,254.93796442965615
80976,none,3,edge-3,49.466,11.002,4393.643386263173,2928.6210643944446,15873,512.0322580645161,113.97094378442219
80988,none,0,edge-0,39.386,-3.21,3182.722468795103,1909.7708875594685,15687,506.03225806451616,337.0510372498689
81005,none,8,edge-8,47.592,17.64,4894.825888985756,2749.480445318129,65104,2100.1290322580644,113.39701845950412
8101,none,5,edge-5,53.47,9.832,4309.842593119026,3373.5896034977995,16107,519.5806451612904,205.343855093838
81025,none,2,edge-2,50.292,6.666,4083.492861047317,3025.3882966815486,15919,513.516129032258,161.37950083606015
81041,none,8,edge-8,47.52001276,19.11981046,5006.333229770546,2754.122993602745,41610,1342.258064516129,41.790831091062174
81051,none,11,edge-11,59.22293656,39.93504719,5974.797310334902,4369.753318706327,15958,514.7741935483871,353.4116771763618
81053,none,11,edge-11,55.5864039,38.2050553,6047.574015236968,3954.2489874825797,15920,513.5483870967741,93.79669534889754
81125,none,2,edge-2,52.11403054,5.42348456,4007.7307149004705,3232.530913887439,10880,350.96774193548384,59.3916320093961
81130,none,8,edge-8,48.2121341,17.1564281,4852.155118454695,2814.5009681968872,2628,84.7741935483871,181.27159557605628
81134,none,3,edge-3,49.376,8.702,4226.725600231549,2918.9503837099714,16605,535.6451612903226,97.30632522336789
81155,none,2,edge-2,50.436,7.826,4166.563867908758,3038.294866082351,16613,535.9032258064516,194.17891291180007
81177,none,3,edge-3,48.27,14.2,4632.737752871782,2804.0345186586815,16489,531.9032258064516,333.9070589242918
81181,none,2,edge-2,51.408,7.132000000000001,4121.502657946453,3148.0503639595972,407,13.129032258064516,94.42690203836115
81206,none,9,edge-9,40.52121691,21.68610513,5311.61897762572,2012.5878736282993,16493,532.0322580645161,307.9565731548779
81224,none,8,edge-8,44.402,18.522,4999.608364582796,2404.4091435687774,16578,534.7741935483871,308.15355006283335
81225,none,5,edge-5,50.22355521,14.34489638,4630.88164888933,3021.5577507045573,16498,532.1935483870968,272.49768359912963
81232,none,11,edge-11,55.65200000000001,37.71,6016.249988226695,3949.1708261295676,59523,1920.0967741935483,77.66430924913612
81249,none,2,edge-2,52.218,5.196,3992.949170924852,3245.0808257025724,2049,66.09677419354838,77.34801777472335
81299,none,7,edge-7,53.17,18.16,4865.394796312359,3370.836331714647,15378,496.06451612903226,191.97934965179155
81337,none,3,edge-3,48.0,10.584,4364.603938340156,2765.329769746447,16467,531.1935483870968,111.91901818941234
81352,none,5,edge-5,52.184,13.422,4554.952980997945,3235.969922469458,38344,1236.9032258064517,93.9028558834343
81372,none,2,edge-2,52.206,5.294,3999.5439147412494,3243.310937337292,16567,534.4193548387096,72.64399548883733
81387,none,2,edge-2,50.744,7.114,4117.350162512316,3074.2792238736906,15281,492.93548387096774,134.5530084293482
81393,none,8,edge-8,47.056,15.444,4734.536829462897,2675.465388912533,233,7.516129032258065,270.06371878183796
81395,none,3,edge-3,49.02890077,8.45372137,4207.899404883623,2880.7132677956674,8083,260.741935483871,97.92258163446202
81397,none,3,edge-3,49.908,8.126,4186.3856717948365,2978.996894701142,11205,361.4516129032258,167.58089316496066
8140,none,2,edge-2,50.972,7.072000000000001,4115.396594062362,3099.7432520069406,16221,523.258064516129,114.55616835719579
81403,none,9,edge-9,42.66911518,23.28388363,5406.971056494593,2269.8783910472225,13662,440.7096774193548,60.616610126601465
81462,none,2,edge-2,52.5088589,5.4607577,4013.026239835147,3276.2320191384647,6866,221.48387096774192,99.7116045336224
81464,none,2,edge-2,52.490297,5.428069300000001,4010.681427126117,3274.308911416553,4376,141.16129032258064,98.30799533667232
81468,none,2,edge-2,52.3318185,5.5314821,4016.6032673116138,3256.266639104447,16609,535.7741935483871,79.43114888676705
81474,none,2,edge-2,52.5616145,5.6415188,4025.6263753044195,3281.343387164445,16621,536.1612903225806,103.18874741253943
81484,none,2,edge-2,52.3918222,5.2680741,3999.123821998853,3264.065360204178,14631,471.96774193548384,91.8237560369308
81486,none,2,edge-2,52.4914069,5.4572543,4012.667107151033,3274.3081185765905,16084,518.8387096774194,97.89436455258459
81492,none,2,edge-2,52.5173082,5.5122808,4016.575024259707,3276.953801653772,16634,536.5806451612904,99.80800040986558
81509,none,5,edge-5,52.412000000000006,13.554,4562.7268676268295,3261.7463838716412,14796,477.2903225806452,105.2123734205393
81511,none,3,edge-3,48.796,8.44,4206.3585397182105,2854.8465968039495,16651,537.1290322580645,97.12123917028785
81545,none,2,edge-2,50.618,7.346,4133.2083902413015,3059.6514519927446,15820,510.3225806451613,155.94724097566206
8160,none,5,edge-5,52.398,9.646,4296.903963001569,3254.344242211173,16609,535.7741935483871,165.3304226025249
81608,none,3,edge-3,48.122,11.576,4438.380363614707,2779.967955983656,15880,512.258064516129,156.43647688103553
81628,none,2,edge-2,51.10199999999999,6.514,4076.9312114840177,3115.909533936852,16573,534.6129032258065,76.88954242141257
81632,none,3,edge-3,47.49540871,8.71583551,4224.177069286416,2709.928154022521,14710,474.51612903225805,168.83244137139891
81641,none,1,edge-1,50.72196409335727,-1.9439281867145422,3481.8446475196733,3136.5086368696934,16710,539.0322580645161,140.44407458850088
81680,none,2,edge-2,52.209999999999994,5.148,3989.617526076779,3244.4096655600406,13992,451.35483870967744,78.51994002528798
81686,none,2,edge-2,50.96,6.888,4102.428419964431,3098.942778035691,16622,536.1935483870968,106.09724862914385
81704,none,2,edge-2,52.35199999999999,4.808,3967.5701013354505,3261.7775260356725,16612,535.8709677419355,105.44911177220588
81802,none,2,edge-2,52.49,5.448,4012.0300937846346,3274.191089027942,16609,535.7741935483871,97.90806330414154
81812,none,2,edge-2,51.848,5.768,4029.5609788260936,3201.546881158101,16652,537.1612903225806,23.32623960626721
81840,none,2,edge-2,52.1835226,4.5072262,3945.7216100856986,3244.5790096624582,16618,536.0645161290323,108.8196219169324
81865,none,0,edge-0,43.514,1.5,3633.602568713654,2306.247154319304,13499,435.4516129032258,267.46224336247946
81897,none,0,edge-0,43.506,1.5,3633.5081948068996,2305.364872602273,14833,478.48387096774195,266.89364201313396
81909,none,0,edge-0,43.514,1.5119999999999998,3634.5682983385627,2306.1372358437475,1051,33.903225806451616,268.2041215854097
81913,none,2,edge-2,50.698,7.164,4120.679586188192,3069.0275430509037,2216,71.48387096774194,140.72737650847716
81915,none,5,edge-5,52.3988482,13.06096925,4529.2796858458805,3258.7600298247826,16620,536.1290322580645,72.3501171152422
81925,none,2,edge-2,50.72127845,6.01125624,4039.4751754547897,3075.4085442232426,16442,530.3870967741935,103.21345729401592
81929,none,5,edge-5,50.62542075,13.105274260000002,4540.667679413675,3061.731815359255,2528,81.54838709677419,190.37830569014272
81931,none,0,edge-0,43.488,1.472,3631.041587837968,2303.636926506217,16305,525.9677419354839,263.88283816273974
81965,none,3,edge-3,48.73742825,9.319512120000002,4270.929894128519,2847.353102559908,14608,471.2258064516129,34.494524681976955
81970,none,2,edge-2,51.826,4.394,3934.9406598080814,3205.487661042561,12405,400.16129032258067,100.84862617593097
81997,none,2,edge-2,50.806,8.774,4234.581177978179,3077.88504450474,14842,478.7741935483871,226.063621679162
82006,none,8,edge-8,47.484,19.064,5002.6379214727895,2749.6299296835236,16476,531.483870967742,37.0816362345994
82025,none,1,edge-1,49.23305825,-2.09510136,3444.4658124605053,2974.522185964977,2,0.06451612903225806,306.5905761706194
82033,none,2,edge-2,52.18,4.512,3946.0174568333905,3244.1634020173788,16537,533.4516129032259,108.33204711782876
82035,none,7,edge-7,49.892,18.914,4959.797981388657,3014.353144661193,8018,258.64516129032256,185.41892278317667
82148,none,5,edge-5,50.48,12.11,4470.751540957734,3043.054460855289,16140,520.6451612903226,191.85696003099713
82171,none,3,edge-3,48.038,14.346,4645.03862897301,2778.913420370393,16562,534.258064516129,350.91545729031753
82192,none,5,edge-5,51.3302968,12.315567,4482.36014650908,3138.0454394224985,9784,315.61290322580646,98.94114173020463
82197,none,0,edge-0,43.62333439,1.43909097,3630.0010077556003,2318.865078050704,15983,515.5806451612904,271.78006069449356
82202,none,3,edge-3,48.73580749999999,9.3395592,4272.403326342213,2847.1595200058605,16485,531.7741935483871,33.18048084244517
82222,none,5,edge-5,52.35199999999999,10.912000000000003,4383.14072431802,3249.5562938608423,16555,534.0322580645161,79.32838248102054
82236,none,2,edge-2,52.74896379,6.87988329,4110.378429516635,3297.8596344181565,16531,533.258064516129,142.8745388880299
82239,none,5,edge-5,51.02692169,13.731282949999999,4582.649398035872,3108.4140088622894,16310,526.1290322580645,175.28222866751685
8229,none,3,edge-3,50.11796016,8.71338817,4228.977597547174,3001.4367988633344,15773,508.80645161290323,160.68119345282548
82305,none,3,edge-3,47.382,8.168,4182.577505635681,2698.2006491654,16613,535.9032258064516,201.1465740221516
82309,none,2,edge-2,51.93059351,4.48774874,3942.2622011233357,3216.604862391398,12626,407.2903225806452,97.61458725320111
82311,none,5,edge-5,51.33,12.316,4482.391351954647,3138.0133895861595,9633,310.741935483871,98.97916101495132
82315,none,1,edge-1,53.34092007,-1.26077235,3574.3712108710633,3417.334092782692,16735,539.8387096774194,157.8969897328903
82317,none,8,edge-8,47.4451713,18.90553415,4991.290008475991,2743.892769348325,16355,527.5806451612904,33.132718789596055
82319,none,8,edge-8,47.434886320000004,18.91612351,4992.215848494228,2742.8527097580445,14558,469.61290322580646,31.85304981330633
82321,none,8,edge-8,47.4356701,18.913275,4991.9924495107525,2742.913440333527,15179,489.64516129032256,31.980319337510437
82323,none,8,edge-8,47.44300659000001,18.89828682,4990.775530969943,2743.5879923911752,16231,523.5806451612904,33.01657953398267
82325,none,8,edge-8,47.42936808,18.91298532,4992.052366642207,2742.2146852870987,16233,523.6451612903226,31.298554488609266
82327,none,8,edge-8,47.43949885,18.91678333,4992.2054897047565,2743.368200740597,16230,523.5483870967741,32.34694046267737
82329,none,6,edge-6,67.57,33.402,5304.553705329133,5107.726488902898,6380,205.80645161290323,1141.6135054153965
82349,none,9,edge-9,42.666,23.35,5412.368661605507,2270.496056674122,16601,535.516129032258,55.18621279164239
82353,none,8,edge-8,47.43,18.92,4992.569375540555,2742.348154567619,16227,523.4516129032259,31.264567600383366
82355,none,8,edge-8,47.44106553,18.915302749999995,4992.074364919547,2743.5278222806296,7228,233.16129032258064,32.53896607759512
82375,none,7,edge-7,50.496,15.797999999999998,4731.928526264172,3058.9498921400286,16561,534.2258064516129,261.3803835201967
82381,none,2,edge-2,51.6124589,7.51070758,4148.6068955922665,3169.82074962237,16423,529.7741935483871,116.847946510329
82388,none,3,edge-3,47.42,9.31,4268.897800726598,2700.9531075691116,16067,518.2903225806451,161.7908303877879
82395,none,2,edge-2,51.78600000000001,4.662,3953.03189671145,3199.6619034102555,16568,534.4516129032259,81.86045461348144
82416,none,3,edge-3,47.782,10.617999999999999,4367.339488337231,2741.1257560859035,16607,535.7096774193549,134.12557604883267
82418,none,5,edge-5,53.73311308,10.26046872,4338.1919914691625,3402.887667436587,13131,423.5806451612903,208.31400586803008
82458,none,3,edge-3,48.86999999999999,11.074,4399.812340969132,2862.434308556713,16248,524.1290322580645,96.48273712906801
82474,none,2,edge-2,53.232,6.556,4091.102056881872,3352.54695383311,16080,518.7096774193549,183.92147727768085
82504,none,2,edge-2,51.48620415,7.05304458,4116.364212145948,3156.963778515235,16623,536.2258064516129,86.96527472531892
82510,none,2,edge-2,51.2545749,5.7316795,4023.209861363385,3135.7639828758984,2080,67.09677419354838,43.504130349627765
8253,none,3,edge-3,48.396,10.007999999999997,4321.592672242509,2809.1693428446647,16587,535.0645161290323,53.07428680523016
82543,none,10,edge-10,46.92937465,26.37052417,5557.225854162518,2783.539077869888,15506,500.19354838709677,350.6178198163424
82550,none,4,edge-4,45.6421471,13.7568341,4614.161230322334,2510.6800182974403,14522,468.4516129032258,298.61373437143294
82555,none,3,edge-3,48.186,11.554,4436.596208964436,2787.0448639154138,16618,536.0645161290323,151.4100305488718
82556,none,5,edge-5,51.90989499999999,15.500935,4699.135820342073,3214.248624678879,3961,127.7741935483871,238.9505754429174
82562,none,5,edge-5,51.208,10.468,4353.705440266753,3121.9869707751664,15758,508.3225806451613,155.63253813991471
82575,none,6,edge-6,65.87,13.210000000000003,4468.54761873302,4754.4285489586555,16603,535.5806451612904,702.6649920544853
82588,none,1,edge-1,55.94952591,-3.72413456,3469.091023012786,3731.170155433233,16508,532.516129032258,457.9263519417961
82621,none,1,edge-1,55.002,-1.592,3582.6329384079186,3603.5783925265737,16750,540.3225806451613,337.5062824095985
82666,none,5,edge-5,56.339563,9.246039,4274.335270031511,3693.137639399048,13350,430.64516129032256,495.0370239636298
82716,none,5,edge-5,52.53186509999999,13.29668392,4544.632771302935,3274.2489051411294,16076,518.5806451612904,92.47333591108905
82719,none,5,edge-5,52.388920199999994,13.094052199999998,4531.576362221397,3257.751337815213,6900,222.58064516129033,74.19963942751592
82743,none,2,edge-2,50.656000000000006,7.216,4124.174263215855,3064.2174057961834,16317,526.3548387096774,146.6650312250292
82746,none,5,edge-5,50.004,14.356,4633.105274461131,2997.221321451758,11155,359.83870967741933,293.22354308536325
82753,none,9,edge-9,43.27013855,27.93838828,5765.518324026617,2414.063770668271,16446,530.516129032258,327.88752750940347
82784,none,11,edge-11,55.762,37.779999999999994,6015.519826874325,3962.266412247085,7868,253.80645161290323,66.23709665966561
8280,none,9,edge-9,42.646,23.380000000000003,5415.1586613671425,2268.7436556695375,16303,525.9032258064516,52.72272425335617
82807,none,8,edge-8,44.81600000000001,20.484,5148.685510688998,2469.835765873242,16583,534.9354838709677,283.5772766658365
82814,none,2,edge-2,50.88612758000001,4.7002955,3948.4294562101454,3099.5762394158323,16045,517.5806451612904,114.90078537313084
82858,none,3,edge-3,47.774,9.62,4292.50178688764,2740.1164120170242,105,3.3870967741935485,119.40555777329517
8286,none,9,edge-9,43.41599999999999,24.598,5497.920800221566,2371.39633748808,16375,528.2258064516129,97.92810041996945
82866,none,4,edge-4,44.51800000000001,10.2,4336.932677687793,2378.590582028213,13519,436.0967741935484,44.49967170067086
82870,none,8,edge-8,47.124,15.586,4744.7501496886625,2683.804550849504,16043,517.516129032258,258.89279065505224
82887,none,1,edge-1,51.257999999999996,-2.2,3473.906797613541,3198.418966538237,3034,97.87096774193549,83.01591710341356
82899,none,9,edge-9,42.20898227,20.739135149999996,5207.500558148669,2186.016816746625,14952,482.3225806451613,275.45745624120025
829,none,5,edge-5,52.558,13.188,4537.13759144092,3276.8261069170167,16303,525.9032258064516,86.97909648977834
82927,none,12,edge-12,40.224,44.492,7156.7607510701755,2566.8328401262675,15771,508.741935483871,238.9744700966399
8294,none,9,edge-9,41.506,24.938,5563.924674293586,2168.3914724317137,16260,524.516129032258,146.69892722317186
82943,none,1,edge-1,51.5529589,-0.07716223,3624.6118945683806,3208.446141893312,16574,534.6451612903226,135.4704333676011
82949,none,7,edge-7,50.236,18.876,4952.523922454619,3052.0509206223546,1839,59.32258064516129,147.56689272249395
82953,none,12,edge-12,40.196,44.559999999999995,7163.163385150478,2566.5626982997633,10783,347.83870967741933,243.297188026896
82986,none,5,edge-5,53.546,9.91,4315.0334354016795,3382.0378914865546,16236,523.741935483871,207.4653228208642
83029,none,3,edge-3,47.66961510000001,8.6343794,4218.382954092132,2729.3913163894126,15102,487.16129032258067,155.01916860574195
83031,none,9,edge-9,35.234,23.636,5567.981967865045,1463.9441589157861,16446,530.516129032258,820.7817178972399
83037,none,0,edge-0,43.592,1.4580000000000002,3631.1478368004446,2315.2351791497395,16624,536.258064516129,270.5696962032563
83047,none,5,edge-5,55.73773931,13.17708939,4520.612518890152,3630.337865031893,16614,535.9354838709677,400.1280751379716
83079,none,2,edge-2,51.1959089,4.46025216,3934.1866669848673,3135.206165542521,9966,321.48387096774195,106.97326431027504
83100,none,2,edge-2,51.78399999999999,4.66,3952.878031073021,3199.4499747250647,15927,513.7741935483871,81.95422398488768
83104,none,3,edge-3,48.134,11.63,4442.372862685083,2781.3886167499027,15211,490.6774193548387,159.19674406580805
83116,none,12,edge-12,40.206,44.498,7158.0278356859935,2565.219794230297,16534,533.3548387096774,241.02515609039628
83122,none,3,edge-3,47.23800000000001,9.006,4245.681068230112,2680.9962940717814,16630,536.4516129032259,187.1479456835481
83130,none,12,edge-12,41.64,41.626,6878.590766398899,2608.667259706507,16553,533.9677419354839,190.62666095754574
83132,none,12,edge-12,40.15218581,44.47906941,7159.028701138629,2558.991416396518,16538,533.483870967742,246.49233778028722
83134,none,7,edge-7,54.27348407,18.58851879,4879.107881348064,3496.1880350771216,31947,1030.5483870967741,305.45175959983703
83140,none,7,edge-7,54.208,19.128,4914.888014738652,3493.2486684811834,14966,482.7741935483871,295.99595522547673
83152,none,6,edge-6,58.501999999999995,8.624,4240.641626748733,3934.1951709715686,10593,341.7096774193548,538.2263105843849
8318,none,3,edge-3,48.926,8.964,4245.061764444702,2868.619603009191,12717,410.2258064516129,59.11204833029412
83183,none,7,edge-7,49.898,16.45,4783.788632969342,2996.515101196438,13451,433.9032258064516,263.8612672677414
83185,none,3,edge-3,48.768,11.527999999999999,4433.353423706072,2851.685157383444,16603,535.5806451612904,130.17061898055206
83191,none,7,edge-7,49.924,22.08,5184.051026042806,3050.324202634954,39152,1262.967741935484,275.735234784501
83195,none,3,edge-3,49.282,11.402,4423.022786671794,2908.6385651230894,2022,65.2258064516129,129.51288550468723
8320,none,9,edge-9,42.13,24.746,5535.702017093632,2233.334428464339,15997,516.0322580645161,82.23371917588399
83213,none,5,edge-5,55.61026363,12.09981233,4453.38140145688,3613.6771488811514,16542,533.6129032258065,379.08846529429707
83227,none,4,edge-4,45.49951571,13.5934085,4602.1497234144235,2494.23567708456,16284,525.2903225806451,282.5375808741701
83236,none,1,edge-1,51.828,-3.098,3423.62231623715,3271.788968042123,16730,539.6774193548387,82.92083000746678
83242,none,3,edge-3,47.848000000000006,9.0,4246.115067116631,2748.772525676873,13094,422.38709677419354,124.24131611087658
83246,none,8,edge-8,46.75399999999999,17.714,4909.7281949814715,2657.366905903645,9216,297.2903225806452,107.5514668946637
83248,none,2,edge-2,51.038,7.052,4114.287414249965,3107.136930957454,16549,533.8387096774194,108.7735739121832
83262,none,2,edge-2,51.69246575,5.1250121,3984.1965335223636,3187.0393776741607,15947,514.4193548387096,48.655668017028106
83287,none,8,edge-8,48.87683967,15.1363197,4697.526573570828,2875.7524050504126,16219,523.1935483870968,345.49030036785854
83305,none,2,edge-2,53.1568911,6.3794417,4078.906457359537,3344.771288466704,16223,523.3225806451613,172.88021289668993
83308,none,3,edge-3,48.584,13.46,4576.265531938059,2836.0554738639516,16172,521.6774193548387,273.84064844786406
83310,none,2,edge-2,51.6166626,5.5281664,4011.4913456038284,3176.8342881098006,16620,536.1290322580645,20.63594856730365
8334,none,9,edge-9,43.004,23.052,5382.225653414006,2303.230917556152,16563,534.2903225806451,88.28605217125175
83422,none,12,edge-12,45.04912906,39.01164919,6544.66465188829,2878.8283456470863,16601,535.516129032258,477.60282030081004
83424,none,3,edge-3,49.044,8.686,4224.916263880367,2882.0618327420093,16518,532.8387096774194,81.78524165502289
83476,none,0,edge-0,39.40565459999999,-3.1327884,3189.6403066014473,1910.764359088159,16570,534.516129032258,331.6570310262213
83478,none,5,edge-5,50.89947135999999,12.074712220000002,4466.935599276285,3089.6284048473835,3305,106.61290322580645,145.15703376700623
83488,none,3,edge-3,49.994,8.184,4190.784604725337,2988.454244338414,16620,536.1290322580645,171.55757645088644
83492,none,5,edge-5,56.12,12.302,4464.258059958688,3670.7581678069955,559,18.032258064516128,436.10345869166923
83496,none,12,edge-12,40.794,43.836,7081.703552089884,2600.547243444504,16099,519.3225806451613,169.25035504382674
83514,none,5,edge-5,53.262,10.424,4349.295771082143,3350.512603011297,615,19.838709677419356,160.97015574019645
83523,none,2,edge-2,51.2389611,8.6561054,4227.15251598413,3126.1896086453153,46885,1512.4193548387098,201.93587828808643
83548,none,2,edge-2,51.2892887,4.0705856,3907.8841039826743,3147.7016015670724,16619,536.0967741935484,127.91445939656435
83551,none,8,edge-8,47.082,15.524,4740.393012068195,2678.7967608339336,16618,536.0645161290323,263.8173293397247
83557,none,5,edge-5,55.74,13.276,4526.810265128613,3630.867810274723,16372,528.1290322580645,401.62013252434866
83559,none,3,edge-3,47.882,7.718,4150.251129288021,2754.6796722388913,10265,331.1290322580645,185.30871970088097
83563,none,5,edge-5,52.5,13.482,4557.36351396163,3271.2922361159217,16659,537.3870967741935,103.0338537852818
83617,none,5,edge-5,53.1550716,8.7111087,4234.7767490865035,3339.296133089901,14558,469.61290322580646,249.3012384748912
83631,none,2,edge-2,52.134,5.426,4008.042414851012,3234.7383718950805,14988,483.48387096774195,61.28898330455055
83633,none,2,edge-2,53.084,6.696,4099.683379445597,3335.6575604348104,16424,529.8064516129032,171.21673923550946
83656,none,2,edge-2,52.26624225,5.17983913,3992.203717346689,3250.511732600474,14232,459.0967741935484,82.43691596219698
8366,none,9,edge-9,42.502,24.188,5483.163626709226,2265.134408375124,15728,507.35483870967744,20.986096576526883
83666,none,9,edge-9,43.2347286,27.89046212,5762.6159815131,2409.2985460069503,16493,532.0322580645161,323.2897975545671
83697,none,7,edge-7,54.53,18.484,4868.947946513303,3523.7595804785524,15962,514.9032258064516,334.6697170333423
83701,none,0,edge-0,38.63330816,-9.09967571,2666.654742155193,1936.29686550861,2159,69.64516129032258,776.8654975601104
83718,none,7,edge-7,52.234,21.288,5088.623497047725,3295.712032126262,14638,472.19354838709677,166.8460333874688
83731,none,2,edge-2,52.26652016,5.17966688,3992.1940404849097,3250.543376385575,14611,471.3225806451613,82.46929335165795
83733,none,3,edge-3,49.96800000000001,8.338,4201.760160690699,2985.301612808057,12482,402.64516129032256,162.09412251765696
83752,none,2,edge-2,52.058,5.297999999999999,3998.7517308811925,3226.8545155659835,16228,523.483870967742,58.8411234349137
83758,none,11,edge-11,56.724628,36.96188629,5927.794234658103,4043.4255453763976,23700,764.516129032258,56.40844833816556
83762,none,3,edge-3,49.593999999999994,8.734,4229.460308457075,2943.1480168535777,13407,432.48387096774195,111.99260946045578
83798,none,7,edge-7,52.37326945,16.90001999,4790.120073370383,3273.7918058081073,11741,378.741935483871,178.27267693056606
83830,none,7,edge-7,50.06915952999999,15.74938148,4732.173031281311,3011.32348958724,16628,536.3870967741935,289.6192254389638
83832,none,5,edge-5,50.1016627,14.448896400000002,4639.101480739009,3008.4660550578683,39402,1271.032258064516,287.86399277447566
83836,none,12,edge-12,40.83,43.828,7079.493181173004,2603.943163788217,5803,187.19354838709677,165.2218883980547
83843,none,7,edge-7,52.336,21.182,5079.736950065748,3305.8339085416324,16111,519.7096774193549,165.95235560093963
83845,none,5,edge-5,52.27402606,10.46952009,4353.048448139422,3240.5940689356944,16559,534.1612903225806,108.1732561108669
83847,none,5,edge-5,56.58961272,9.63181078,4298.358604990264,3720.7703968267547,16372,528.1290322580645,512.6095298525222
83890,none,4,edge-4,45.705005,11.500880699999998,4438.032990885851,2511.443148149587,13714,442.38709677419354,140.86920543635597
83894,none,2,edge-2,51.902,6.373999999999999,4071.549330098839,3205.3000336573928,16333,526.8709677419355,47.796509184146444
83910,none,4,edge-4,45.7149344,11.3367376,4425.216465511719,2512.3013384433752,16496,532.1290322580645,131.77559138012737
83912,none,4,edge-4,45.44207012,11.586555,4445.306488908402,2482.40568983198,3940,127.09677419354838,130.97404408777322
83924,none,5,edge-5,52.29492745,10.53761333,4357.679025179436,3242.9518888369475,16627,536.3548387096774,103.71163624139444
83941,none,6,edge-6,68.38599999999998,23.634,4883.236341960418,5084.910339345695,7859,253.51612903225808,983.8081929582335
8398,none,5,edge-5,54.50399999999999,9.588,4294.30270493006,3488.71985806022,16166,521.483870967742,303.89283959927764
84000,none,3,edge-3,49.033368,8.6813587,4224.556153103445,2880.8859919264414,15690,506.1290322580645,81.80880136914158
84020,none,3,edge-3,49.084,13.694,4590.784116080812,2892.421527753272,39719,1281.258064516129,289.3282047992396
84022,none,3,edge-3,48.636,9.492,4283.545207364225,2835.975825643784,16624,536.258064516129,30.414682176809606
84026,none,9,edge-9,45.66,25.582,5527.000227477057,2632.1402359771637,16212,522.9677419354839,358.7114685872457
84030,none,9,edge-9,44.40106191,25.98359084,5585.89024203763,2501.5355866450645,16043,517.516129032258,252.76859173646125
84032,none,8,edge-8,46.55599999999999,24.569999999999997,5431.226800056181,2714.211393226603,2970,95.80645161290323,429.1881930729313
84037,none,7,edge-7,51.12907734,17.03566164,4812.644468093408,3136.7871432690945,19394,625.6129032258065,153.07355572234025
84043,none,5,edge-5,52.54,13.416,4552.6771788131555,3275.526670244257,15711,506.80645161290323,100.31658578838585
84049,none,2,edge-2,51.68399999999999,7.862,4173.159538299935,3177.0063708553953,2754,88.83870967741936,141.0948894210219
84051,none,7,edge-7,50.136,19.04,4965.4784190006685,3042.42543075858,15337,494.741935483871,157.7494790076489
84055,none,2,edge-2,51.504,7.122,4121.227442698655,3158.7514106861745,16632,536.516129032258,91.28634128116495
84083,none,2,edge-2,52.212,6.9,4109.17808958292,3238.09747090916,14332,462.3225806451613,97.54239853560343
84096,none,5,edge-5,52.37799003,13.0912292,4531.436223822111,3256.5278736748146,13229,426.741935483871,73.69431169683614
84122,none,7,edge-7,51.106,17.084,4816.257512025331,3134.5563024705525,14654,472.7096774193548,150.73560570362093
84134,none,3,edge-3,48.687999999999995,9.708,4299.49313440611,2841.6698855973214,15960,514.8387096774194,17.786728844737276
84143,none,2,edge-2,50.772,7.7299999999999995,4160.895704032953,3075.861788962384,77719,2507.064516129032,164.62338667522346
84145,none,3,edge-3,48.988,12.04,4470.327432851042,2877.046705521353,16613,535.9032258064516,167.90755631761118
84147,none,2,edge-2,50.434,7.398,4136.1653848004225,3039.063251463993,16554,534.0,173.89109936371625
84154,none,8,edge-8,47.9926535,16.8705723,4833.219112719455,2788.1769028718145,16554,534.0,184.98666210021668
84169,none,3,edge-3,50.146,8.794,4234.793272226492,3004.4571208375864,1249,40.29032258064516,160.79843609844391
84224,none,1,edge-1,51.208,0.304,3645.698532104698,3166.7793279278344,16623,536.2258064516129,176.18717135617123
84228,none,3,edge-3,49.5082684,11.72850072,4446.19595857974,2934.2980336303285,16473,531.3870967741935,161.43010910557197
84245,none,8,edge-8,44.552,18.1,4964.451929059338,2417.2337669536137,16599,535.4516129032259,297.70203043306316
84255,none,8,edge-8,44.692,18.998,5033.643051891408,2440.8356170141833,16297,525.7096774193549,273.54893703919714
84267,none,5,edge-5,51.098,13.715999999999998,4581.179006191233,3116.258193663833,16541,533.5806451612904,168.66916611005638
84271,none,7,edge-7,50.03177606,19.56693256,5004.296316728938,3035.684308394002,19967,644.0967741935484,172.0031889894769
84283,none,7,edge-7,52.6,21.45,5093.1185856707825,3337.7311935046823,9969,321.5806451612903,197.29482133701066
84289,none,7,edge-7,50.29399999999999,18.66,4936.486316457345,3056.6251286475376,11933,384.93548387096774,143.85637801939117
84310,none,3,edge-3,49.036,11.472,4428.652953456795,2881.3910895761,38190,1231.9354838709678,127.24426281605183
84316,none,2,edge-2,52.236,5.164,3990.901033291018,3247.22459534653,3884,125.29032258064517,80.23618634299714
84318,none,5,edge-5,51.654,14.238,4614.105022558854,3180.0166459853103,16626,536.3225806451613,162.51040697083076
84320,none,12,edge-12,40.20321462,44.51556891,7159.480983313923,2565.60480170653,16369,528.0322580645161,241.65452504004205
84348,none,5,edge-5,52.49634569,13.43316257,4554.070498824094,3270.728447056446,6475,208.8709677419355,99.75758156294286
84374,none,5,edge-5,52.206,14.63,4637.27285690728,3242.9781521033665,16632,536.516129032258,176.40960041275193
84378,none,2,edge-2,51.02101425,5.25574243,3988.377930202834,3111.8741889887633,3730,120.3225806451613,79.55461567030845
84380,none,5,edge-5,52.514,13.468,4556.339398745263,3272.8031843708827,16519,532.8709677419355,102.62910250260671
84382,none,2,edge-2,51.834,5.819999999999999,4033.0481307156138,3199.784772228024,16568,534.4516129032259,21.450942510628952
84413,none,5,edge-5,53.106,8.778,4239.158326846032,3333.7586897586866,12639,407.7096774193548,243.0211080618478
84415,none,7,edge-7,51.52085247,17.22384638,4821.453867362457,3181.4779679255003,4831,155.83870967741936,132.02724511431964
84422,none,5,edge-5,54.77600000000001,9.434,4284.565640111855,3519.0551941679305,32056,1034.0645161290322,334.704242039123
84434,none,3,edge-3,48.80146695,9.47925475,4282.732702839408,2854.3762433917336,16601,535.516129032258,21.17369120914114
84483,none,7,edge-7,51.284,22.59,5194.3712994389425,3205.877868382794,8060,260.0,242.22315680403315
84492,none,9,edge-9,40.778,21.4,5283.658755683931,2037.043336375415,16389,528.6774193548387,303.1488230121209
84496,none,7,edge-7,51.206,17.408,4837.70003660046,3147.8797147234595,8210,264.83870967741933,125.67297566317829
84501,none,8,edge-8,44.21,17.906,4952.899841728582,2377.819113865937,8834,284.96774193548384,338.321983724382
84505,none,2,edge-2,51.62177106,5.50417989,4009.868550720213,3177.5037615263086,15660,505.16129032258067,22.21890800690233
8451,none,5,edge-5,50.98,13.892,4594.1835852534805,3103.7877736441837,16167,521.516129032258,186.68512250511407
84514,none,7,edge-7,49.97998699,18.419485690000002,4923.4379809425545,3019.897226776513,7862,253.61290322580646,182.01183859731054
84522,none,7,edge-7,50.066,20.008,5035.066015813177,3043.6680059144414,37976,1225.032258064516,176.58485876853672
84524,none,8,edge-8,44.53799999999999,18.668,5009.520563805211,2420.7510286056668,8476,273.4193548387097,291.8978793574427
84528,none,2,edge-2,51.152,6.196,4054.977047962459,3122.575734297801,16626,536.3225806451613,60.30033573984263
84585,none,2,edge-2,51.578301700000004,5.4552222,4006.184816122271,3172.885154538596,5280,170.32258064516128,26.458100690221123
84592,none,7,edge-7,50.81199999999999,16.038,4746.020801388255,3095.3757484294747,10248,330.5806451612903,231.05884800425963
84596,none,9,edge-9,43.23298239,27.96854822,5768.813836407021,2410.618312021147,14265,460.16129032258067,329.49420485452487
84607,none,3,edge-3,47.986,7.908,4164.781501794411,2765.81270004051,13280,428.38709677419354,167.03509668878982
84615,none,7,edge-7,51.204,22.58,5195.207025613892,3196.9686470618253,14128,455.741935483871,242.99240707192394
84617,none,7,edge-7,51.126,16.944,4806.294003839205,3135.8332747149634,16186,522.1290322580645,159.26540566815663
84631,none,7,edge-7,52.06433926,21.01494649,5073.075663949288,3274.1689096859595,14257,459.9032258064516,141.9922968777166
84636,none,4,edge-4,45.54028843999999,6.20805323,4024.5514365402096,2499.5255383875397,16748,540.258064516129,313.9854840827826
84639,none,2,edge-2,51.92399999999999,5.712,4026.207103929333,3210.215990441575,16624,536.258064516129,32.395056139092084
84656,none,2,edge-2,52.13,5.428,4008.151060881746,3234.285446647144,15369,495.7741935483871,60.829772805621786
84663,none,6,edge-6,59.208,18.22,4790.360969188235,4039.077517750885,16149,520.9354838709677,82.20687308410315
84665,none,12,edge-12,40.20070845,44.54700948,7161.969116825508,2566.548260972391,16102,519.4193548387096,242.5332829074642
84667,none,9,edge-9,42.51800000000001,23.712,5444.373782884508,2259.64077361077,16546,533.741935483871,29.4264124744563
84671,none,9,edge-9,42.716,23.624,5433.557608264949,2279.9895555039566,16523,533.0,33.4494426249802
84673,none,9,edge-9,42.256,23.284,5414.487709776754,2224.6631398396244,16056,517.9354838709677,75.17800344478619
84675,none,9,edge-9,42.67600000000001,23.402,5416.384726422175,2272.347815954135,16563,534.2903225806451,50.959692453301216
84683,none,8,edge-8,44.124,18.116,4970.586962535185,2370.1234244351745,16478,531.5483870967741,343.8713131915643
84692,none,5,edge-5,50.97954719,11.032628419999998,4393.518675103935,3096.9791028341324,13810,445.48387096774195,153.36075768535147
84694,none,5,edge-5,50.99659218,9.86410528,4311.459629598888,3098.3722851497387,3576,115.35483870967742,202.3761850286724
84696,none,12,edge-12,40.204,44.53199999999999,7160.6865337108375,2566.312057993854,16570,534.516129032258,241.88560054362216
84710,none,9,edge-9,42.648,23.274,5406.55696906449,2267.4240488468718,10881,351.0,61.420822734974585
84712,none,8,edge-8,44.534,18.684,5010.833774807463,2420.4572625542905,16587,535.0645161290323,292.2281099288897
84714,none,9,edge-9,42.658,23.248,5404.274085354282,2268.1432680748276,16600,535.483870967742,63.54667500448002
84718,none,5,edge-5,52.50766455000001,14.53997227,4629.0315428167805,3276.1024293462165,7928,255.74193548387098,173.00768276006838
84724,none,7,edge-7,52.322,16.918,4791.881944420903,3268.2249355167496,15876,512.1290322580645,174.40806763115492
84734,none,8,edge-8,48.082,17.26,4861.198337344881,2800.8450242194317,8114,261.741935483871,166.2298122632813
84758,none,7,edge-7,52.476,16.656,4772.535048398469,3283.6365565463916,7872,253.93548387096774,198.3661647945941
84767,none,3,edge-3,49.824,10.994,4392.5328354289395,2968.4211120645496,16616,536.0,141.11726667960386
8477,none,9,edge-9,42.854,23.222,5398.615039968595,2289.227509648163,15983,515.5806451612904,69.19689266185789
84770,none,7,edge-7,51.082,17.008,4811.2175613709705,3131.384212999887,4017,129.58064516129033,156.65256407235134
84777,none,9,edge-9,42.68302534000001,23.28576922,5406.869901998407,2271.428371591796,16565,534.3548387096774,60.51643618363935
84779,none,7,edge-7,50.866,20.62,5065.638344215713,3138.0226181288936,2524,81.41935483870968,129.05657005750052
84785,none,9,edge-9,41.57651097,24.70461486,5543.385939976726,2172.2641391525476,16560,534.1935483870968,130.85170550857967
84789,none,7,edge-7,50.78799999999999,20.62,5066.886378249038,3129.4220103775833,4041,130.3548387096774,134.4385018439393
84795,none,8,edge-8,49.196,16.58,4799.9620109536745,2919.5372222633678,9434,304.3225806451613,289.272671483216
84799,none,7,edge-7,51.828631810000005,19.4327867,4969.199718534891,3232.9420080278505,15945,514.3548387096774,37.396857470684616
84809,none,7,edge-7,53.126,18.008,4855.846713905114,3364.8353949062243,37952,1224.258064516129,191.2759854423941
84813,none,3,edge-3,48.73755748,9.227314,4264.146398176956,2847.434331067405,15713,506.8709677419355,40.91922346343111
84815,none,2,edge-2,53.19,5.562,4024.5460587080556,3351.483377341536,12367,398.93548387096774,173.2907481610464
8483,none,9,edge-9,42.668,23.312,5409.262642229077,2270.1634086839085,16394,528.8387096774194,58.3077900812197
84835,none,9,edge-9,42.636,23.198,5400.631650946021,2265.0146788872116,10814,348.83870967741933,67.6957359114949
84842,none,5,edge-5,54.79174379,9.44235742,4285.1174184137735,3520.802944202204,31673,1021.7096774193549,335.90117449918597
84848,none,12,edge-12,40.21383845,44.46604997,7155.259770001933,2564.8043749221465,16562,534.258064516129,239.60008019283146
84850,none,3,edge-3,49.576,11.024,4395.07050485054,2940.8739574824563,8026,258.9032258064516,122.90105446269676
84855,none,9,edge-9,42.66799999999999,23.356000000000005,5412.8166592060115,2270.8021959924076,14986,483.4193548387097,54.6991261943527
84861,none,9,edge-9,42.644,23.274,5406.6297677330485,2266.986178706944,16581,534.8709677419355,61.42968519941398
84865,none,9,edge-9,41.64999999999999,25.368,5596.156913646159,2191.2794937076346,16361,527.7741935483871,155.8638576376401
84869,none,9,edge-9,42.66112265,23.27060401,5406.043733664037,2268.8114799371015,16343,527.1935483870968,61.692978046332655
84872,none,9,edge-9,42.632,23.582,5431.7349764232995,2270.1775655240317,37846,1220.8387096774193,36.20473954896354
84878,none,3,edge-3,47.754,8.84,4233.975222406574,2738.503200671893,10224,329.80645161290323,139.08192210260935
84880,none,7,edge-7,51.397999999999996,21.153999999999996,5093.786027123454,3202.2089456424815,6285,202.74193548387098,141.58068853634597
84884,none,3,edge-3,49.188,8.122,4184.084464963928,2898.9617362357603,378,12.193548387096774,125.81241062278222
84890,none,2,edge-2,52.221999999999994,5.16,3990.524664438163,3245.687867152755,16614,535.9354838709677,79.1181060708029
84904,none,2,edge-2,52.096,5.214,3993.282501154622,3231.449834794329,16493,532.0322580645161,65.75333710717042
84914,none,4,edge-4,43.832,5.974,3996.583600161639,2311.22154345341,16611,535.8387096774194,350.41530631963167
84918,none,2,edge-2,51.736,5.318,3997.8186778127683,3191.0012476215998,4050,130.6451612903226,36.51203533652125
84922,none,9,edge-9,43.56800404,27.82427877,5749.196749617619,2444.175760522945,16244,524.0,327.26577120969563
84924,none,2,edge-2,52.218,5.18,3991.8584213850145,3245.1530283605575,16221,523.258064516129,77.96724100841922
84928,none,7,edge-7,50.64,19.242,4972.803160130901,3099.9116294583246,6367,205.38709677419354,101.80647371559259
84942,none,9,edge-9,42.00217599,21.498149340000005,5272.862641255664,2172.573318481147,16541,533.5806451612904,221.1258172670851
84944,none,5,edge-5,53.65,9.787999999999998,4306.979715057519,3393.6281543173295,16598,535.4193548387096,221.3804538690603
84947,none,2,edge-2,51.692,5.196000000000001,3989.0892888116473,3186.6622774548123,16581,534.8709677419355,43.777039957698335
84955,none,5,edge-5,50.76612143,15.33716404,4697.165276186309,3086.4476542736534,15903,513.0,278.7739246837059
84959,none,3,edge-3,48.062,11.662,4444.930590321397,2773.4415417905698,14941,481.96774193548384,165.40320172192435
84964,none,8,edge-8,44.957454799999994,20.2144311,5125.5198059492195,2482.4628904232336,16562,534.258064516129,261.1289203384581
84967,none,5,edge-5,51.348,12.358000000000002,4485.252534788854,3140.1087145921188,14874,479.80645161290323,97.60370119990188
84969,none,3,edge-3,50.01768504,8.6842388,4226.695369109787,2990.3227923911777,3958,127.6774193548387,152.0568484527173
84975,none,7,edge-7,50.3101186,19.28430756,4980.368254011119,3063.840868508876,16119,519.9677419354839,138.66186633179223
84979,none,3,edge-3,49.55724886,8.66794467,4224.611743901153,2939.146213995245,8121,261.96774193548384,112.36316472459615
84985,none,7,edge-7,50.018,20.014,5036.209394941058,3038.4290729618606,11518,371.5483870967742,181.7537132059795
84990,none,5,edge-5,53.836,10.476,4352.341479114288,3414.40938190145,8764,282.7096774193548,210.0644222427153
84994,none,8,edge-8,44.83,20.46,5146.598609889889,2471.111141858153,11121,358.741935483871,281.408742206656
84995,none,8,edge-8,47.66,18.912,4988.988755331589,2767.682660020506,76775,2476.6129032258063,56.653793127651184
85000,none,2,edge-2,51.608,7.952000000000001,4179.143930672178,3168.374847416884,16618,536.0645161290323,147.41113035443755
85003,none,9,edge-9,43.89445134,20.35736606,5152.136208219743,2366.9921158441502,38007,1226.032258064516,327.0406036538652
85008,none,9,edge-9,42.69937596,23.15583229,5396.078834428513,2271.3485330482963,16581,534.8709677419355,71.25292211722683
8501,none,3,edge-3,48.484,10.024,4322.774908922189,2818.951039366164,8534,275.2903225806452,44.515872526358166
85014,none,9,edge-9,42.117052,24.638504,5527.232519582598,2230.190322039244,16431,530.0322580645161,77.22522253379613
85016,none,7,edge-7,50.216,20.511999999999997,5068.390212232466,3065.244443623273,15420,497.4193548387097,177.62189440148083
85021,none,7,edge-7,54.25926656,20.81258208,5022.749441462981,3514.01423199483,16073,518.483870967742,322.2086559470611
85023,none,0,edge-0,43.126,-2.538,3303.22371406593,2309.4758469316666,16209,522.8709677419355,186.63882706360732
85039,none,7,edge-7,54.587999999999994,18.456,4866.38072196391,3529.963057951646,7841,252.93548387096774,341.31819736293517
85053,none,4,edge-4,46.706,12.34,4500.08410750335,2624.2224607436924,39956,1288.9032258064517,264.66910978306026
85055,none,8,edge-8,48.3,16.352,4791.8108450374875,2818.772501070477,16526,533.0967741935484,235.54112854109007
85066,none,5,edge-5,52.588,13.224,4539.427719681786,3280.2691410707457,16537,533.4516129032259,90.67102847991063
85080,none,7,edge-7,53.14395823,18.00986409,4855.748419871361,3366.8370853610418,15738,507.6774193548387,193.0567189797188
85082,none,2,edge-2,50.762,7.177999999999999,4121.940336103973,3076.104219239241,16586,535.0322580645161,136.13200995421894
85084,none,3,edge-3,48.49767745,9.10360158,4254.727189752062,2820.873666230799,2624,84.64516129032258,61.83481359628366
85086,none,8,edge-8,48.22712,16.3889093,4795.222021134053,2810.932895921809,16620,536.1290322580645,229.02622670058986
85113,none,5,edge-5,51.556,9.945999999999998,4317.254813240599,3160.6004709618073,9257,298.61290322580646,161.7574162637863
85119,none,3,edge-3,47.654,10.494,4358.134071550279,2726.8332354767745,16588,535.0967741935484,143.0785140135416
85124,none,2,edge-2,52.14347810000001,6.1805526,4059.664935172257,3232.8170114989866,15061,485.83870967741933,61.05252882521747
85126,none,9,edge-9,43.60317772,26.50815099,5644.9697024960615,2423.75016539462,16530,533.2258064516129,229.74799818697647
85130,none,8,edge-8,49.31,20.046,5049.064620638343,2960.61347413767,7974,257.2258064516129,252.47792224371193
85157,none,2,edge-2,50.698,7.196,4122.938619717473,3068.9404809555404,16240,523.8709677419355,142.22756806355304
85159,none,5,edge-5,50.718,10.6,4363.374478731361,3067.5457888268766,32500,1048.3870967741937,193.57585573050713
85163,none,3,edge-3,48.526,9.158,4258.783902879227,2823.974344763608,16421,529.7096774193549,56.72924430587032
85166,none,5,edge-5,52.1,10.228,4336.623678807803,3221.151260438006,16618,536.0645161290323,125.16729684732736
85168,none,8,edge-8,44.69185345,18.99412468,5033.339672756177,2440.7824746060483,16172,521.6774193548387,273.5668491338507
85174,none,5,edge-5,51.3237089,12.286455799999999,4480.355170321435,3137.2489170684075,32505,1048.5483870967741,99.31016860708766
85189,none,3,edge-3,49.132,8.922,4242.3123318606295,2891.564688667089,16623,536.2258064516129,69.20498018098115
85193,none,3,edge-3,48.96479037,9.14402604,4258.305953036885,2872.762464343924,16479,531.5806451612904,47.13057745249062
85195,none,9,edge-9,42.698303,23.341679,5411.1054006370405,2273.9109284025144,16319,526.4193548387096,56.054969752462085
85197,none,9,edge-9,42.69799999999999,23.346,5411.45978109249,2273.940515520668,16544,533.6774193548387,55.699356774246716
85222,none,8,edge-8,47.2823889,18.27511579,4946.031893596518,2720.3859983306625,16343,527.1935483870968,56.55497628307543
85244,none,11,edge-11,56.928,41.094,6146.902165720993,4164.424747519301,15318,494.1290322580645,225.16145361090256
85262,none,9,edge-9,44.48482445,26.02662206,5587.35751208847,2511.3937680130052,15639,504.48387096774195,262.17927651150177
85266,none,7,edge-7,49.522,19.724,5022.827236093764,2980.877822137449,16524,533.0322580645161,229.8502943334719
85274,none,9,edge-9,42.68748102,23.34363895,5411.461725034049,2272.75484637482,16657,537.3225806451613,55.806714120903216
85280,none,9,edge-9,40.67,21.838,5322.022230318247,2030.8895263758316,15795,509.51612903225805,286.9063710087816
85287,none,1,edge-1,52.48887028,-0.72210699,3595.7111627025433,3317.9842039295527,16262,524.5806451612904,99.13467762700581
85304,none,3,edge-3,47.93,13.782,4603.629766701199,2764.6105568520857,16595,535.3225806451613,314.73478940594055
85335,none,9,edge-9,41.9806242,21.4260792,5267.283576649713,2169.300088777633,16524,533.0322580645161,227.591163301882
85376,none,9,edge-9,43.986000000000004,22.86,5349.292389493333,2408.160108255678,16605,535.6451612903226,175.1112042636497
85386,none,9,edge-9,42.686,23.298000000000002,5407.803421710323,2271.9309663499876,16554,534.0,59.531945816912376
85400,none,3,edge-3,48.758,9.29,4268.7800418083625,2849.660394112743,16598,535.4193548387096,35.854251151730644
85406,none,9,edge-9,42.664,23.284,5407.0736449697,2269.3201310379973,16113,519.7741935483871,60.596997438917185
85412,none,0,edge-0,43.028,0.15,3518.470542380678,2266.099942594278,20077,647.6451612903226,152.5919023744635
8543,none,9,edge-9,42.658,23.38,5414.938514720597,2270.057026148908,16557,534.0967741935484,52.71318350699654
85430,none,0,edge-0,43.258,0.04,3512.731432067583,2292.5960056196236,16507,532.483870967742,168.97174899119725
85458,none,9,edge-9,42.70600000000001,23.292,5406.954171358186,2274.0334790146644,15834,510.7741935483871,60.184105449520054
85460,none,2,edge-2,50.37168486,8.01692158,4179.930785096319,3030.758618763787,15293,493.3225806451613,208.91983879617618
85462,none,9,edge-9,42.684,23.36,5412.846551819841,2272.6116184317016,15749,508.03225806451616,54.44466731583587
85476,none,9,edge-9,41.476,22.164,5336.137123934609,2123.5596840375465,14054,453.35483870967744,202.78200561770674
85499,none,5,edge-5,52.51,13.396,4551.4784851773375,3272.1280158640734,16617,536.0322580645161,97.87247656431457
85504,none,7,edge-7,50.6916411,16.62853986,4788.666887279908,3085.6313348780086,14996,483.741935483871,199.36256765276244
85507,none,9,edge-9,41.988,21.46,5269.953266200508,2170.5362818659974,16571,534.5483870967741,224.6557856654648
85511,none,5,edge-5,51.616,11.879999999999999,4451.199642677468,3168.9515564309213,16637,536.6774193548387,66.45040586828917
85524,none,3,edge-3,48.616,9.269999999999998,4267.156160665238,2833.8900743760473,16619,536.0967741935484,44.097870095337406
85534,none,5,edge-5,53.550376,9.9264178,4316.1223558769725,3382.523638556895,5025,162.09677419354838,207.04693077024913
85543,none,2,edge-2,50.92684027,7.034339899999999,4112.55128686206,3094.8294546886837,16303,525.9032258064516,115.99033915359087
85545,none,5,edge-5,52.834,13.846,4580.069933797237,3309.65847820479,15253,492.03225806451616,140.66757582906234
85547,none,12,edge-12,40.20149335,44.48735365,7157.427223850581,2564.352820754418,16263,524.6129032258065,241.31551657319997
85557,none,5,edge-5,52.525899599999995,13.3077671,4545.414337549953,3273.619805342534,16345,527.258064516129,92.91479126051034
85560,none,8,edge-8,49.038000000000004,16.594,4802.521195657729,2902.118977376219,14905,480.80645161290323,275.21573957283914
85570,none,5,edge-5,52.15710000000001,12.592300000000002,4498.367539302609,3230.636312988471,10897,351.51612903225805,37.52540700977584
85623,none,9,edge-9,43.076,25.632,5587.283366862174,2351.1660518971385,7881,254.2258064516129,140.55879909178762
85647,none,2,edge-2,51.58,4.342,3929.2478322513502,3178.4633217063047,7791,251.32258064516128,102.82332843581932
85649,none,5,edge-5,52.476,13.124,4533.195392313189,3267.520492954786,35807,1155.0645161290322,79.26552159798645
85653,none,3,edge-3,49.01114085,8.38372989,4202.738382269363,2878.849053399479,26617,858.6129032258065,102.58525930053824
85683,none,2,edge-2,52.232,5.176,3991.6891889096396,3246.7260052775923,16588,535.0967741935484,79.40493832119118
85690,none,7,edge-7,53.11725692,18.00514609,4855.765106274794,3363.84650794284,1164,37.54838709677419,190.46378822675933
85697,none,9,edge-9,43.29,28.016,5771.137478723653,2417.720264225048,16631,536.483870967742,334.51724771272404
8573,none,9,edge-9,42.012,24.872,5548.315800512822,2222.5041638565585,8416,271.48387096774195,98.74549044675975
85731,none,2,edge-2,52.0418622,6.83684715,4104.042209897914,3219.3670223599765,13288,428.64516129032256,82.83559873200626
85735,none,9,edge-9,42.316,22.856,5378.599212764917,2225.110018634309,16546,533.741935483871,103.24275912409703
85737,none,2,edge-2,51.21,6.677999999999999,4088.9477579044246,3127.379500376304,16600,535.483870967742,76.37778813659041
85739,none,9,edge-9,41.498,22.1,5330.4881337842535,2125.1118185231917,16574,534.6451612903226,205.30979178726483
85741,none,1,edge-1,51.04402,-1.78839,3498.3824364122565,3170.171863731248,16468,531.2258064516129,104.91532876860323
85746,none,8,edge-8,47.59,19.194,5010.939584809173,2762.5417986817165,77244,2491.7419354838707,50.77442132496316
8575,none,9,edge-9,42.52,27.448,5744.8204325449115,2323.2861474155875,1497,48.29032258064516,281.43562669510413
85752,none,0,edge-0,39.766,2.716,3694.5280143996274,1882.6490847855455,16565,534.3548387096774,394.5138894029052
85758,none,2,edge-2,52.626,4.746,3965.569075139551,3292.501844102336,16282,525.2258064516129,132.10515798999896
85760,none,0,edge-0,39.77,2.71,3694.052375787624,1883.1388265667804,5320,171.61290322580646,393.83149033827556
85764,none,0,edge-0,39.772,2.706,3693.7288820664817,1883.391962102405,16552,533.9354838709677,393.4230493996813
85768,none,3,edge-3,49.006,12.077999999999998,4473.052807266113,2879.1250214754577,4092,132.0,170.84946837228912
85772,none,11,edge-11,56.843999999999994,41.394,6167.2908992101475,4163.662740538405,16388,528.6451612903226,240.42681513492948
85782,none,3,edge-3,50.128,8.728,4230.041699654003,3002.535072727229,12701,409.7096774193548,161.16834461298754
85786,none,5,edge-5,52.474,13.332,4547.32280600501,3267.9248800460737,16443,530.4193548387096,92.45289724628817
85794,none,9,edge-9,41.478,22.082,5329.3276957281805,2122.679136918705,5169,166.74193548387098,207.89989357440416
85798,none,5,edge-5,53.434000000000005,14.484,4618.827287847663,3378.7803618436023,16086,518.9032258064516,213.6810714200895
8581,none,3,edge-3,48.622,9.23,4264.2127448688525,2834.587014939073,16347,527.3225806451613,46.174007028272534
85810,none,12,edge-12,40.78799999999999,43.842,7082.42281881177,2600.1546437970774,9237,297.96774193548384,169.927067160658
85812,none,7,edge-7,52.146,20.718,5051.636585136255,3280.143200833989,40483,1305.9032258064517,127.93061472438804
85886,none,9,edge-9,40.4065701,21.76805735,5320.303832746898,2001.1027709058121,26887,867.3225806451613,313.77361458900106
85888,none,9,edge-9,40.406,21.768,5320.307955486629,2001.03955476937,26881,867.1290322580645,313.8275739498398
85890,none,7,edge-7,52.34193233,20.8969243,5060.464683211961,3303.54943397168,16591,535.1935483870968,150.05596904807172
85895,none,3,edge-3,49.954,8.842,4237.891073450948,2983.0501704492103,5879,189.6451612903226,140.25853440885183
85897,none,7,edge-7,52.412000000000006,16.94,4792.416505405147,3278.343339049798,162,5.225806451612903,178.15107728129902
85909,none,2,edge-2,52.542,4.68,3960.4263650808593,3283.5006829058066,16451,530.6774193548387,127.23346184748294
85916,none,2,edge-2,53.015687699999994,6.5781439,4091.4342900467204,3328.4286063191207,16032,517.1612903225806,161.3869494412243
85918,none,3,edge-3,49.31,8.632,4221.507939610099,2911.7048795509754,16106,519.5483870967741,97.3646358105603
85920,none,4,edge-4,45.892585499999996,12.33467728,4502.404072069412,2533.929815138328,9699,312.8709677419355,206.27371274922183
85922,none,9,edge-9,41.48400000000001,22.09,5329.890807222612,2123.4436815802073,16544,533.6774193548387,206.95411028585858
85928,none,7,edge-7,49.582,18.342,4922.872180846904,2975.2386693063813,9634,310.7741935483871,226.29117136218446
85936,none,5,edge-5,54.346,10.21,4334.659913167442,3471.0809083067074,16409,529.3225806451613,268.08314548540466
85963,none,5,edge-5,53.5585841,10.06281298,4325.162969270981,3383.4363901379697,3831,123.58064516129032,201.49510087724383
85969,none,9,edge-9,40.08498785,21.436458530000003,5297.286714051438,1961.544725179628,16249,524.1612903225806,359.5078193080783
85971,none,9,edge-9,40.3027565,21.79306895,5324.0402168422825,1990.060341554509,18514,597.2258064516129,321.9002011248497
85979,none,2,edge-2,50.98199999999999,8.258,4198.679209531483,3098.196684000811,16470,531.2903225806451,184.88859129768235
85984,none,4,edge-4,45.488,12.254,4497.438054855394,2488.847541005262,9859,318.03225806451616,181.17160793159977
85987,none,9,edge-9,42.702,23.25,5403.6360175701,2272.988993826787,14456,466.3225806451613,63.575435348115604
86012,none,9,edge-9,42.17,27.85,5785.444355785909,2293.0596307333776,16511,532.6129032258065,318.80431232712425
86020,none,1,edge-1,51.056,-1.798,3497.931904089105,3171.5984462321107,16550,533.8709677419355,103.52933644363047
86021,none,9,edge-9,42.99087025,21.93276107,5292.352138096666,2286.629350017478,16577,534.741935483871,174.8108787365146
86027,none,9,edge-9,42.95803512,21.887469290000002,5289.238000736302,2282.440805339965,16525,533.0645161290323,177.7792549451454
86029,none,9,edge-9,42.98746859,21.92968994,5292.160436807042,2286.21631885234,812,26.193548387096776,174.98364121456814
86044,none,3,edge-3,49.832,8.748,4230.917112596543,2969.5945927119888,7433,239.7741935483871,132.20455218795888
86048,none,9,edge-9,42.822,23.351999999999997,5409.67103603226,2287.6007030073433,16218,523.1612903225806,58.022485319826316
86075,none,2,edge-2,51.9922588,6.0677285,4051.0442725159096,3216.422590408633,16376,528.258064516129,42.53280414304166
86078,none,6,edge-6,59.304,18.294,4793.259039372338,4050.1725337542853,16268,524.7741935483871,74.48495360913357
86083,none,5,edge-5,50.21999999999999,14.298,4627.564315387639,3020.9657563415417,16657,537.3225806451613,270.90947829909567
86087,none,5,edge-5,52.48616332,13.43436956,4554.206097340186,3269.6003512482957,33491,1080.3548387096773,99.48229826122915
86089,none,2,edge-2,52.232,5.176,3991.6891889096396,3246.7260052775923,16632,536.516129032258,79.40493832119118
86094,none,9,edge-9,42.68399999999999,23.33,5410.424085663161,2272.17581694414,16404,529.1612903225806,56.90027520299891
86096,none,9,edge-9,40.3442176,21.509428020000005,5299.491960900708,1990.894043828505,414,13.35483870967742,332.8057129612818
86100,none,8,edge-8,47.496,19.064,5002.479809396375,2750.9552267484855,6879,221.90322580645162,38.40463929433266
86102,none,8,edge-8,45.29157904,19.83007014,5090.804998216836,2515.218069928436,16265,524.6774193548387,216.37932365462026
86104,none,7,edge-7,51.216,17.394,4836.615416281837,3148.8885017855328,12776,412.1290322580645,126.25350297926457
86111,none,5,edge-5,52.874,11.218,4403.0103005874635,3307.940386603639,16512,532.6451612903226,93.48124178542105
86113,none,3,edge-3,50.49796640000001,10.38935155,4348.626897877432,3042.9700217178456,16275,525.0,189.42633912034842
86115,none,3,edge-3,49.46399999999999,10.882,4384.946717075599,2928.2872337221943,11889,383.51612903225805,106.9992651597581
86124,none,7,edge-7,52.19609691,20.5286622,5038.028909456998,3283.782871760599,4097,132.16129032258064,120.18910674283144
86138,none,8,edge-8,49.056,15.81,4745.261368106973,2899.2899605568728,14608,471.2258064516129,317.5009548357226
86139,none,4,edge-4,44.6853911,10.2634528,4341.925436214892,2397.1711809749145,14669,473.19354838709677,28.354532605256342
86143,none,7,edge-7,50.146,22.704,5223.920888761698,3082.249164592748,16562,534.258064516129,295.95908866129673
86164,none,9,edge-9,43.23887649,21.59093499,5260.81527616434,2309.4993973589053,608,19.612903225806452,208.477572826243
86168,none,8,edge-8,45.20196967,20.37671506,5134.622584577505,2511.1544238981596,15515,500.48387096774195,241.1204727325747
86173,none,3,edge-3,46.879999999999995,8.642,4217.398225638156,2641.6729671482453,12095,390.16129032258067,233.7440027427934
86178,none,2,edge-2,51.00381535,6.81216612,4097.317307216294,3104.042542461303,16066,518.258064516129,98.89171104638879
86196,none,12,edge-12,40.198068750000004,44.52098429,7160.122842019689,2565.284922024972,16413,529.4516129032259,242.3110712509257
86202,none,8,edge-8,48.008,20.694,5116.14941518032,2823.740856719338,37468,1208.6451612903227,159.32126643416825
86204,none,9,edge-9,42.356,24.731999999999996,5530.026007632944,2257.7760101631247,13452,433.93548387096774,66.36706351359746
86206,none,3,edge-3,48.14,11.594,4439.6786924381395,2781.996823892288,12377,399.258064516129,156.55001346994092
86212,none,3,edge-3,47.634,8.27,4190.917587018833,2726.0076501425556,4049,130.61290322580646,174.19386260021528
86219,none,9,edge-9,42.28360414,18.83256763,5050.122623680159,2173.7717153791064,16101,519.3870967741935,429.8019783255059
86222,none,5,edge-5,53.68571399,10.245395779999999,4337.215220836946,3397.609480393501,16626,536.3225806451613,204.6649904048956
86232,none,4,edge-4,45.558,12.059999999999999,4482.05156501877,2496.174367179449,16104,519.483870967742,170.00488030926047
86272,none,7,edge-7,50.692,16.628,4788.6253343782755,3085.6676718503613,16122,520.0645161290323,199.37589013712773
86279,none,3,edge-3,49.872,8.658,4224.522527452164,2974.1567940325704,16691,538.4193548387096,139.5546503734163
86286,none,5,edge-5,53.07093915,8.80421971,4240.849341157429,3329.828318563097,16599,535.4516129032259,239.89196039565456
86293,none,12,edge-12,40.79723569000001,44.51243341,7132.279649952099,2626.244014033062,12889,415.7741935483871,178.53533227599283
86297,none,4,edge-4,45.633428200000004,11.7048028,4454.105049397761,2503.8426421818767,5359,172.8709677419355,149.378102950438
86299,none,2,edge-2,50.53,8.312,4201.318914440347,3047.8386213274107,16543,533.6451612903226,213.7279371404682
86306,none,9,edge-9,43.898458919999996,22.28121221,5304.995387860504,2390.7702608342784,16436,530.1935483870968,197.08980611102197
86308,none,9,edge-9,43.89940208,22.27423847,5304.426226383205,2390.7820326087503,16565,534.3548387096774,197.5645273317195
86310,none,8,edge-8,45.38412911,20.39092004,5133.046384487184,2531.3714868539273,16506,532.4516129032259,223.58213239782282
86315,none,8,edge-8,44.98831518,20.16893774,5121.519001948134,2485.3724574477797,15710,506.7741935483871,256.6823656749146
86318,none,5,edge-5,53.820714339999995,10.72967023,4369.060835841607,3412.8474082934245,25560,824.516129032258,200.52967583165594
86320,none,7,edge-7,51.278,16.87,4799.558344020121,3152.1919033655417,6729,217.06451612903226,159.86724338350376
86322,none,9,edge-9,42.797999999999995,23.336,5408.821767947213,2284.74153337742,12712,410.06451612903226,58.486913217861456
86325,none,9,edge-9,43.90386256,22.28915155,5305.532510181885,2391.467684393672,16328,526.7096774193549,197.04766127345232
86328,none,5,edge-5,52.332,10.562,4359.310824258443,3247.0894911203222,39838,1285.0967741935483,102.50394395626577
86334,none,12,edge-12,40.80265055,44.48734512,7130.156683709927,2625.8484116135573,16485,531.7741935483871,177.30743640669044
86340,none,3,edge-3,49.08610797,9.4989574,4284.391569661521,2886.010725642164,40274,1299.1612903225807,33.002897313160354
86342,none,5,edge-5,51.52,11.962,4457.163682541805,3158.42338488163,8098,261.2258064516129,76.34250792213795
86350,none,2,edge-2,52.12,5.422,4007.671065907421,3233.2004039199387,4,0.12903225806451613,60.027164636115074
86357,none,3,edge-3,49.00678855000001,12.07724094,4472.994856502137,2879.211095824947,5393,173.96774193548387,170.8020716891967
86359,none,8,edge-8,48.07,20.776,5121.220373014415,2831.459496542719,76127,2455.7096774193546,168.35160936691267
8637,none,3,edge-3,49.068,8.658,4222.916790857604,2884.7667234912383,16601,535.516129032258,84.49010993723208
86383,none,3,edge-3,47.696000000000005,10.348,4347.138012871445,2731.437539798862,16493,532.0322580645161,134.87896633333295
86385,none,2,edge-2,50.81607805,6.89664246,4102.360180531775,3082.9186658071903,12037,388.2903225806452,118.52787185453134
86388,none,9,edge-9,42.096,19.104,5074.739138383432,2155.784273160115,14260,460.0,410.97877966363285
86393,none,4,edge-4,45.602,11.902,4469.583068636834,2500.728061920763,10056,324.38709677419354,161.03152104383787
8641,none,9,edge-9,42.1,25.222,5574.935593915608,2237.877982313566,16226,523.4193548387096,115.34706275644085
86413,none,9,edge-9,42.672,23.356000000000005,5412.7433917331255,2271.240009283703,16591,535.1935483870968,54.71195813926238
86421,none,12,edge-12,40.18852188,44.4630298,7156.175061742246,2562.0985475527555,16569,534.483870967742,242.28345059335345
86442,none,3,edge-3,48.93999999999999,12.05,4471.204837300993,2871.7322412577014,9152,295.2258064516129,168.29541813490783
86444,none,7,edge-7,53.13255543,18.04341584,4858.119445283837,3365.8227077119564,7178,231.5483870967742,190.99943403451087
86474,none,5,edge-5,53.0812761,8.8160792,4241.663096908395,3330.965465251199,14789,477.06451612903226,239.5999581740029
86480,none,3,edge-3,49.212,9.056,4252.204911410205,2900.3245792009598,16489,531.9032258064516,65.76926266162725
86501,none,5,edge-5,53.896,11.466,4417.382562858507,3421.9589682941846,16241,523.9032258064516,192.31780167378597
86509,none,2,edge-2,50.87679469999999,4.32318717,3921.8980059054848,3100.529739354108,15449,498.35483870967744,134.88903889120948
86515,none,3,edge-3,49.55170354,8.65942061,4223.983943109833,2938.5408696833224,16737,539.9032258064516,112.37505452089603
86523,none,3,edge-3,48.401999999999994,10.595999999999998,4365.148271959068,2810.0144715816205,16154,521.0967741935484,78.8421449419192
86525,none,5,edge-5,51.392,12.342,4483.981952151823,3144.965968046684,16621,536.1612903225806,92.58309109262501
8653,none,5,edge-5,52.426,9.424,4281.817948884053,3257.5563445827725,16219,523.1935483870968,180.69688402817926
86531,none,11,edge-11,55.70864042,37.7567026,6016.490178682936,3956.1682854460287,7999,258.03225806451616,71.82837407034194
86547,none,2,edge-2,50.862,5.478,4002.8502334865316,3093.2255024677347,30508,984.1290322580645,90.00598046282083
86548,none,9,edge-9,43.84360368,20.03371661,5127.0553517763165,2357.8557544885575,16562,534.258064516129,349.0610469235746
86565,none,2,edge-2,50.88317225000001,4.21727327,3914.5252688161013,3101.8206544481377,16436,530.1935483870968,140.2665201891014
86569,none,8,edge-8,47.52834012,19.0155369,4998.432894599708,2754.0817148874085,15136,488.258064516129,41.68514555786581
86576,none,5,edge-5,53.732,9.462,4285.489176597444,3402.864724322136,16617,536.0322580645161,243.1367635979017
86581,none,9,edge-9,42.99808974,21.945689319999996,5293.2756223651895,2287.58900268932,16425,529.8387096774194,173.9359801036544
86594,none,9,edge-9,40.69668162,21.678732280000002,5308.259160786168,2031.7208076535014,1026,33.096774193548384,293.40019685818163
86599,none,9,edge-9,43.85775743,19.840251800000004,5111.422211401646,2357.3516187704654,15545,501.4516129032258,364.19254219232255
86602,none,7,edge-7,52.284,20.89,5060.964112981682,3297.0941359429153,18309,590.6129032258065,146.03083017902446
86612,none,5,edge-5,50.078,14.47,4640.766683337215,3005.9300736842315,15058,485.741935483871,290.8867741907563
86614,none,3,edge-3,48.4579893,9.91161525,4314.460164240569,2816.063468861943,16643,536.8709677419355,44.36443066498474
86620,none,3,edge-3,48.126,11.62,4441.6473849056865,2780.483307515817,72428,2336.3870967741937,159.008993694201
86623,none,2,edge-2,51.45806945,7.20602457,4126.861441912888,3153.4178893500994,8071,260.35483870967744,98.01592699470517
86629,none,3,edge-3,50.009263530000005,8.28331321,4197.94349207999,2989.9800379273347,16621,536.1612903225806,168.13176071268674
86631,none,2,edge-2,50.7721686,4.47003139,3931.3255411422624,3088.127773154005,16497,532.1612903225806,135.24355080752517
86633,none,9,edge-9,41.632,24.698000000000004,5541.740721848135,2178.2115378351587,13376,431.48387096774195,125.08124541773095
86647,none,2,edge-2,51.35799999999999,5.628,4016.672326249741,3147.6808075408517,7976,257.2903225806452,34.32339479255643
86660,none,9,edge-9,41.558739509999995,23.280034409999995,5426.745465902482,2148.3138561081378,16072,518.4516129032259,136.247194446649
86680,none,5,edge-5,53.553999999999995,9.916,4315.43225017936,3382.9276788641578,13956,450.19354838709677,207.81865897068727
86684,none,9,edge-9,42.228,24.728,5532.274422382721,2243.740064541374,15588,502.83870967741933,73.97013861004149
86704,none,5,edge-5,50.076,14.856,4668.349586539631,3007.46322281131,17431,562.2903225806451,307.55587837563803
86717,none,4,edge-4,44.50506149999999,11.369504000000001,4430.117459110291,2378.133095524975,16052,517.8064516129032,110.45170690742168
86740,none,2,edge-2,51.466,5.706,4022.798927783545,3159.3568718624256,1621,52.29032258064516,21.141041022171244
86748,none,3,edge-3,50.37823923,8.3110199,4200.8639033158815,3030.963450612635,8117,261.83870967741933,200.1863452386393
86751,none,2,edge-2,52.39,4.686,3959.5919506212354,3266.595715249792,15045,485.3225806451613,114.19045045251593
86753,none,2,edge-2,50.832302739999996,4.18311149,3911.6831174446647,3096.3671415038257,16500,532.258064516129,145.6552622654127
86759,none,5,edge-5,53.24689476999999,10.38516247,4346.712977716056,3348.8172397397834,16609,535.7741935483871,161.57183233975638
86772,none,5,edge-5,53.424,10.018,4322.196722709792,3368.457824057907,16389,528.6774193548387,192.8287167783118
86780,none,9,edge-9,35.142,33.376,6437.139975287326,1667.422303685109,16585,535.0,1146.5702558977302
86782,none,4,edge-4,46.516,6.62,4061.4507146287733,2606.205969225508,16190,522.258064516129,324.5490989151647
86785,none,5,edge-5,51.46342735999999,12.634159209999998,4504.018051196177,3153.6009268708026,763,24.612903225806452,91.7446615053028
86807,none,3,edge-3,48.666,12.684,4518.723965762808,2842.780844308427,16535,533.3870967741935,215.9458897083854
86818,none,8,edge-8,44.81277625,20.47755808,5148.228336058632,2469.409406790233,16537,533.4516129032259,283.70644783056
86821,none,3,edge-3,48.558,9.234,4264.4354739677265,2827.470029010732,111908,3609.935483870968,50.131137272416595
86824,none,7,edge-7,50.05800000000001,19.964,5032.06813968086,3042.357167857781,7923,255.58064516129033,176.36637188406505
86826,none,3,edge-3,50.157999999999994,8.768,4232.9571167556505,3005.8225049245452,16551,533.9032258064516,162.82021859242872
86831,none,9,edge-9,43.87787578,20.33795178,5150.828343032107,2364.952488871582,7786,251.16129032258064,327.75588578251296
86834,none,3,edge-3,50.13697599,11.57555223,4433.640072264009,3003.9544513755236,16097,519.258064516129,194.85841137465758
86835,none,9,edge-9,41.1175198,25.40031016,5609.854225082737,2133.812088146367,78574,2534.6451612903224,203.33657953368964
86843,none,4,edge-4,45.546,10.416,4353.534672842941,2492.7077897272807,16535,533.3870967741935,74.53348128619689
86847,none,11,edge-11,57.1,41.728,6172.675194305072,4198.374825155006,15355,495.3225806451613,267.04336941354313
86864,none,4,edge-4,45.18399999999999,9.790000000000001,4304.46817747523,2452.47034316433,30047,969.258064516129,38.779701785280224
86867,none,4,edge-4,45.18564,9.778725,4303.581093384039,2452.6548702637256,32273,1041.0645161290322,39.48616689528819
86870,none,8,edge-8,44.992153,19.57274925,5074.83713672742,2479.581999541803,15820,510.3225806451613,244.07926220430292
86877,none,5,edge-5,53.756,9.047999999999998,4258.19999694284,3405.8162673141237,16486,531.8064516129032,265.41308933402576
86879,none,8,edge-8,45.39118783,20.40816079,5134.279529442046,2532.337090721573,14728,475.0967741935484,223.5276692472955
86882,none,7,edge-7,51.22904389,17.10783988,4816.5939932208785,3148.352602168461,39399,1270.9354838709678,144.99986937596356
86889,none,5,edge-5,52.572,12.876,4515.936385808584,3277.5012689236632,33009,1064.8064516129032,69.61559443972497
86891,none,8,edge-8,47.34220304,19.04583514,5003.14266116393,2733.802467797433,13265,427.9032258064516,21.27787896020496
86897,none,7,edge-7,50.24674962,18.90607327,4954.508049579231,3053.4989487687053,16543,533.6451612903226,146.13634147908292
86900,none,2,edge-2,51.494763479999996,5.3959018,4001.4970029344154,3163.863939370409,16057,517.9677419354839,33.83486631538152
86908,none,3,edge-3,46.88792046,6.74768686,4072.9934270654503,2647.041591894924,16226,523.4193548387096,313.0803135598708
86910,none,3,edge-3,49.272,11.07,4398.881477107814,2907.1209237439807,16398,528.9677419354839,106.92011322056696
86912,none,9,edge-9,42.675638,23.26554,5405.370497614496,2270.327319930674,16506,532.4516129032259,62.14082171258227
86921,none,11,edge-11,57.37199999999999,41.278,6135.088618735999,4214.310489557765,7923,255.58064516129033,253.1634871145138
86923,none,3,edge-3,48.838,10.064,4325.699670116026,2858.304479819648,38232,1233.2903225806451,22.32141101384087
86933,none,9,edge-9,41.444,22.156,5336.001801365719,2119.9453776935525,16448,530.5806451612904,205.6427541131254
86939,none,3,edge-3,49.404,10.902,4386.47718562202,2921.6334938364175,38914,1255.2903225806451,104.03550093861615
86960,none,2,edge-2,51.51838653,5.39714903,4001.7487431507384,3166.482337291761,16467,531.1935483870968,32.5642696063905
86967,none,1,edge-1,55.029925799999994,-1.5494078,3585.8256503005796,3606.2149752298137,16742,540.0645161290323,340.80447012056874
86973,none,9,edge-9,40.53623419,21.25719094,5275.3430837364585,2008.7249493266988,11390,367.4193548387097,330.8982346850956
86987,none,8,edge-8,44.530533889999994,19.221274090000005,5053.318668538766,2425.188415226446,35,1.1290322580645162,291.9036993453759
86991,none,8,edge-8,44.25589207,19.90290105,5110.9154758727955,2401.8629365090014,11022,355.5483870967742,329.2139782174545
86993,none,9,edge-9,43.88675529000001,20.35471354,5152.035945298064,2366.115683794446,14958,482.51612903225805,326.90110121373004
86997,none,8,edge-8,48.446000000000005,15.714,4743.410866226517,2831.094358962345,2452,79.09677419354838,284.50307384634635
87014,none,9,edge-9,44.426,26.07,5592.047383440377,2505.722974315873,16014,516.5806451612904,259.38343299406273
87016,none,3,edge-3,49.36399999999999,8.172,4188.2066128843835,2918.434367324439,16617,536.0322580645161,129.60213970821115
87022,none,4,edge-4,45.67469879,12.05567658,4481.371870003356,2509.113031085526,16570,534.516129032258,175.41793215604025
8703,none,9,edge-9,42.708,23.186,5398.359327034205,2272.7252286546195,11407,367.96774193548384,68.85543994950638
87033,none,5,edge-5,51.03329912,13.71352047,4581.369242241974,3109.059307639102,14938,481.8709677419355,173.93005764359722
87039,none,3,edge-3,49.716,9.212,4264.164066190409,2956.2313324542806,16620,536.1290322580645,104.82284880138229
87043,none,3,edge-3,48.716,11.256,4413.452226261038,2845.527465628478,16612,535.8709677419355,110.88684049873477
8705,none,9,edge-9,41.932,25.904,5633.816419693798,2231.2165893845063,16255,524.3548387096774,173.41024988229157
87051,none,2,edge-2,51.96374595,7.63204719,4158.275539836641,3208.609164371993,13640,440.0,129.7798437493588
87054,none,0,edge-0,43.628,1.3980000000000001,3626.7566130316927,2319.759292741211,16608,535.741935483871,269.7147647386357
87058,none,2,edge-2,52.05800000000001,5.29,3998.20433890127,3226.889929644012,16153,521.0645161290323,59.18184915371545
87072,none,3,edge-3,48.3195535,14.21141429,4633.277421567138,2809.583237341539,16503,532.3548387096774,333.5719307265851
87088,none,3,edge-3,47.598000000000006,9.886,4312.421221125392,2720.493658265945,16225,523.3870967741935,138.8249373880864
87114,none,5,edge-5,50.078,14.444,4638.909370773673,3005.8170672135675,6766,218.25806451612902,289.8322430706948
87134,none,0,edge-0,37.934,-0.826,3365.9073715502227,1718.2261656475703,16592,535.2258064516129,441.5055623036117
87142,none,2,edge-2,51.588,7.248,4130.320394308812,3167.754337881633,19773,637.8387096774194,98.81963405739036
87144,none,2,edge-2,52.06,5.302,3999.039796968633,3227.0589755687615,16223,523.3225806451613,58.84758453420993
87150,none,2,edge-2,52.0364584,5.3404211,4001.500950969801,3224.274993096238,16218,523.1612903225806,55.164117153707
87152,none,2,edge-2,52.054,5.263999999999999,3996.396377953105,3226.5611646805683,16209,522.8709677419355,59.97011929052274
87154,none,2,edge-2,52.05200000000001,5.276,3997.203072013148,3226.2856288960106,16202,522.6451612903226,59.27073693884405
87156,none,2,edge-2,52.016,5.424000000000001,4007.0799012597663,3221.6392327269996,15842,511.03225806451616,49.97990157896757
87160,none,2,edge-2,52.01,5.427999999999999,4007.311960310322,3220.9555160477553,16207,522.8064516129032,49.271961608410805
87166,none,5,edge-5,52.638000000000005,13.729999999999999,4573.390177757214,3287.46536430765,16238,523.8064516129032,124.12083227566761
8717,none,3,edge-3,48.554,8.82,4233.85956002,2827.4286928092515,19349,624.1612903225806,76.37251262083187
87200,none,3,edge-3,49.593999999999994,10.958,4390.271055493203,2942.8110795921207,15749,508.03225806451616,120.70015741790806
87252,none,5,edge-5,52.062,15.118,4671.675212470012,3229.2199345112986,7819,252.2258064516129,210.6864512586444
87255,none,5,edge-5,49.964,13.5,4572.042869358567,2989.4933980851415,9630,310.64516129032256,269.1230242207255
87276,none,2,edge-2,52.014,5.426000000000001,4007.202912604249,3221.4084548125347,16202,522.6451612903226,49.71853741708138
87278,none,2,edge-2,52.004,5.46,4009.4625719334726,3220.1517392064243,15294,493.35483870967744,47.51864811706782
87282,none,2,edge-2,52.04,5.329999999999999,4000.8128113052585,3224.7141206077417,16038,517.3548387096774,55.911964437004706
87288,none,2,edge-2,52.054,5.29,3998.175529645512,3226.4456448297856,16166,521.483870967742,58.83464240049219
87290,none,2,edge-2,52.01199999999999,5.437999999999999,4008.0109755563853,3221.13468146435,6800,219.3548387096774,49.08052130580655
87294,none,9,edge-9,40.542,21.266,5275.996855009793,2009.4682397125455,1551,50.03225806451613,329.9136766675546
87299,none,8,edge-8,45.57776429,19.62143427,5070.662513033909,2544.6395781691454,12977,418.61290322580646,181.39389909210527
87302,none,2,edge-2,52.014,5.426,4007.202912604249,3221.4084548125347,16211,522.9354838709677,49.71853741708138
87304,none,2,edge-2,52.0626575,5.3690919,4003.6493028349814,3227.0597958215894,16229,523.516129032258,56.39015546765313
87306,none,2,edge-2,52.002,5.459999999999999,4009.4486944047862,3219.9295702244244,6021,194.2258064516129,47.3299860412583
87308,none,2,edge-2,52.056,5.296000000000001,3998.6004960192113,3226.641220011338,16228,523.483870967742,58.75147044450036
87312,none,2,edge-2,52.056,5.404,4005.9910393416317,3226.1687958708817,16215,523.0645161290323,54.46305633997544
87344,none,2,edge-2,52.046,5.342,4001.676995946055,3225.327907446234,15458,498.64516129032256,55.94777331156956
87346,none,2,edge-2,52.068,5.376000000000001,4004.1597514133573,3227.6231645254115,16227,523.4516129032259,56.62409491020123
87363,none,2,edge-2,52.006,5.466,4009.887540262108,3220.348275501001,16430,530.0,47.49162079855692
87365,none,2,edge-2,52.026,5.418,4006.7389616394157,3222.7759109058247,16222,523.2903225806451,51.13548499783442
87367,none,2,edge-2,52.002,5.456,4009.1746109885353,3219.9466788231493,16222,523.2903225806451,47.47658766226389
87371,none,2,edge-2,52.052,5.308,3999.392928727051,3226.1438963779756,16223,523.3225806451613,57.8924647816516
87378,none,2,edge-2,52.01,5.436,4007.860015258858,3220.921108346252,16184,522.0645161290323,48.96894433213519
87382,none,2,edge-2,52.062,5.366,4003.4330893384918,3227.0002345158578,16218,523.1612903225806,56.44810511788779
87398,none,7,edge-7,51.70396133,19.47625279,4973.965636023691,3219.557352447755,5029,162.2258064516129,29.497048129542193
87402,none,2,edge-2,52.06,5.302,3999.039796968633,3227.0589755687615,4574,147.5483870967742,58.84758453420993
87404,none,5,edge-5,51.406000000000006,12.47,4492.833238586258,3146.816215389868,16578,534.7741935483871,93.41977036783457
87405,none,1,edge-1,50.92738493,0.23780733,3636.98069301102,3136.4088778533937,14990,483.5483870967742,190.19133112714977
87408,none,0,edge-0,37.196984,-3.6245341000000004,3108.760074696085,1677.3768521479035,15065,485.96774193548384,567.4453059502498
87409,none,0,edge-0,37.15772575,-3.5872668,3111.3555099831597,1672.5107916513296,16541,533.5806451612904,570.1974288062496
87413,none,11,edge-11,56.4260365,40.4497034,6135.764278773357,4096.654746972187,15435,497.9032258064516,177.6683422541375
87421,none,4,edge-4,41.89800000000001,12.462000000000002,4526.019637065613,2091.6521211258714,16539,533.516129032258,384.99530567572714
87423,none,2,edge-2,52.010000000000005,5.42,4006.763909732938,3220.9899839530153,16641,536.8064516129032,49.57925877728372
87432,none,3,edge-3,50.498000000000005,10.39,4348.6728891904995,3042.9740037757,1068,34.45161290322581,189.44119421875232
87435,none,1,edge-1,53.396,-1.53,3557.675235621542,3426.204885737581,8090,260.96774193548384,159.8482136466097
87446,none,2,edge-2,48.358000000000004,2.122,3738.198069842762,2836.0938712461166,13064,421.4193548387097,451.1150497581625
87448,none,8,edge-8,47.364,18.576,4967.628011309706,2731.9913012115894,19974,644.3225806451613,39.52409177648406
87450,none,2,edge-2,50.7989092,5.66955885,4015.8965300537975,3085.4020069652197,16510,532.5806451612904,94.35082782574403
87453,none,2,edge-2,50.73901685,5.68826242,4016.822933887125,3078.6713978322227,16563,534.2903225806451,100.84416135924779
87456,none,2,edge-2,50.73460125,5.6962363,4017.3560523561177,3078.147809250554,16552,533.9354838709677,101.28293347020931
87464,none,2,edge-2,50.7811511,5.65740144,4014.9247617108663,3083.480244148106,15537,501.19354838709677,96.41277666242357
87467,none,2,edge-2,50.79538003,5.66677541,4015.677606919317,3085.0216019778636,16572,534.5806451612904,94.7632508868522
87470,none,2,edge-2,50.77172565,5.6899314,4017.1531768462037,3082.2977236038346,16516,532.7741935483871,97.20984841706832
87476,none,2,edge-2,50.6807676,5.678245500000001,4015.7376679082527,3072.242923130184,16503,532.3548387096774,107.36286916525978
87500,none,2,edge-2,50.78241289999999,5.702997,4018.1423294783267,3083.430704155256,5268,169.93548387096774,95.94185716553454
87502,none,2,edge-2,50.7733659,5.7077836,4018.4206575267353,3082.405957279963,16544,533.6774193548387,96.91626787910245
87505,none,2,edge-2,50.7988223,5.732709999999999,4020.339457719002,3085.130967653713,16545,533.7096774193549,93.96039203375551
87525,none,2,edge-2,51.17935115,6.87718668,4102.706415645344,3123.358878219385,16569,534.483870967742,89.52117413091534
87527,none,5,edge-5,53.60471765,10.14193386,4330.39657304817,3388.5776766049653,16611,535.8387096774194,201.8944853027794
87543,none,12,edge-12,40.1738878,44.4914504,7158.984409824858,2561.6842764940725,11177,360.5483870967742,244.3682600436626
8756,none,9,edge-9,42.67,23.228,5402.440238706012,2269.168680109133,16600,535.483870967742,65.20232223267786
87561,none,0,edge-0,38.617999999999995,-9.082,2667.7698109369476,1934.2598333227313,4812,155.2258064516129,776.3795663180655
87565,none,10,edge-10,47.122,27.596,5642.951094561694,2825.725926960737,15954,514.6451612903226,288.61689474990965
87575,none,5,edge-5,53.656,10.004,4321.264496790067,3394.27535950345,15782,509.0967741935484,212.17341509187628
87584,none,5,edge-5,51.55799999999999,9.938,4316.700159619945,3160.823429737947,11534,372.06451612903226,162.1490517035116
87608,none,3,edge-3,48.74,9.126,4256.695326647749,2847.789099867565,16599,535.4516129032259,48.02723620715551
87610,none,3,edge-3,49.648,8.33,4200.388098855709,2949.735132009502,15901,512.9354838709677,137.2508002233577
87616,none,7,edge-7,52.91719629000001,17.53738976,4826.979146781325,3338.339397540945,33839,1091.5806451612902,186.89916958881685
87626,none,7,edge-7,53.797002784030184,18.50346605407308,4879.925847464076,3442.8282190122563,19349,624.1612903225806,253.73056337530036
87628,none,2,edge-2,51.4610686,5.5429654,4011.4593709778233,3159.487613649494,78,2.5161290322580645,27.9439265134613
87648,none,7,edge-7,53.02742976,17.42190456,4817.9962162278425,3349.752557352499,15339,494.80645161290323,201.39261476203802
87650,none,7,edge-7,52.99416244,17.48843622,4822.817589799096,3346.5250688692076,15954,514.6451612903226,195.778333966404
87651,none,9,edge-9,43.14360766,20.518838,5175.953104585281,2286.203809555496,16522,532.9677419354839,291.12247289121814
87654,none,3,edge-3,48.32399999999999,14.23,4634.626198256042,2810.155609794623,12642,407.80645161290323,334.82185023099095
87656,none,2,edge-2,50.794,7.054,4113.341162592819,3080.0061289597825,13506,435.6774193548387,127.58345285548747
87658,none,9,edge-9,44.42347561,26.14607692,5598.014569216591,2506.748583622668,37346,1204.7096774193549,263.20185440710253
87668,none,2,edge-2,51.894,4.622,3951.1663462756505,3211.8534511490166,16597,535.3870967741935,87.5651360230365
87685,none,9,edge-9,43.72215736871772,21.39999754185029,5237.833888589046,2360.2185962456474,15176,489.5483870967742,243.2795346615005
87687,none,8,edge-8,44.756460520000005,20.55990506,5155.518018323511,2464.1269633555457,16499,532.2258064516129,292.0111030673208
87693,none,2,edge-2,51.194,6.84,4100.178979195801,3125.0990212345155,16572,534.5806451612904,86.45807133253655
87703,none,2,edge-2,51.388,7.088,4118.355415399035,3145.9478474458006,12878,415.4193548387097,92.16982449243419
87705,none,5,edge-5,52.168,13.396,4553.260137148907,3234.1080474678456,2811,90.6774193548387,92.20265555800421
87707,none,2,edge-2,50.682,7.708,4159.033455093014,3065.9027308555587,16060,518.0645161290323,169.6030563804648
87712,none,2,edge-2,52.176,5.18,3991.548412473618,3240.488360376955,39703,1280.741935483871,74.17888795915397
87715,none,7,edge-7,51.348000000000006,19.372,4971.894097071275,3179.2995365217803,10976,354.06451612903226,28.276036040418855
87719,none,7,edge-7,49.686,18.348,4922.010331914093,2986.7917771137472,769,24.806451612903224,214.960386187255
87731,none,5,edge-5,52.454,13.5,4558.831619173302,3266.237287787593,16493,532.0322580645161,102.74322203228098
87745,none,8,edge-8,48.31876509999999,16.0595588,4770.025385138697,2819.0294027467507,7772,250.70967741935485,255.2818597781094
87749,none,3,edge-3,48.1886181,11.5118184,4433.453180566144,2787.270668904929,14378,463.80645161290323,148.54318449339053
87754,none,5,edge-5,51.312,12.418,4489.562395593499,3136.242029999407,16087,518.9354838709677,102.4685244204269
87756,none,8,edge-8,47.4813587,18.82075178,4984.47964870027,2747.1258564665495,16622,536.1935483870968,38.777648820683915
87762,none,2,edge-2,53.406,8.146,4197.701345426087,3368.0302593437646,863,27.838709677419356,251.81276087696412
87768,none,3,edge-3,47.086,8.126,4178.5996344978375,2665.4059423793715,16175,521.7741935483871,230.34920352346737
87771,none,3,edge-3,48.22,8.916,4240.415906723361,2790.198969781364,16546,533.741935483871,93.28813584994853
87775,none,2,edge-2,53.358,6.382,4080.204077137669,3367.118549656002,13698,441.8709677419355,194.80258882423203
87802,none,9,edge-9,40.87163328,24.64665868,5552.536411873033,2094.4230630111424,11198,361.2258064516129,202.9791727845785
87808,none,9,edge-9,42.708,23.278,5405.787485666945,2274.050014449655,11664,376.258064516129,61.34645526643179
87819,none,3,edge-3,49.83786343999999,8.64986926,4223.869199631485,2970.371665868467,12992,419.0967741935484,136.82735862447512
87832,none,9,edge-9,45.71734777000001,25.694133280000003,5534.253759096509,2640.2242474441473,49,1.5806451612903225,367.94099069824915
87834,none,10,edge-10,46.92530336,26.931143400000003,5598.824790423194,2792.637048527927,16172,521.6774193548387,329.47615731389806
87836,none,10,edge-10,46.92903556,26.93648636,5599.128971871661,2793.1355138677577,15547,501.51612903225805,328.9181515078861
87838,none,10,edge-10,46.92325443,26.93185151,5598.927079814983,2792.426408758287,16101,519.3870967741935,329.6551299430161
87850,none,2,edge-2,52.929890500000006,4.7670834,3969.4421578741367,3326.140250711943,16584,534.9677419354839,160.50714215951712
87871,none,6,edge-6,59.466,18.036,4776.5070157109885,4066.384464914163,16199,522.5483870967741,51.65808103099629
87880,none,5,edge-5,52.558,13.564,4562.60699223513,3278.0091058225944,7719,249.0,110.41080678475498
87882,none,8,edge-8,46.75754276999999,23.56347978,5351.620150581161,2721.722963508976,12045,388.5483870967742,349.69858790346456
87884,none,8,edge-8,46.76560532,23.54547679,5350.112533967237,2722.3561324838483,10179,328.35483870967744,348.20874218097
87888,none,9,edge-9,42.88916083,20.8687529,5207.983676157926,2262.289381464899,9274,299.16129032258067,259.4956171671956
87889,none,8,edge-8,44.28830034,19.88388793,5108.960474889268,2405.2320241610532,14627,471.83870967741933,325.388744891676
87906,none,3,edge-3,50.23400000000001,11.342,4416.749900758343,3014.4121881121823,7894,254.6451612903226,192.3429867829378
87910,none,5,edge-5,50.52017855,12.35223234,4487.794655900119,3048.0451811445,16158,521.2258064516129,188.52660520570265
87922,none,8,edge-8,46.073423049999995,18.21837881,4956.081285208924,2586.292631751489,11589,373.83870967741933,134.3654420057047
87924,none,2,edge-2,51.66184040000001,5.6139979,4017.725353018139,3181.492574571966,16429,529.9677419354839,14.684621857336042
87934,none,3,edge-3,50.088,9.052,4253.151758406638,2997.736036729716,15034,484.96774193548384,147.528827326501
87945,none,7,edge-7,50.082404790000005,20.00046538,5034.287009080756,3045.4051325529213,16178,521.8709677419355,174.68533883266312
87953,none,9,edge-9,42.65585270999999,21.161121730000005,5235.225262327051,2240.160091443698,1527,49.25806451612903,234.89591011841347
87956,none,8,edge-8,44.57801181,20.41493654,5146.760827428791,2442.87062329092,16536,533.4193548387096,306.0591839125273
87960,none,9,edge-9,43.90168176,22.25353084,5302.745112639801,2390.7601444426778,15289,493.19354838709677,198.93761180467646
87963,none,2,edge-2,51.522,7.162000000000001,4124.0800597781135,3160.644094624655,12636,407.61290322580646,93.6982531137219
87969,none,10,edge-10,47.02441832,28.86803198,5738.857126579561,2838.7714892806393,16191,522.2903225806451,279.44705436652873
87975,none,10,edge-10,46.98322409000001,28.86408806,5739.685922096869,2834.237166851131,8912,287.48387096774195,284.0542683431863
87979,none,10,edge-10,47.01554387,28.80780673,5734.684307118001,2836.6547377859965,16178,521.8709677419355,280.6741629174227
87981,none,10,edge-10,46.99385658,28.90808165,5742.622337292267,2836.234990656564,10343,333.64516129032256,282.737025988015
87983,none,10,edge-10,47.00553466,28.84284067,5737.523265037005,2836.243541017829,12394,399.80645161290323,281.6434418469582
87985,none,10,edge-10,47.02387052,28.82907987,5736.017910148648,2837.964037373023,13123,423.3225806451613,279.6540681479637
87991,none,1,edge-1,55.826,-4.09,3443.962633439664,3722.0627315499187,14628,471.8709677419355,451.638408785384
88004,none,1,edge-1,51.506,-2.576,3452.816151308977,3230.101030315043,9616,310.19354838709677,69.83157918145902
88008,none,1,edge-1,51.138,-0.194,3610.188951853804,3163.7804265887844,16615,535.9677419354839,151.8981777552993
88014,none,1,edge-1,51.402,-1.276,3539.907208445212,3203.9495916930937,16615,535.9677419354839,78.31203735132226
88016,none,1,edge-1,52.144,0.088,3644.8678079046344,3272.1292922328566,9668,311.8709677419355,138.40365087525095
88053,none,2,edge-2,49.79,6.512,4069.910069594221,2970.1194930160814,16625,536.2903225806451,211.64656442851208
88060,none,2,edge-2,51.44818735,6.568132649999999,4082.5203456017452,3154.20888188053,16198,522.516129032258,55.93043568288526
88068,none,2,edge-2,51.438,6.706,4092.0420559076906,3152.635218177089,14886,480.19354838709677,65.2539524301134
88085,none,8,edge-8,44.36908759,19.36060504,5066.43900341492,2408.7670621064053,16222,523.2903225806451,310.5365457540092
88126,none,9,edge-9,44.425334539999994,21.9474747,5269.723057712344,2444.293013907515,13201,425.83870967741933,257.68065303792
88128,none,9,edge-9,42.917047079999996,21.73590205,5277.670109536186,2275.9987907757795,6645,214.3548387096774,189.31952269984748
88153,none,5,edge-5,52.34112525,13.4041644,4552.914776086998,3253.380099598579,16339,527.0645161290323,93.74248192647664
88226,none,5,edge-5,53.05350000000001,8.8385,4243.115535344161,3327.8506067419294,16078,518.6451612903226,237.028938370092
88231,none,12,edge-12,40.21337588,44.52432901,7159.68289887536,2566.9785564133995,16539,533.516129032258,240.72968414325697
88234,none,3,edge-3,49.46399999999999,11.126,4402.635774342932,2928.528771574772,16295,525.6451612903226,121.16348565135678
88236,none,4,edge-4,44.506,11.37,4430.155165687795,2378.2378858264296,16179,521.9032258064516,110.44435395187723
88242,none,7,edge-7,49.608,15.57,4723.2090412945545,2959.1690582626693,16501,532.2903225806451,332.06268927611205
88260,none,8,edge-8,46.816,15.874000000000002,4769.163348773923,2651.3678948575116,16546,533.741935483871,240.78207064754415
88262,none,8,edge-8,49.359176,16.656978200000005,4803.935979763656,2938.1242419939754,16632,536.516129032258,300.21370227633145
88264,none,9,edge-9,43.226,28.004,5771.780764340454,2410.54859444484,16560,534.1935483870968,332.18653364794784
88270,none,7,edge-7,50.21221648,15.83361894,4736.932617148679,3027.668561097937,16597,535.3870967741935,275.5340286127742
88298,none,5,edge-5,51.3337656,12.334366140000002,4483.657357785371,3138.4728822058937,3066,98.90322580645162,98.81234142895175
88302,none,5,edge-5,54.08170565999999,13.36957252,4541.4820174355245,3446.7832050254447,16596,535.3548387096774,226.85095411892488
88308,none,9,edge-9,44.46907926,26.0575211,5590.109864540633,2510.2039015971254,16210,522.9032258064516,262.4031017274052
88325,none,8,edge-8,45.07643672,20.95663645,5181.674091737367,2503.8509151939065,16556,534.0645161290323,275.36221990370296
88328,none,3,edge-3,48.190764300000005,11.84268236,4458.052611461065,2788.0680197720644,49957,1611.516129032258,170.16282208943375
88338,none,5,edge-5,53.604,9.88,4313.055398167521,3388.495190948337,16641,536.8064516129032,213.4675651732689
88357,none,3,edge-3,49.102,12.48,4502.103807095302,2890.7036505881574,16621,536.1612903225806,201.2232450137132
88381,none,3,edge-3,49.31350675,6.751122770000001,4084.804840089777,2916.3862245848554,10879,350.93548387096774,225.9862462296809
88439,none,8,edge-8,44.64224308,20.950959670000003,5187.932962301241,2456.0162629126403,15404,496.9032258064516,316.806978183997
88441,none,3,edge-3,50.489999999999995,9.802,4306.9482466156305,3042.0294856326127,16616,536.0,183.03956290579856
88506,none,3,edge-3,48.2628073,14.2630452,4637.456266950607,2803.504398180891,12793,412.6774193548387,338.64854531066646
88512,none,9,edge-9,40.58041266,22.95028925,5416.634858175968,2036.4939700313757,8034,259.16129032258067,247.17308522621252
88520,none,3,edge-3,48.446,8.834,4234.707910526371,2815.408662103881,16597,535.3870967741935,81.36064681325571
88522,none,9,edge-9,44.46267443,26.19680285,5601.066371317642,2511.8887536939706,11574,373.35483870967744,269.17909081270864
88539,none,2,edge-2,51.212,6.98,4110.0380211548045,3126.6864836760883,14933,481.7096774193548,93.53388920287905
88547,none,9,edge-9,43.224,27.996,5771.19986875489,2410.1765227375613,16503,532.3548387096774,331.50561613663325
88561,none,2,edge-2,51.5126784,5.494631,4008.4609100523517,3165.426431544436,16402,529.0967741935484,26.918718451766072
88624,none,9,edge-9,43.91978711,21.37259147,5232.520931721601,2381.599987687352,16534,533.3548387096774,256.1253866530674
88627,none,2,edge-2,52.08392348999999,4.29169214,3930.160186608028,3234.6580987287466,10381,334.8709677419355,116.42916839008552
88628,none,8,edge-8,45.36112412,19.53459458,5066.87221869815,2519.878945231739,16545,533.7096774193549,203.28872572954467
88633,none,3,edge-3,48.95861307,8.28508615,4195.388782544001,2873.1736770501484,8767,282.80645161290323,108.92398665538039
88643,none,8,edge-8,46.52484528,17.41907805,4889.756402790533,2629.7216099512852,13368,431.2258064516129,139.53159541647014
88705,none,5,edge-5,51.019999999999996,13.638,4576.152505790673,3107.315179257072,4187,135.06451612903226,171.65319500706548
88725,none,9,edge-9,43.8523118,21.42036274,5237.389388843587,2374.76896321683,13407,432.48387096774195,248.95581928116297
88734,none,2,edge-2,52.364,6.58,4088.127336303557,3255.9736105387756,15329,494.48387096774195,95.7433044380542
88738,none,5,edge-5,50.732,14.754,4656.379100018639,3079.8244051558745,16544,533.6774193548387,249.2507378133625
88743,none,3,edge-3,48.71628947,9.2688936,4267.182719547391,2845.038941545987,14106,455.03225806451616,38.81435786470947
88745,none,8,edge-8,47.87,18.18,4931.885322742531,2784.558345387018,43713,1410.0967741935483,100.53203618296749
88748,none,8,edge-8,48.15,17.07,4846.406949117643,2807.002465516673,93215,3006.935483870968,182.05190354591835
88749,none,8,edge-8,47.76,18.12,4928.728831522675,2771.899481963365,40767,1315.0645161290322,94.32278476755786
88765,none,2,edge-2,51.39,6.71,4092.0799442442653,3147.2869526779277,20076,647.6129032258065,67.57478972072855
88773,none,8,edge-8,46.903999999999996,15.19,4716.420798964924,2657.230540302927,12239,394.80645161290323,290.92945247558714
88777,none,3,edge-3,50.102,8.854,4239.0061749374245,2999.495158270056,10089,325.4516129032258,154.52269329026
88785,none,7,edge-7,51.2237,16.1604,4750.778449427697,3141.7584052515763,36952,1192.0,209.59490496723015
88787,none,9,edge-9,42.616,23.376,5415.385548980843,2265.401967688276,15808,509.93548387096774,53.221326266359206
88792,none,5,edge-5,52.586,13.284,4543.4996854516485,3280.228635944563,16437,530.2258064516129,94.19316189975578
88801,none,3,edge-3,49.08113011,8.39687258,4203.866055330894,2886.607934963866,16574,534.6451612903226,103.27553371749873
88809,none,5,edge-5,52.38535529,13.39390469,4551.986069125207,3258.264515553753,16524,533.0322580645161,93.9391805233134
88814,none,2,edge-2,51.69897463,4.88136077,3967.445048105271,3188.915110468466,12890,415.80645161290323,65.48297550324618
88818,none,9,edge-9,42.66,23.276,5406.500145554763,2268.766576598535,16092,519.0967741935484,61.24936607865403
88830,none,4,edge-4,44.50506149999999,11.369504,4430.117459110291,2378.133095524975,16147,520.8709677419355,110.45170690742168
88832,none,8,edge-8,47.751452490000005,19.09122884,5001.13421456504,2779.4194307131443,12809,413.19354838709677,66.87250477365586
88837,none,0,edge-0,41.408,2.158,3663.9542778859736,2068.2067726994696,3591,115.83870967741936,267.8381636155676
88839,none,9,edge-9,42.13,24.784,5538.786547461062,2233.9492358920443,16139,520.6129032258065,84.50294953878347
88872,none,1,edge-1,47.83200000000001,-3.872,3288.82234642916,2843.7703142506975,15940,514.1935483870968,482.8485304490544
88874,none,8,edge-8,48.01,21.748,5193.758940101455,2835.877930973695,13389,431.9032258064516,227.95717864036334
88876,none,2,edge-2,51.422,5.434,4003.6319519613594,3155.6157508113097,16620,536.1290322580645,36.41302665757867
88888,none,9,edge-9,42.55439467,21.90027757,5296.869599407316,2238.3168581461996,16306,526.0,174.7824214142532
88895,none,9,edge-9,42.138,24.76,5536.67768627234,2234.4338461651387,15952,514.5806451612904,82.45832516058022
88897,none,2,edge-2,51.416,5.388000000000001,4000.3974903207063,3155.1502767246575,13119,423.19354838709677,39.26484044299386
88908,none,9,edge-9,42.024,21.438,5267.5869257979775,2174.210246650454,15407,497.0,225.0078641706806
88910,none,7,edge-7,51.102,17.002,4810.587471872237,3133.560405964733,126613,4084.2903225806454,156.28781367719026
88930,none,8,edge-8,44.58212167000001,20.61188847,5162.19644624777,2445.5216018410165,14068,453.80645161290323,311.3764929876366
8894,none,3,edge-3,48.622,9.23,4264.2127448688525,2834.587014939073,16239,523.8387096774194,46.174007028272534
88974,none,9,edge-9,44.76524435000001,21.51729073,5230.378561270431,2476.28321898386,16468,531.2258064516129,308.38360259144184
88976,none,2,edge-2,52.6439783,4.7461576,3965.72500298835,3294.4971722770956,117951,3804.8709677419356,133.75558250356144
88985,none,5,edge-5,53.1122099,8.75348836,4237.52885195436,3334.477546587983,16615,535.9677419354839,244.80208516023015
89008,none,3,edge-3,50.428,8.378,4205.748575390972,3036.3895849148676,20053,646.8709677419355,202.4652853973822
89010,none,3,edge-3,48.9021059,9.41047999,4277.766561883538,2865.6022063644714,108636,3504.3870967741937,26.454115565713487
89051,none,7,edge-7,51.07390854,17.04348564,4813.777180605627,3130.7262116213947,15776,508.9032258064516,154.64454142909938
89057,none,8,edge-8,45.11535189,20.61788808,5154.689095918265,2504.2829007576756,16425,529.8387096774194,258.2201839643362
89058,none,9,edge-9,43.216032,22.31066651,5318.982543902173,2316.29290904155,16573,534.6129032258065,152.74342195888
89074,none,3,edge-3,49.228,10.578,4363.109520492915,2901.827731457793,16218,523.1612903225806,73.47483528876836
89078,none,5,edge-5,51.13,13.658,4576.944758447335,3119.6096241901982,16230,523.5483870967741,163.30199090806542
89084,none,3,edge-3,48.07547145,11.87863583,4461.043659979228,2775.3253247817315,11560,372.9032258064516,178.49445396002653
89099,none,5,edge-5,50.20088,14.8298656,4665.579555386188,3021.204206620154,16522,532.9677419354839,295.625967609988
89112,none,2,edge-2,50.862,2.904,3822.2901842326946,3107.6005389181787,16604,535.6129032258065,221.39192138331165
89134,none,8,edge-8,45.109758,20.621359,5155.043513942638,2503.7059260633546,16559,534.1612903225806,258.8950696112421
89137,none,2,edge-2,50.976,3.924,3894.816186531959,3113.7886170881648,15209,490.61290322580646,151.68345770773757
89151,none,8,edge-8,48.184,17.044,4844.130490126183,2810.5826722804563,6331,204.2258064516129,185.86496472266109
89153,none,2,edge-2,50.65,6.888,4100.972130619613,3064.484064834915,16058,518.0,133.09466493607653
89157,none,5,edge-5,53.092,8.806,4241.0075381071965,3332.169746287689,16582,534.9032258064516,240.68572088952223
89169,none,5,edge-5,54.776,9.434,4284.565640111855,3519.0551941679305,56744,1830.4516129032259,334.704242039123
89171,none,7,edge-7,52.488,16.73,4777.414648066115,3285.428947157144,14334,462.38709677419354,194.74002853761988
89187,none,3,edge-3,49.398,11.094,4400.423362932832,2921.1555080568596,4294,138.51612903225808,115.22047606587275
89189,none,3,edge-3,48.983999999999995,9.552,4288.199286683812,2874.633612581767,124,4.0,21.78067811345472
89191,none,2,edge-2,52.40743005,4.90772177,3974.7784644238313,3267.4529241716796,16573,534.6129032258065,105.92776887408424
89195,none,7,edge-7,52.248,21.036,5071.4045391907,3294.6234451415085,10193,328.80645161290323,152.41037259657472
8920,none,9,edge-9,42.644,23.274,5406.6297677330485,2266.986178706944,16556,534.0645161290323,61.42968519941398
89201,none,9,edge-9,42.678,23.242,5403.426029369416,2270.24622879263,16607,535.7096774193549,64.0793407392451
89207,none,9,edge-9,43.25,27.85,5759.050490681841,2410.1754664373134,16331,526.8064516129032,320.3919085427335
89209,none,9,edge-9,42.69,23.352,5412.0906888325135,2273.152040567176,14721,474.8709677419355,55.141270436441715
89211,none,9,edge-9,42.684,23.346,5411.716092236688,2272.40812321218,16592,535.2258064516129,55.59054318804449
89213,none,9,edge-9,42.664,23.28,5406.750485082253,2269.262281527508,5099,164.48387096774192,60.925190054608024
89215,none,9,edge-9,42.73,23.302,5407.323370578753,2276.8053874226016,16344,527.2258064516129,59.673607035165034
89225,none,9,edge-9,39.644,22.426,5388.196735053671,1926.587725178459,16518,532.8387096774194,360.60889079504307
89232,none,3,edge-3,49.178,10.656,4368.840629978858,2896.316231191499,16170,521.6129032258065,75.32910084253487
89236,none,2,edge-2,52.47203535,4.84107975,3970.7678737013603,3274.9455699015325,16325,526.6129032258065,114.4011077964593
89240,none,9,edge-9,42.604,23.398,5417.384188212795,2264.409547781316,16327,526.6774193548387,51.54852066869825
89241,none,8,edge-8,45.57000000000001,18.612,4992.530858431325,2534.1464162660827,16601,535.516129032258,178.66000595743782
89258,none,7,edge-7,49.845114820000006,20.33661371,5061.744641522321,3022.557972027411,2577,83.12903225806451,208.19160982500333
89270,none,3,edge-3,50.0286906,8.1279869,4186.86641349778,2992.412291949312,19564,631.0967741935484,177.11582774325714
89275,none,3,edge-3,50.028690600000004,8.1279869,4186.86641349778,2992.4122919493125,4029,129.96774193548387,177.11582774325746
89278,none,9,edge-9,44.43697656,26.08395159,5592.884367906993,2507.1569024781465,12262,395.5483870967742,261.0432389166355
89284,none,9,edge-9,44.4417287,26.12948209,5596.313571339933,2508.4527817241496,15043,485.258064516129,263.8431697189434
89298,none,2,edge-2,51.43985957000001,5.44167906,4004.288577246133,3157.5661378491222,10264,331.0967741935484,34.70001457363777
89300,none,3,edge-3,50.0286906,8.1279869,4186.86641349778,2992.412291949312,2693,86.87096774193549,177.11582774325714
89302,none,3,edge-3,50.0286906,8.1279869,4186.86641349778,2992.412291949312,2695,86.93548387096774,177.11582774325714
89304,none,3,edge-3,50.0286906,8.1279869,4186.86641349778,2992.412291949312,2690,86.7741935483871,177.11582774325714
89306,none,3,edge-3,50.0286906,8.1279869,4186.86641349778,2992.412291949312,2680,86.45161290322581,177.11582774325714
89311,none,9,edge-9,42.694,23.288000000000004,5406.850017492181,2272.6620071981583,16575,534.6774193548387,60.40477012350733
89313,none,5,edge-5,51.318,12.418,4489.540374553814,3136.909245634941,13157,424.4193548387097,101.82164899885439
89316,none,2,edge-2,51.438,5.44,4004.159207971247,3157.366872406197,15809,509.96774193548384,34.92307695621931
89318,none,9,edge-9,39.648,22.432,5388.641180812873,1927.1096062168724,16367,527.9677419354839,360.0026655410627
89322,none,8,edge-8,49.14231303,16.55321807,4798.539924170258,2913.413273936819,16126,520.1935483870968,285.9332671202484
89326,none,3,edge-3,50.226,8.06,4182.570009835077,3014.4773439779174,16611,535.8387096774194,196.8832705269591
89330,none,11,edge-11,55.802,37.404,5992.212906250864,3957.542593609871,16492,532.0,60.67407511678123
89332,none,9,edge-9,42.6,23.596,5433.461913509763,2266.8838748497983,16576,534.7096774193549,35.46324780433008
89339,none,3,edge-3,49.2396419,6.98724824,4101.629388493591,2907.448223506241,5540,178.70967741935485,207.49011953362927
89343,none,12,edge-12,43.38399999999999,40.084,6690.847135986313,2738.5175180329743,16307,526.0322580645161,314.3694960320706
89368,none,3,edge-3,48.976,9.584,4290.5372386357085,2873.7304659738456,16607,535.7096774193549,19.53088043428357
89380,none,7,edge-7,53.90066122,23.24872255,5186.376009215783,3501.011000532721,14526,468.5806451612903,381.6579964203827
89384,none,3,edge-3,49.55348289,8.65373164,4223.575860494335,2938.7462306482807,38822,1252.3225806451612,112.8088163894672
89387,none,9,edge-9,42.668,23.251999999999995,5404.415571417013,2269.2957120474975,16437,530.2258064516129,63.22930504765413
89389,none,10,edge-10,50.45511659,30.629342790000003,5763.81247142624,3243.4263150321694,13525,436.2903225806452,155.90794874823018
89391,none,10,edge-10,50.51200000000001,30.796,5773.339696228429,3252.8566420344923,10871,350.6774193548387,169.00704395701885
89393,none,3,edge-3,48.778,9.276,4267.771774611444,2851.8936794316787,16645,536.9354838709677,36.32489377621178
89395,none,2,edge-2,52.37200000000001,4.632,3955.7788202595534,3264.8669920547563,12846,414.38709677419354,115.34577833541425
89414,none,3,edge-3,48.434,10.518,4359.346209811774,2813.5276503920063,16337,527.0,72.11848565724432
89427,none,9,edge-9,42.018,23.67,5450.302371027076,2204.3304619962755,16215,523.0645161290323,76.007211898483
89435,none,8,edge-8,45.37034744,20.39927049,5133.89738496191,2529.944728359494,16395,528.8709677419355,225.2369961774666
89438,none,3,edge-3,47.244,11.284,4418.279850631201,2682.0005028505575,16456,530.8387096774194,211.03840169253604
89440,none,9,edge-9,42.62200000000001,23.8,5449.526000764716,2272.334592209111,16573,534.6129032258065,18.500229158036667
89446,none,3,edge-3,48.31493445,8.37837634,4200.681427683005,2801.480462722914,16628,536.3870967741935,117.72995833169037
89457,none,5,edge-5,50.0743199,14.391948799999998,4635.215154141686,3005.1841195357733,16523,533.0,288.0840884559207
89463,none,4,edge-4,45.648,4.232,3871.2427522591915,2521.358300636871,13659,440.61290322580646,468.2492174483401
89468,none,2,edge-2,51.6788881,5.130546,3984.477495873002,3185.5060088497758,16623,536.2258064516129,48.1276731767251
89474,none,2,edge-2,52.397295500000006,4.6386006,3956.435024094303,3267.6420944707143,15745,507.9032258064516,117.0162681650645
89483,none,5,edge-5,50.09,14.464,4640.257852725883,3007.2365278563457,16574,534.6451612903226,289.5453895350708
89489,none,9,edge-9,42.70702,23.277347000000002,5405.75262199479,2273.933297649921,11528,371.8709677419355,61.3897748228767
89495,none,7,edge-7,52.244,20.952,5065.810052659237,3293.3189442476682,9528,307.35483870967744,147.2433352722628
89503,none,2,edge-2,51.216,7.144,4121.504631123359,3126.670649053195,16619,536.0967741935484,103.2944364571889
89511,none,2,edge-2,50.845813,4.3579312,3924.071134494219,3096.902803071507,4817,155.38709677419354,135.272435429745
89515,none,8,edge-8,46.97624761,24.63702857,5427.411006621295,2761.1771584588073,16188,522.1935483870968,428.1392919824375
89517,none,8,edge-8,46.96857539,24.660138489999998,5429.293812426655,2760.6842943556467,14845,478.8709677419355,429.9545165182208
89519,none,9,edge-9,42.6,23.472,5423.4400450656285,2265.055172234063,15225,491.1290322580645,45.558247878998095
89521,none,3,edge-3,48.0835839,11.659417,4444.6855350414335,2775.835448688058,15506,500.19354838709677,163.96610639827978
89523,none,0,edge-0,44.794,-0.676,3477.942629286601,2469.564023676887,16565,534.3548387096774,319.195731618771
89531,none,0,edge-0,43.314,-5.686,3055.562201816085,2378.0204295401577,16535,533.3870967741935,418.6882957073402
89538,none,9,edge-9,45.63244950000001,25.98748326,5558.460757481837,2635.8102917709853,16157,521.1935483870968,368.8495167061111
89540,none,9,edge-9,45.63225304,25.994660850000002,5559.010945886001,2635.908581129775,16183,522.0322580645161,369.08155089831655
89542,none,9,edge-9,45.59568473,25.99176943,5559.620607541939,2631.874188310667,7092,228.7741935483871,365.33013009049773
89544,none,9,edge-9,45.60587851,26.02072656,5561.592062582315,2633.4689469388536,16189,522.2258064516129,367.3757868690447
89554,none,2,edge-2,52.34265436,5.51942021,4015.857269252065,3257.5209373434373,16525,533.0645161290323,80.80817575756691
89558,none,9,edge-9,42.688,23.33,5410.350945701466,2272.6136543671273,15823,510.4193548387097,56.926126922489175
89560,none,2,edge-2,52.336,5.522,4015.9870027448246,3256.7708699390173,16481,531.6451612903226,80.0473347797583
89565,none,8,edge-8,45.388,19.877999999999997,5093.182984457618,2526.341677557683,15144,488.51612903225805,207.31956464640686
89571,none,2,edge-2,51.718,5.372,4001.4133362984126,3188.764035570829,12170,392.5806451612903,32.37628864339059
89573,none,2,edge-2,52.54,5.518,4017.1187116089486,3279.450826220546,15804,509.80645161290323,102.19451764254133
89587,none,5,edge-5,52.47399999999999,13.372,4550.037529271797,3268.0500388511914,14967,482.80645161290323,95.03479655014345
89590,none,2,edge-2,52.37,5.48,4013.3661982758267,3260.724753040486,15654,504.96774193548384,84.46579141979046
89592,none,2,edge-2,52.274,5.442,4010.112811541395,3250.221716209144,16633,536.5483870967741,75.14542332712512
89598,none,2,edge-2,52.72736168000001,5.750082140000001,4034.0577203939774,3299.324845343409,16531,533.258064516129,120.98506532634097
89602,none,2,edge-2,52.67999999999999,5.666,4028.072429430239,3294.397752111027,813,26.225806451612904,116.11053520889278
89624,none,2,edge-2,50.230746700000005,2.1142714,3759.5380527681414,3043.406914424509,16579,534.8064516129032,304.1143614612683
89630,none,2,edge-2,52.64036139,5.72661549,4031.9031516362643,3289.7509025582885,16580,534.8387096774194,111.39493760583608
89640,none,0,edge-0,43.54,-5.662,3062.360185754913,2402.2504327508514,16448,530.5806451612904,426.36535202506144
89662,none,2,edge-2,52.37353383999999,5.2391696,3997.0273180212575,3262.162296639615,16604,535.6129032258065,90.83802617179326
89664,none,2,edge-2,52.37355192,5.23917139,3997.0275716853525,3262.164296824221,16579,534.8064516129032,90.83977366723306
89675,none,2,edge-2,52.358000000000004,5.208,3994.795581706642,3260.576194756702,13330,430.0,90.27519032719695
89677,none,5,edge-5,55.514,13.21,4523.817538827598,3605.555767663642,16610,535.8064516129032,376.16154089871014
89681,none,2,edge-2,52.36,5.198,3994.130728261717,3260.843194464468,16608,535.741935483871,90.79424163708426
89686,none,2,edge-2,52.34000000000001,5.188,3993.3035680787953,3258.6668365724977,16632,536.516129032258,89.17812324158457
89699,none,2,edge-2,52.343999999999994,5.216000000000001,3995.2365259756084,3258.9854141987707,16626,536.3225806451613,88.6446493785821
89701,none,2,edge-2,52.7221975,5.640466099999999,4026.632234938318,3299.1893249221393,8423,271.7096774193548,120.95557692115932
89702,none,0,edge-0,43.542,-5.662,3062.403554970785,2402.468457017045,39637,1278.6129032258063,426.45511185129135
89707,none,2,edge-2,52.3996835,5.1738394,3992.782753544558,3265.3594175916396,6171,199.06451612903226,95.4628371767104
89709,none,12,edge-12,40.806,43.854,7082.520098562125,2602.4468614121843,9181,296.16129032258067,167.93508706473563
89711,none,7,edge-7,52.514,16.736,4777.551298888457,3288.34918504871,16593,535.258064516129,195.92250427598893
89717,none,2,edge-2,52.346,5.232,3996.3388554605135,3259.13606206983,4651,150.03225806451613,88.3300474107062
89719,none,2,edge-2,52.376,5.268,3999.003911195718,3262.308269609556,16632,536.516129032258,90.22974836147118
89727,none,2,edge-2,52.495219,5.505052,4015.9328328425395,3274.530107211885,16616,536.0,97.51863978926356
89734,none,2,edge-2,51.926,4.562,3947.3147235223205,3215.7116976878065,16622,536.1935483870968,92.62335273369379
89740,none,3,edge-3,50.236000000000004,8.156000000000002,4189.446116772903,3015.412567702682,16542,533.6129032258065,193.4952284186341
89753,none,3,edge-3,50.00623855,9.19862145,4263.546786944455,2988.5180509977,16185,522.0967741935484,135.4844927661278
89782,none,2,edge-2,52.528,5.448,4012.295854656883,3278.4124729858045,16623,536.2258064516129,101.99186232234015
89799,none,2,edge-2,52.496,5.422,4010.3102100276014,3274.9683450312473,16315,526.2903225806451,99.03264138534824
89801,none,2,edge-2,52.726,5.785999999999999,4036.4707964677505,3299.0323625519572,16627,536.3548387096774,120.7564477202492
89802,none,8,edge-8,47.97,21.72,5192.383524347927,2831.146553420114,13296,428.9032258064516,224.2640824149604
89805,none,2,edge-2,52.5318933,5.5022652,4015.9974209347656,3278.616072974649,16609,535.7741935483871,101.5402737054792
89808,none,4,edge-4,46.16,5.71,3989.457772863402,2570.3368253961753,16528,533.1612903225806,370.3011038570013
89810,none,2,edge-2,52.516,5.446,4012.0764525928107,3277.0878944912406,16592,535.2258064516129,100.7360661564433
89812,none,7,edge-7,51.13,16.99,4809.455195563297,3136.583119253722,12657,408.2903225806452,156.06957085136403
89814,none,7,edge-7,50.056,21.978,5174.479328465789,3063.646776152301,7010,226.1290322580645,260.544096340426
89822,none,8,edge-8,42.974,17.022,4894.55742610826,2234.241453784614,16409,529.3225806451613,490.239645139597
89831,none,2,edge-2,52.404,5.279999999999999,4000.0219373706495,3265.3653169327035,14454,466.258064516129,92.72407686320544
89852,none,2,edge-2,50.57600000000001,7.416,4137.995570444732,3054.8048609069006,15852,511.35483870967744,162.74181707544776
89865,none,2,edge-2,52.5346489,5.6961302,4029.143960294349,3278.126878172222,16319,526.4193548387096,99.81371666649922
89867,none,2,edge-2,52.514,5.524,4017.3460827782465,3276.5372975879,1169,37.70967741935484,99.27928025851075
89872,none,2,edge-2,52.49956185,5.70845425,4029.7471815568124,3274.178988240293,16634,536.5806451612904,95.85107274373354
89874,none,2,edge-2,52.35999999999999,5.29,4000.3828996369,3260.433965220862,16497,532.1612903225806,87.98249648929345
89878,none,3,edge-3,48.4,10.886,4386.631429693646,2810.0078553361373,353,11.387096774193548,96.60118634553406
89880,none,2,edge-2,52.53,5.682,4028.1562064584855,3277.66713467496,16615,535.9677419354839,99.3881769234268
89882,none,9,edge-9,42.608,23.498,5425.393724138184,2266.31260290386,16537,533.4516129032259,43.32520131520994
89888,none,2,edge-2,52.51372349,5.700455899999999,4029.298642847093,3275.7845252740217,16635,536.6129032258065,97.46787286017268
89890,none,2,edge-2,52.5089452,5.444504399999999,4011.9257722330663,3276.3105376144213,16580,534.8387096774194,100.00453951595586
89893,none,8,edge-8,49.165331359999996,16.305143240000003,4780.299247882654,2914.385046354092,16182,522.0,299.84313351098046
89900,none,0,edge-0,43.514,1.49,3632.7978093119646,2306.3388713802906,15433,497.83870967741933,266.8452190919662
89907,none,0,edge-0,43.514,1.4819999999999998,3632.154011807609,2306.412322481654,16599,535.4516129032259,266.352395585673
89909,none,2,edge-2,51.16,7.063999999999999,4115.670737714906,3120.6662515335383,16524,533.0322580645161,101.57271420422599
89911,none,2,edge-2,52.34391839,5.20704478,3994.6271448162197,3259.016468110354,16632,536.516129032258,88.92775990417434
89919,none,1,edge-1,48.385257,-1.82161819,3449.3182364937907,2878.0285792267196,16594,535.2903225806451,400.842960537664
89921,none,3,edge-3,49.27,13.89,4604.010614133618,2913.8158041854003,16606,535.6774193548387,305.57309112252443
89929,none,2,edge-2,52.51330317,5.67137003,4027.325210793386,3275.8548464858845,16631,536.483870967742,97.61419323313659
89943,none,9,edge-9,42.672,23.231999999999996,5402.727115377757,2269.445254242677,16526,533.0967741935484,64.87928182980149
89945,none,9,edge-9,42.67399999999999,23.328000000000003,5410.44538782881,2271.0522052145548,16606,535.6774193548387,57.01471252180594
89947,none,9,edge-9,41.564,23.276,5426.319005978515,2148.830140134976,16599,535.4516129032259,135.88099569075203
89951,none,9,edge-9,42.68704383,23.295505639999995,5407.582947926948,2272.009126591059,16592,535.2258064516129,59.74255828019513
89953,none,11,edge-11,55.886871240000005,37.52542377,5995.542702554097,3969.224417172383,11171,360.35483870967744,50.54086078444058
89955,none,2,edge-2,52.52,5.708,4029.851176581423,3276.4516831319247,16623,536.2258064516129,98.12070712036564
89957,none,4,edge-4,45.57600000000001,9.126,4252.684620042276,2496.3469656966945,16087,518.9354838709677,106.22557207030886
89964,none,2,edge-2,52.073343,4.757634,3961.911211880793,3231.085186286293,8028,258.96774193548384,87.7654146051602
89966,none,2,edge-2,52.07334,4.75763,3961.9109143871306,3231.0848729305117,8074,260.4516129032258,87.76546416054559
89968,none,3,edge-3,48.38205865,10.86307369,4384.956000699112,2807.9936535279585,10142,327.16129032258067,96.21424807718303
89972,none,2,edge-2,52.963440000000006,7.1021600000000005,4126.332115120145,3321.0889429015856,8014,258.51612903225805,171.04913014027412
89979,none,11,edge-11,53.784,39.24,6187.946262902081,3793.6569896812575,16046,517.6129032258065,306.5494817336761
89981,none,9,edge-9,42.56408445,23.17992657,5400.469322554365,2256.8815250113453,16191,522.2903225806451,69.92545119861913
9000,none,2,edge-2,53.368403,6.77335,4106.281287234114,3367.046438640626,16217,523.1290322580645,202.75896591710762
90005,none,3,edge-3,49.206,7.944,4171.16600093093,2901.309264815271,15923,513.6451612903226,138.8205788703326
90011,none,0,edge-0,44.755511119999994,-0.4127295,3498.0122487425306,2462.3878356380924,16608,535.741935483871,317.0658135417858
90027,none,2,edge-2,52.334,5.332000000000001,4003.051195961035,3257.361745400099,16638,536.7096774193549,84.16678944358463
90029,none,5,edge-5,52.23526945,10.5066733,4355.614506501164,3236.2986531499914,16184,522.0645161290323,105.45729797354127
90033,none,2,edge-2,52.398,5.278,3999.8426712644564,3264.7076966754403,16618,536.0645161290323,92.16979782677213
90039,none,3,edge-3,48.53,12.154000000000002,4480.1262153168655,2826.3872581487217,16109,519.6451612903226,179.72457908329133
90041,none,3,edge-3,48.0,7.788,4155.868916062218,2767.628889623977,15321,494.2258064516129,173.53845000199195
90043,none,9,edge-9,42.66,23.324000000000005,5410.378136786749,2269.461742800592,16612,535.8709677419355,57.310242153315784
90045,none,9,edge-9,42.61,23.5,5425.518362166965,2266.560862245834,16436,530.1935483870968,43.13630354105941
90047,none,9,edge-9,42.706,23.32627240677966,5409.720870649469,2274.5298695519073,14750,475.80645161290323,57.38899412816034
90051,none,2,edge-2,50.962,4.136,3909.524789837914,3111.0211038490597,13743,443.3225806451613,139.82703556662003
90053,none,9,edge-9,42.716,23.144,5394.823303527021,2272.999452425978,15893,512.6774193548387,72.35835412403644
90063,none,5,edge-5,51.04428508,13.74533951,4583.535695603278,3110.3939072866738,19995,645.0,174.48255346995018
90066,none,2,edge-2,51.43216322,6.89872665,4105.400920886939,3151.399732269427,16597,535.3870967741935,78.12750628082982
90069,none,9,edge-9,42.703869299999994,23.333950300000005,5410.379626879346,2274.4080219024213,12481,402.61290322580646,56.74045292341547
90073,none,9,edge-9,42.65547845,23.25545132,5404.922021200161,2267.974757675463,16383,528.483870967742,62.93539564893909
90078,none,2,edge-2,52.33,5.532,4016.626034953559,3256.0624488220765,16563,534.2903225806451,79.22643586414628
90084,none,5,edge-5,51.04403347,13.746790589999998,4583.638735314879,3110.3711581952934,20070,647.4193548387096,174.57109344279235
90086,none,8,edge-8,46.944373,17.698842,4906.460055104058,2678.3010935012608,57378,1850.9032258064517,101.53359511758082
9009,none,2,edge-2,51.424,6.762,4095.862623989881,3150.904827985885,16190,522.258064516129,69.44731669400667
90095,none,9,edge-9,42.66,23.25,5404.39935642101,2268.3910696151106,16599,535.4516129032259,63.38313559064437
90100,none,3,edge-3,48.675973000000006,9.383791,4275.603494202158,2840.4800217700567,12178,392.83870967741933,33.40630446835522
90104,none,2,edge-2,52.5012074,5.4145749,4009.8437533578804,3275.57855130966,16014,516.5806451612904,99.73094720068148
90112,none,7,edge-7,51.092,17.064,4815.01393293741,3132.8695329335324,16465,531.1290322580645,152.58860967191814
90114,none,5,edge-5,51.08,13.75,4583.659340560704,3114.379483168571,16087,518.9354838709677,171.75492292133112
90124,none,12,edge-12,44.998,39.08,6551.664984160332,2875.553715230199,13965,450.48387096774195,469.98430504454734
90127,none,3,edge-3,49.8471287,9.60802678,4292.8045040996285,2970.5844310946923,16497,532.1612903225806,112.06098853609545
90134,none,2,edge-2,52.356,5.304,4001.305555354336,3259.928081578531,16408,529.2903225806451,87.18089576089592
90138,none,4,edge-4,43.644,11.078,4408.192016880462,2282.2994410771703,38349,1237.0645161290322,160.9447109057094
90150,none,2,edge-2,52.706,5.920000000000001,4045.3816443194983,3296.293675539874,14105,455.0,118.68632683051969
90154,none,2,edge-2,51.6933295,5.1317793,3984.6696691538527,3187.1040762759335,16616,536.0,48.20190178151679
90162,none,2,edge-2,51.687935700000004,5.1370328,3984.9920401752797,3186.4808687087875,16606,535.6774193548387,47.77499688256809
90168,none,0,edge-0,39.454,-0.396,3424.19242135111,1879.5358469284622,6876,221.80645161290323,278.14060096922486
90170,none,2,edge-2,52.328,5.55,4017.8368309106827,3255.7651435408634,12295,396.61290322580646,78.70689855426257
90185,none,2,edge-2,51.70101703,5.20293832,3989.633756661679,3187.632152346845,16563,534.2903225806451,43.43931190099988
90190,none,9,edge-9,42.69,23.364,5413.0595427679145,2273.3265160752308,16547,533.7741935483871,54.16014022211321
90197,none,9,edge-9,42.588,23.358,5414.44300857026,2262.075262410909,15437,497.96774193548384,55.03427458281934
90211,none,2,edge-2,51.704,5.148,3985.8672666256466,3188.2144174347836,9163,295.5806451612903,47.243848791054425
90215,none,2,edge-2,53.014,6.554,4089.806941752045,3328.317562381642,16133,520.4193548387096,160.69184671489148
90225,none,8,edge-8,47.7563715,18.54586676,4960.48853009786,2775.0924913345552,34459,1111.5806451612902,75.0856341128289
90228,none,9,edge-9,42.67,23.345999999999997,5411.97235942396,2270.8757434370787,16317,526.3548387096774,55.52504954119536
90230,none,9,edge-9,42.056,24.77,5539.137624223429,2225.6467823330536,16581,534.8709677419355,89.4414341934485
90232,none,11,edge-11,55.70399999999999,37.918,6025.954425202591,3959.5360705449307,16412,529.4193548387096,74.8134813986862
90252,none,9,edge-9,42.656,23.314,5409.643291188019,2268.8788682923728,3650,117.74193548387096,58.12952819790749
90257,none,2,edge-2,53.16,6.614,4094.593164290801,3344.360020412921,16528,533.1612903225806,177.38746381501085
90262,none,9,edge-9,42.884,20.858,5207.190219897052,2261.595239683331,7494,241.74193548387098,260.33164872645955
90264,none,0,edge-0,41.4176359,2.2049716,3667.9755591779913,2068.861340715729,5611,181.0,271.4191305768322
90266,none,0,edge-0,41.418,2.204,3667.898330052372,2068.9098569526345,2,0.06451612903225806,271.33030192697726
90274,none,3,edge-3,48.214,12.248,4488.112429024242,2791.4843478426887,16624,536.258064516129,196.68272899072008
90278,none,9,edge-9,42.662,23.342,5411.795661680184,2269.941983998488,11761,379.38709677419354,55.835341029350495
90284,none,2,edge-2,52.17953482000001,5.39837748,4006.476106621637,3239.915481977971,9444,304.64516129032256,66.66830190048674
90290,none,8,edge-8,48.20649218,16.43061697,4798.503400375839,2808.9161312928295,1871,60.354838709677416,225.1970717670754
90296,none,2,edge-2,52.3353425,5.54780334,4017.7375302142277,3256.590012286264,16627,536.3548387096774,79.53614091023465
90298,none,2,edge-2,52.318,5.546,4017.4964167948647,3254.6708584303674,13372,431.35483870967744,77.69404849292239
90299,none,10,edge-10,52.476,31.022,5726.424651900786,3468.2576849675092,4722,152.32258064516128,359.31439282048234
90302,none,9,edge-9,42.02,23.99,5476.358578369811,2209.40768729864,15508,500.258064516129,69.71385186012765
90304,none,7,edge-7,50.21998925,19.25659209,4979.662200711295,3053.633160219478,13306,429.2258064516129,148.53959177423465
90307,none,2,edge-2,52.3409997,5.138108,3989.9192013860315,3259.003651013894,16181,521.9677419354839,90.9989659507744
90332,none,9,edge-9,42.6959303,23.70281485,5440.290066785745,2278.965746759404,1671,53.903225806451616,26.68751122235263
90334,none,1,edge-1,51.50699384,-0.23418902999999996,3613.128112760941,3204.8861535131728,10714,345.61290322580646,127.49922691246206
90340,none,2,edge-2,52.70399999999999,5.732,4032.6849603053943,3296.800579245105,16058,518.0,118.4460783653012
90342,none,9,edge-9,42.672,23.322,5409.997328718415,2270.7462430999512,16516,532.7741935483871,57.49936484919277
90344,none,5,edge-5,54.86200000000001,10.73,4367.892155433535,3528.719630928939,10064,324.64516129032256,308.45967533688423
90348,none,11,edge-11,59.11399999999999,38.006,5880.024508563656,4314.557225524601,12731,410.6774193548387,313.6653896348154
9035,none,9,edge-9,43.422,24.592,5497.322936830992,2371.9574727815734,14548,469.2903225806452,98.27436043977265
90350,none,2,edge-2,52.016,4.444,3939.987851622274,3226.312644342619,9876,318.5806451612903,103.82271651831519
90352,none,2,edge-2,50.94913798,6.955995260000001,4107.150865308177,3097.534343998299,14519,468.35483870967744,110.31375853342402
90359,none,3,edge-3,49.69705699000001,13.47317362,4571.505284812754,2959.7424568632046,16574,534.6451612903226,286.4087581511178
90361,none,1,edge-1,48.38253575000001,-1.82924334,3448.7143275623075,2877.819520513616,16509,532.5483870967741,401.13641789962867
90362,none,8,edge-8,46.688,18.956,5004.878108587784,2660.730362266749,38558,1243.8064516129032,51.90028127690029
90375,none,9,edge-9,40.72488379,21.45775795,5289.309409233131,2031.9565880866503,15905,513.0645161290323,303.87768144540934
90379,none,2,edge-2,52.5268057,5.70263922,4029.5329594920754,3277.2293288738574,16644,536.9032258064516,98.90580992620939
90389,none,2,edge-2,50.23,2.114,3759.509990238879,3043.3263404925788,14925,481.4516129032258,304.17526992143695
90401,none,3,edge-3,49.404,11.034,4396.058533255997,2921.759605685778,13663,440.741935483871,111.9069785895536
90403,none,1,edge-1,48.092,-1.622,3458.904849820583,2843.4172495262465,16599,535.4516129032259,433.9729358518937
90407,none,9,edge-9,42.596,23.408,5418.339615975424,2263.6800868550094,16494,532.0645161290323,50.8377330247452
90409,none,9,edge-9,42.902,23.79,5443.418292735303,2302.8090287835867,16585,535.0,33.85858167327498
90411,none,4,edge-4,40.861999999999995,14.394,4692.9016699577805,1984.5059298406434,16182,522.0,569.3932250585663
90413,none,9,edge-9,41.99,21.46,5269.922074093394,2170.7557647738854,16593,535.258064516129,224.57777157869387
90417,none,9,edge-9,42.57999999999999,23.344,5413.456960148277,2260.9959379337465,38406,1238.9032258064517,56.30213457333391
90422,none,3,edge-3,49.372,10.188,4334.656451282961,2917.691233567908,7603,245.25806451612902,66.47843810754368
90427,none,3,edge-3,50.062,9.006,4249.82105515975,2994.88813196891,15735,507.5806451612903,146.04294281396838
90429,none,7,edge-7,50.81185744,16.286728,4763.48163118402,3096.834757422051,16622,536.1935483870968,214.9183255741749
90433,none,9,edge-9,42.668,23.314,5409.424197677684,2270.1923990127684,16472,531.3548387096774,58.14375105606915
90440,none,9,edge-9,42.664,23.344,5411.920622456655,2270.1899519513577,9837,317.3225806451613,55.67436218785546
90448,none,7,edge-7,50.329112959999996,19.22161639,4975.680540444476,3065.37709062524,16613,535.9032258064516,136.27349203578598
90452,none,9,edge-9,42.99166176,20.34104973,5163.775398254344,2267.481498716374,16471,531.3225806451613,303.3975533014944
90459,none,9,edge-9,43.61938039,20.99735043,5207.291666132647,2344.0751913614763,13152,424.258064516129,267.83645327288065
90463,none,0,edge-0,39.96879366,-0.25772005,3443.0222877499714,1934.39696781434,363,11.709677419354838,225.21647957415183
90470,none,9,edge-9,43.583434,21.3262218,5234.1346338972935,2344.074750581111,2503,80.74193548387096,241.89998414203538
90475,none,9,edge-9,42.00462965,24.87135172,5548.412093851072,2221.6894393566404,39179,1263.8387096774193,99.28862687872322
90478,none,8,edge-8,47.382,19.114,5007.7267769344,2738.828058465375,77083,2486.548387096774,26.882951136854317
90480,none,2,edge-2,50.57,6.507999999999999,4073.706368926402,3056.8051683566127,16638,536.7096774193549,128.48393733901335
90488,none,8,edge-8,47.59,17.676,4897.541028168899,2749.539197254949,77244,2491.7419354838707,110.85299290377786
90499,none,5,edge-5,51.306,12.384000000000002,4487.2148928257175,3135.4969152659833,15735,507.5806451612903,102.56079479970386
90517,none,9,edge-9,43.25448365,26.95817739,5688.53669079996,2393.9305468556195,13799,445.1290322580645,249.83510624160618
90520,none,2,edge-2,52.516,4.706,3961.9734696796777,3280.485482197427,16572,534.5806451612904,123.8712673566642
90523,none,9,edge-9,42.622,25.374,5576.305042786798,2297.3334518451647,16053,517.8387096774194,110.94424983412861
90525,none,0,edge-0,44.274,2.432,3716.686478973287,2382.094236956028,10088,325.4193548387097,379.0740327153818
90529,none,7,edge-7,52.46472438,16.66943818,4773.559157456594,3282.469876373721,15925,513.7096774193549,196.94528697850706
90533,none,7,edge-7,49.40617795848296,19.47197845751967,5006.385041627451,2965.7080886905487,12966,418.258064516129,240.0968391539001
90539,none,8,edge-8,47.20211752,18.43758386,4959.225060776599,2712.8999258695253,37295,1203.0645161290322,42.818154707583005
90543,none,8,edge-8,47.654,18.97,4993.39007165503,2767.5458261447748,38640,1246.4516129032259,55.66914896527284
90555,none,8,edge-8,44.81514069,20.43568879,5144.91251932873,2469.206395737635,16171,521.6451612903226,282.1872616720023
90557,none,9,edge-9,43.538,21.71,5265.531439184957,2343.8430703364643,16417,529.5806451612904,211.7787647247735
90563,none,2,edge-2,51.2578662,4.6543532,3948.2133719460544,3141.0739287237775,16512,532.6451612903226,91.77188578915082
90568,none,8,edge-8,47.366,16.568,4816.731535219707,2716.713394936702,73893,2383.6451612903224,185.35697013122365
90574,none,3,edge-3,50.07600000000001,8.198,4192.00948635964,2997.5470715165966,15860,511.61290322580646,177.74726428074254
90576,none,3,edge-3,50.07600000000001,8.198,4192.00948635964,2997.5470715165966,16636,536.6451612903226,177.74726428074254
9059,none,9,edge-9,42.034,25.834,5625.941394560933,2241.104079181171,16336,526.9677419354839,163.30442750322695
90598,none,8,edge-8,44.81504632,20.43611205,5144.947075367684,2469.2006801552347,9780,315.48387096774195,282.2096874743796
90628,none,3,edge-3,49.928,8.548,4216.737255403388,2980.5341638122936,16600,535.483870967742,149.24232479685537
90654,none,3,edge-3,47.942,9.442,4279.289915492581,2758.8694055991605,16609,535.7741935483871,103.01385265490508
90655,none,9,edge-9,43.14027646,20.52197278,5176.25439618501,2285.8731763849464,16534,533.3548387096774,290.8127017753737
90658,none,2,edge-2,51.91,7.662000000000001,4160.14107828922,3202.5652182919507,14231,459.06451612903226,130.33802182382303
90660,none,2,edge-2,51.6936805,5.1379481,3985.0977225092943,3187.114631928608,16450,530.6451612903226,47.782953766884134
90662,none,9,edge-9,43.3907655,19.64877457,5102.399650154562,2303.915232558161,16566,534.3870967741935,365.4593452498722
90664,none,9,edge-9,43.3059127,21.93048259,5286.9806567597625,2321.174542095548,11486,370.51612903225805,184.9853507700865
90668,none,2,edge-2,51.69547744,5.19602895,3989.116734000294,3187.0483441795677,16640,536.7741935483871,43.82502965292476
90699,none,2,edge-2,52.936,6.1339999999999995,4061.1925981076392,3321.0666391150335,12715,410.16129032258067,145.65150790719596
90707,none,9,edge-9,45.088647810000005,24.370971669999996,5446.289668936867,2550.727731363437,7803,251.70967741935485,273.0254259234651
90712,none,12,edge-12,40.184,44.504,7159.475837709573,2563.197588227798,16562,534.258064516129,243.5068510852234
90720,none,8,edge-8,46.74890207,23.599583390000003,5354.497258096725,2721.2794073705627,12248,395.0967741935484,352.56345683811185
90731,none,3,edge-3,50.32600000000001,11.126,4401.184591041505,3024.384622156703,16585,535.0,192.11395504535778
90733,none,8,edge-8,48.138000000000005,16.468,4801.920553148298,2801.569928623818,4016,129.5483870967742,219.02629097876266
90737,none,7,edge-7,49.88168846,18.607629239999998,4938.093405533212,3010.589983540384,16589,535.1290322580645,189.55533677606496
90751,none,8,edge-8,46.0801136,18.046714,4942.7985720187535,2585.5805179394447,2,0.06451612903225806,140.1135045709075
90757,none,2,edge-2,52.13712790000001,5.4243119,4007.9489934721623,3235.0930835284585,5422,174.90322580645162,61.651946527174125
90777,none,9,edge-9,42.73788553,23.293247220000005,5406.473175983737,2277.541989278958,16607,535.7096774193549,60.50748421663676
90793,none,4,edge-4,43.306,12.326,4510.199085707388,2247.147391958048,16230,523.5483870967741,252.12377261540368
90799,none,2,edge-2,51.50332054276553,6.514683359195611,4079.1015202270155,3160.5128930432493,9933,320.4193548387097,50.30148816080397
90801,none,2,edge-2,51.50338272,6.5143615,4079.079530753798,3160.520870607575,16552,533.9354838709677,50.27809880773087
90802,none,8,edge-8,44.93817715,20.4310757,5142.741567093407,2482.7022095177936,16546,533.741935483871,269.4955407700819
90807,none,9,edge-9,43.994100120000006,28.63842845,5801.914017454651,2506.2296632803914,16183,522.0322580645161,405.0334104791286
90809,none,2,edge-2,52.32,5.536,4016.829676142185,3254.9347867444285,16564,534.3225806451613,78.0807127396917
90813,none,8,edge-8,47.95,21.72,5192.725701647961,2828.946365870802,16463,531.0645161290323,223.40040746343664
90815,none,8,edge-8,49.124,19.19,4989.949992888127,2931.940558002972,25718,829.6129032258065,219.72044803883915
90829,none,2,edge-2,52.002,5.468,4009.996864492098,3219.8953981875093,16084,518.8387096774194,47.040260188574344
90840,none,3,edge-3,48.732,9.114,4255.802009437669,2846.9103601935703,16597,535.3870967741935,49.10557721253503
90842,none,8,edge-8,48.17,21.994000000000003,5209.046139426861,2856.413042699847,13379,431.5806451612903,252.08427060534515
90859,none,12,edge-12,40.162,44.518,7161.528615619951,2561.4808083257294,16522,532.9677419354839,246.1368265161769
90860,none,2,edge-2,51.9631899,5.9248351,4041.0650416436024,3213.7313610573237,12755,411.4516129032258,36.50069303418696
90863,none,7,edge-7,50.23102172640151,18.65709523248186,4937.098131491514,3049.6363777716356,7442,240.06451612903226,150.7424543586659
90867,none,8,edge-8,47.13833837,24.476071359999995,5412.037156187917,2776.514568470396,3281,105.83870967741936,414.95452120026556
90869,none,7,edge-7,50.31199999999999,19.278,4979.896887569861,3063.9919638448528,14862,479.4193548387097,138.41892936655245
90871,none,2,edge-2,51.414,6.142,4052.7381442259616,3151.8878531828145,7455,240.48387096774192,33.58115785408972
90873,none,12,edge-12,40.20348944,44.5262897,7160.278342003634,2566.041924492826,12511,403.5806451612903,241.8299795609788
90875,none,12,edge-12,40.16,44.51200000000001,7161.165487099462,2561.047189316553,6675,215.32258064516128,246.24102751264374
90877,none,7,edge-7,50.44434074,16.14914864,4757.227944736762,3055.25042355408,13182,425.2258064516129,242.62582682915135
90883,none,3,edge-3,50.196,8.778,4233.74131324534,3010.0365121099007,8087,260.8709677419355,166.2995662494056
90890,none,5,edge-5,51.03946212,13.70095164,4580.454349720178,3109.6995106591494,16073,518.483870967742,172.83501422185412
90897,none,3,edge-3,48.954,9.06,4252.136994752141,2871.6379372600472,14577,470.2258064516129,52.782158132605375
90899,none,3,edge-3,47.92399999999999,7.796,4156.220786846702,2759.168242819624,8541,275.51612903225805,177.84829364507365
90901,none,5,edge-5,50.338,14.504,4641.439312595822,3034.9517904791005,16297,525.7096774193549,269.11509947025934
9091,none,9,edge-9,42.416,25.598,5598.691882392516,2278.659551754675,16227,523.4516129032259,131.71871383045388
90919,none,7,edge-7,49.5575251,18.7974013,4955.8732625713565,2976.3674766717113,16202,522.6451612903226,223.2797830588622
90929,none,3,edge-3,49.02,9.204,4262.763480817598,2878.8509922725834,16489,531.9032258064516,45.20611873610696
90935,none,2,edge-2,51.488,6.634,4087.2973835252055,3158.4213107941987,16623,536.2258064516129,58.71403025775565
90940,none,2,edge-2,53.092,8.226,4202.157718983963,3332.96376514308,4206,135.67741935483872,229.85427788528187
90947,none,0,edge-0,46.46027913,-1.64795455,3429.463517945539,2664.229076019759,6090,196.4516129032258,507.16896945039565
90956,none,7,edge-7,54.327999999999996,18.582,4877.955457784817,3502.1671073242014,12297,396.6774193548387,311.5330175848859
90967,none,7,edge-7,52.43,17.056,4800.072889242303,3281.096270517591,15261,492.2903225806452,172.59862771224408
90982,none,5,edge-5,52.650493790000006,9.21102762,4267.6035296389055,3282.6715134699875,14505,467.9032258064516,199.3227851564406
90984,none,7,edge-7,49.43325652,17.97238022,4898.090972715927,2955.8154801536043,14674,473.35483870967744,249.74059774190917
90987,none,5,edge-5,50.064,14.592,4649.5774058959005,3004.914585584792,14305,461.4516129032258,297.1952886670538
90991,none,5,edge-5,52.52,13.266,4542.612494277728,3272.835868952475,11998,387.03225806451616,90.04359774295473
90993,none,2,edge-2,52.65846687,5.92281854,4045.2734989896553,3291.000765413673,14949,482.2258064516129,113.41572095265701
90995,none,5,edge-5,52.354,9.282,4272.07944797569,3249.6308607172446,14840,478.7096774193548,189.57127976912483
91000,none,8,edge-8,46.32,16.972,4857.654056893815,2603.731232308728,11768,379.61290322580646,180.8038138798567
91014,none,8,edge-8,44.964,19.62,5078.916980749189,2476.957381233092,12528,404.1290322580645,247.8207567813456
91019,none,3,edge-3,49.22,9.222,4264.311016858737,2901.072509141933,11793,380.4193548387097,57.403754815122284
91023,none,3,edge-3,48.80566081,9.24062848,4265.202404747268,2854.9947360167225,13928,449.2903225806452,38.39950555517509
91027,none,5,edge-5,50.896,11.594000000000001,4433.137685270282,3088.394565856531,7222,232.96774193548387,148.912964631701
91031,none,12,edge-12,40.552,44.75800000000001,7161.858995113872,2610.5212949380843,9180,296.1290322580645,210.86706806804247
91035,none,8,edge-8,47.2872772,19.53194618,5040.333081295501,2732.3427270266234,12603,406.5483870967742,43.102799536097315
91041,none,3,edge-3,48.136,11.386,4424.202759528115,2781.2399646937038,12006,387.2903225806452,143.68781822718387
91043,none,2,edge-2,51.67799999999999,5.144,3985.3991293137215,3185.345403989255,12728,410.5806451612903,47.1924123300985
91045,none,3,edge-3,50.508,8.622,4223.249306171587,3044.9319326594164,1,0.03225806451612903,202.44524960836387
91051,none,7,edge-7,52.202,20.948,5066.243244978274,3288.6494937743355,12368,398.96774193548384,144.65796799402784
91055,none,3,edge-3,49.1958712,13.51000786,4576.776467179368,2904.1907783786182,3,0.0967741935483871,277.0924394261103
91057,none,3,edge-3,47.040234049999995,7.4309688099999995,4125.636620791857,2661.9071430035337,12232,394.5806451612903,265.4269721349399
91059,none,9,edge-9,44.51962752,25.80155038,5569.109325652368,2511.389242556251,9841,317.4516129032258,254.31333740346244
91061,none,2,edge-2,51.568,5.082,3980.298255954205,3173.417233940711,5766,186.0,52.00788584039963
91063,none,11,edge-11,55.88,37.538,5996.5582690408555,3968.805642064513,9,0.2903225806451613,51.304478804801455
91067,none,8,edge-8,44.678000000000004,20.624,5161.717293486687,2456.2103416516534,12143,391.7096774193548,302.0063939161968
91069,none,7,edge-7,51.054,17.038,4813.606680164717,3128.4830378408633,9999,322.5483870967742,155.80846463644681
91075,none,5,edge-5,51.336,12.422,4489.752885540491,3138.920129339586,11615,374.6774193548387,99.95341640795364
91080,none,9,edge-9,42.716,23.934,5458.546150041122,2284.636399194777,5723,184.61290322580646,10.432301448778103
91082,none,5,edge-5,51.384,11.988,4459.378571926271,3143.345986981254,10982,354.258064516129,91.33591747822182
91084,none,3,edge-3,50.084,8.576,4219.080065710159,2997.8418690763124,9106,293.741935483871,162.41429135300757
91090,none,5,edge-5,52.08,11.574,4428.896885696077,3220.0667232962696,10909,351.9032258064516,35.320878533864956
91093,none,3,edge-3,48.52104024225827,9.04804862746319,4250.653036121668,2823.5218527424336,10663,343.96774193548384,63.57368311733783
91096,none,4,edge-4,44.791340503894155,10.330745626335496,4347.220896834871,2408.9441286271976,4006,129.2258064516129,22.70223275971604
91098,none,5,edge-5,53.908,14.23,4598.861916729125,3430.437233091611,10142,327.16129032258067,239.4071828245694
9110,none,2,edge-2,51.46200000000001,6.692000000000001,4091.190380942327,3155.347064501556,16222,523.2903225806451,63.43897966630527
91101,none,3,edge-3,47.56860767,7.60386748,4140.618537056529,2720.141332629616,10206,329.2258064516129,213.9697331380531
91103,none,2,edge-2,51.99110419,5.91255158,4040.3966230748683,3216.880411044774,3077,99.25806451612904,39.413670804141745
91105,none,3,edge-3,47.712,9.386,4274.897680181552,2733.345225664897,10181,328.4193548387097,128.8684939988816
91107,none,3,edge-3,50.32418317,9.01575977,4250.906955488386,3024.037272430136,10426,336.3225806451613,173.15792581908443
91109,none,9,edge-9,42.69059302943827,23.341153974166414,5411.204123880874,2273.059388971235,9987,322.16129032258067,56.03264066413721
91113,none,2,edge-2,51.968,7.653999999999999,4159.798772639955,3209.03351498671,9815,316.61290322580646,131.3600450903215
91117,none,3,edge-3,50.072,8.434,4208.890246365151,2996.714567964191,10284,331.741935483871,166.9991940225005
91119,none,5,edge-5,52.996,12.63,4497.552548665398,3324.0256110683,2,0.06451612903225806,96.52371574963317
91129,none,2,edge-2,50.92199999999999,7.074000000000001,4115.3157613947005,3094.179109538068,22037,710.8709677419355,118.38681159331378
91131,none,8,edge-8,44.75700775,20.58763162,5157.684270129213,2464.497699720788,8546,275.6774193548387,292.841338331598
91136,none,2,edge-2,51.212,6.788,4096.635537894687,3127.258324216796,7551,243.58064516129033,82.33800976622652
91144,none,5,edge-5,52.60721242,10.240642,4337.30265514427,3277.592675516351,8454,272.7096774193548,130.98983606234776
91150,none,2,edge-2,50.852,5.702,4018.523611818521,3091.1646614259203,8503,274.2903225806452,88.23763400784114
91152,none,9,edge-9,42.52467598515732,27.466990334221027,5746.226680542146,2324.1545370910526,1303,42.03225806451613,282.9628845228005
91154,none,5,edge-5,50.09,14.488,4641.971832955173,3007.3412638520967,8164,263.35483870967744,290.52732589568734
91156,none,2,edge-2,48.358,2.122,3738.1980698427615,2836.093871246116,8406,271.16129032258067,451.11504975816314
91160,none,2,edge-2,50.912,6.918,4104.310398485109,3093.517786619452,14829,478.35483870967744,111.427346473344
91162,none,9,edge-9,43.080000000000005,25.62,5586.241300092553,2351.399229985309,6,0.1935483870967742,139.7893714345304
91176,none,9,edge-9,42.41063219000001,25.58138567,5597.467369873196,2277.7919556025126,8052,259.741935483871,130.4959385901623
91188,none,2,edge-2,51.69,5.172,3987.4191985757097,3186.5496371623276,7916,255.3548387096774,45.39743292960231
91190,none,7,edge-7,50.948,20.948,5087.087355814842,3150.4537949881505,5945,191.7741935483871,143.54035171916567
91191,none,2,edge-2,53.09199999999999,8.226,4202.157718983963,3332.96376514308,7616,245.67741935483872,229.85427788528187
91193,none,7,edge-7,50.23199999999999,18.68,4938.7066897928025,3049.937438221038,3092,99.74193548387096,150.28965670711295
91197,none,7,edge-7,50.2299685196875,18.66126194765625,4937.406739001342,3049.554962549393,3072,99.09677419354838,150.79281108412331
91201,none,9,edge-9,40.63792077,22.94849485,5415.489327968575,2042.7580581772343,7232,233.29032258064515,241.28548113566356
91207,none,8,edge-8,46.986,15.372,4729.62288213201,2667.307050748217,5881,189.70967741935485,276.15082160886715
91219,none,5,edge-5,50.928000000000004,11.598,4433.341741520152,3091.9597988032347,7319,236.09677419354838,145.37345642288628
91227,none,9,edge-9,42.65,26.326,5652.058089270041,2316.7989718419367,1737,56.03225806451613,189.0084680395554
91229,none,9,edge-9,42.64,23.314,5409.935365738616,2267.1275084113518,4384,141.41935483870967,58.158056969762264
91242,none,9,edge-9,41.996,21.408,5265.560566241166,2170.760636544403,6639,214.16129032258064,228.41197288605494
91284,none,7,edge-7,52.588,22.472,5161.512377841828,3347.762459728322,15775,508.8709677419355,256.41067068881074
9129,none,2,edge-2,50.906,6.786,4095.007331266503,3093.2502077667355,9391,302.93548387096774,105.84885479957565
91308,none,12,edge-12,40.136,44.524,7163.157745449496,2559.0497260243774,6406,206.6451612903226,249.04911096887562
91318,none,9,edge-9,41.94023222999999,25.5442965,5604.435873614148,2225.9028437532625,6464,208.51612903225808,147.17692390307076
91322,none,2,edge-2,50.668,6.478,4072.103699618757,3067.797522080986,3966,127.93548387096774,117.58318730419461
91324,none,2,edge-2,51.5172679,5.3932848,4001.473297095781,3166.3749972465275,6301,203.25806451612902,32.85989129358737
91326,none,2,edge-2,50.93270919999999,6.9608818,4107.41844931042,3095.693773548976,6237,201.19354838709677,111.84936811910212
91328,none,12,edge-12,40.754,44.896,7162.912501805568,2636.4279384529145,27404,884.0,195.36802667077433
91330,none,9,edge-9,42.71057774999999,23.357909919999997,5412.19073345571,2275.490284468241,6249,201.58064516129033,54.86444464823774
91332,none,5,edge-5,51.016,13.444,4562.579017449242,3106.211741668878,5742,185.2258064516129,163.7280941669333
91335,none,5,edge-5,52.67072735,10.69308056,4367.885309382739,3284.8568274272398,56,1.8064516129032258,105.83214826924508
91337,none,2,edge-2,50.97724679,3.56636971,3869.8159782747393,3116.0728120056074,7404,238.83870967741936,173.7985413868595
91359,none,12,edge-12,40.20332442,44.51700926,7159.584816948319,2565.6709788246917,5606,180.83870967741936,241.67007465378052
91361,none,2,edge-2,52.06600000000001,4.482,3943.0097369866535,3231.6644834078115,5502,177.48387096774192,103.7964925849128
91367,none,0,edge-0,38.088,-0.656,3382.916565452387,1732.978480913941,21,0.6774193548387096,425.35806470897603
91371,none,2,edge-2,50.75810839614246,6.089518503285314,4045.210024746916,3079.2025616430856,4998,161.2258064516129,100.02026651770387
91381,none,5,edge-5,53.474,10.082,4326.4453722927765,3374.024891195388,4620,149.03225806451613,193.756684309206
91383,none,9,edge-9,45.958160379999995,23.56663728,5367.3917218354045,2634.1645782179107,3662,118.12903225806451,369.35497734591553
91385,none,8,edge-8,46.76825915,23.55072641,5350.454516529512,2722.7200104803883,526,16.967741935483872,348.5610132423501
91387,none,9,edge-9,42.622,23.368,5414.628933111562,2265.942101692664,3423,110.41935483870968,53.82659885944986
91389,none,9,edge-9,40.65867864,22.95398694,5415.588799289017,2045.108031129032,62,2.0,238.96874382560804
9139,none,3,edge-3,48.616,9.548,4287.66068946383,2833.725756904493,14756,476.0,29.78983734480887
91391,none,5,edge-5,52.46399999999999,13.572,4563.664792536594,3267.586623926247,4275,137.90322580645162,107.75737415280352
91403,none,7,edge-7,50.22848692000001,18.6646691,4937.667151185243,3049.4197990782604,1602,51.67741935483871,150.9019684630977
91407,none,9,edge-9,42.678,23.288,5407.141660565393,2270.910528357338,3754,121.09677419354838,60.30940445969656
9141,none,2,edge-2,50.822,7.126,4118.534765512108,3082.9170858401426,16159,521.258064516129,128.78108728451005
91415,none,8,edge-8,47.39,16.542,4814.5468866237625,2719.197697537529,3090,99.6774193548387,187.6126259825749
91424,none,12,edge-12,40.17524665,44.51357681,7160.5953421875865,2562.6673269601242,3244,104.64516129032258,244.62764959847678
91428,none,2,edge-2,52.376,4.858,3971.15641404936,3264.2007611324925,47,1.5161290322580645,105.2611364134236
91430,none,2,edge-2,51.275999999999996,4.662,3948.8923168145134,3143.0478504748967,3053,98.48387096774194,90.36250691196666
91435,none,12,edge-12,40.20887169,44.56486952,7162.948085740974,2568.06531400433,2681,86.48387096774194,242.01701843441995
91447,none,7,edge-7,49.41488770000001,19.47887778,5006.758514155289,2966.7343893867496,2740,88.38709677419355,239.18196769381132
91450,none,5,edge-5,52.222,11.0,4389.33570248616,3235.1708469887,46,1.4838709677419355,71.72524361178259
91456,none,9,edge-9,42.6744364,23.2793331,5406.506536915217,2270.395090199427,2680,86.45161290322581,61.00577497314098
91481,none,12,edge-12,40.14153794,44.519747259999995,7162.585815299243,2559.453951987449,2287,73.7741935483871,248.3736781684055
91483,none,12,edge-12,40.18204801,44.52145636,7160.883200620171,2563.663864596709,2223,71.70967741935483,244.04348133330024
91486,none,9,edge-9,42.698,23.33,5410.168080117328,2273.708252402654,2189,70.61290322580645,57.00584515945294
91488,none,12,edge-12,40.1903099,44.51622425,7160.114193088735,2564.309504447286,1765,56.935483870967744,243.05553367700335
91494,none,2,edge-2,51.85573397,5.81102192,4032.569360817899,3202.2351130890115,1934,62.38709677419355,23.884219224614654
91496,none,9,edge-9,42.817875,23.2324469,5400.113400527384,2285.422356515144,2063,66.54838709677419,67.2186305861255
91510,none,8,edge-8,47.874,21.72,5194.025281393586,2820.5857518391817,1153,37.193548387096776,220.29232869752622
91512,none,8,edge-8,47.878,21.720000000000002,5193.956909860172,2821.0257802247197,854,27.548387096774192,220.44893026242437
91514,none,2,edge-2,51.658,5.658,4020.7383575567114,3180.8839358538276,843,27.193548387096776,11.611251277908762
91520,none,2,edge-2,50.41048285,7.8938571,4171.3019259857265,3035.3167949730982,1247,40.225806451612904,199.6132809837256
91524,none,7,edge-7,52.44,16.928,4791.306628314052,3281.3692727755124,1189,38.354838709677416,180.49758238591178
91526,none,2,edge-2,51.690000000000005,5.21,3990.040353745278,3186.3765516260805,929,29.967741935483872,42.7891553040054
91528,none,3,edge-3,48.66,9.416,4277.962532006173,2838.68514315129,180,5.806451612903226,32.56132376387313
91544,none,3,edge-3,48.526,9.06,4251.543025754111,2824.0618020816005,332,10.709677419354838,62.53388724827739
91546,none,2,edge-2,51.733710499999994,5.139343900000001,3985.4904484191493,3191.5536864767905,333,10.741935483870968,48.41419273203024
91558,none,9,edge-9,43.384537130000005,19.67289499,5104.424192751814,2303.480988899054,205,6.612903225806452,363.40961254591735
91564,none,9,edge-9,42.69799999999999,23.322,5409.522208546455,2273.5922247047056,52,1.6774193548387097,57.659202517284264
91570,none,9,edge-9,42.54085094,23.50361717,5427.089714945421,2259.047874923558,2,0.06451612903225806,44.36862084533363
91578,none,2,edge-2,51.9299306,5.5783541,4017.0720460773427,3211.4237295025764,90,2.903225806451613,36.31033517445075
9187,none,3,edge-3,49.04,9.584,4290.576662162624,2880.8457848144135,16666,537.6129032258065,25.30506444186299
9225,none,3,edge-3,48.072,11.616,4441.4774585460145,2774.476587674861,16586,535.0322580645161,161.9152015465775
9235,none,9,edge-9,42.716,23.218,5400.798139816853,2274.060845086367,15537,501.19354838709677,66.32299261750026
9249,none,9,edge-9,41.76800000000001,26.198,5661.264957842907,2218.5536948022927,16371,528.0967741935484,203.32546386135607
9261,none,9,edge-9,42.726,23.251999999999995,5403.361071877323,2275.6452639287704,5157,166.3548387096774,63.67564781606512
9277,none,9,edge-9,42.678000000000004,23.243999999999996,5403.587588162214,2270.275063761798,16292,525.5483870967741,63.915415735498556
9281,none,3,edge-3,47.966,7.958,4168.4543306994,2763.4863606975673,13365,431.1290322580645,165.33342067306032
9289,none,5,edge-5,50.864000000000004,12.086000000000002,4467.841136161815,3085.7063755125014,15803,509.7741935483871,149.11437313038428
929,none,3,edge-3,47.988,7.841999999999999,4159.860901958896,2766.176589821395,4480,144.51612903225808,170.94239752577673
9335,none,9,edge-9,41.843999999999994,26.082,5650.176821779875,2224.764842545773,16581,534.8709677419355,190.9177737435044
9343,none,2,edge-2,51.382,7.243999999999999,4129.180141550357,3144.859488821896,15873,512.0322580645161,102.72384055805888
9421,none,2,edge-2,51.398,5.466000000000001,4005.6875762497025,3152.811335178709,16199,522.5483870967741,36.723632122983716
9423,none,3,edge-3,49.50599999999999,10.4,4349.976406928682,2932.6528489387974,14751,475.83870967741933,87.12885057060076
9439,none,9,edge-9,42.622,25.386,5577.269261432256,2297.534323591339,16180,521.9354838709677,111.92858242562419
9462,none,9,edge-9,42.66,23.262,5405.36896976192,2268.564289597042,16580,534.8387096774194,62.39831254578421
9474,none,3,edge-3,47.636,7.692000000000001,4147.477381463379,2727.4155512030516,15302,493.61290322580646,204.03339162287799
9521,none,9,edge-9,41.574,23.734,5463.79484877351,2156.754368388293,16076,518.5806451612904,121.774016916589
9523,none,9,edge-9,43.016,25.784,5600.693332677327,2347.2108459470383,16536,533.4193548387096,150.34637692125892
9525,none,3,edge-3,48.734,9.112,4255.657465626252,2847.1344504519425,16249,524.1612903225806,49.19102111153476
9538,none,3,edge-3,48.024,11.725999999999999,4449.797990259733,2769.328812573818,12620,407.0967741935484,171.69931560618568
967,none,3,edge-3,48.73,9.304,4269.7809228259275,2846.5380172412906,16057,517.9677419354839,35.85351166323632
9676,none,9,edge-9,42.656,23.292,5407.8657729632405,2268.5601621102323,16583,534.9354838709677,59.93527906069271
9690,none,9,edge-9,42.614,23.34,5412.511919937206,2264.6591219621237,13693,441.7096774193548,56.189387934567684
9695,none,5,edge-5,52.422,13.486,4558.052431979436,3262.6343389119725,16360,527.741935483871,100.94501314784813
9717,none,9,edge-9,43.57,27.832,5749.752801617681,2444.539985036216,10749,346.741935483871,327.9296945947574
9738,none,3,edge-3,47.446,13.9,4615.192198921218,2711.3489557957405,16255,524.3548387096774,345.0054484944823
9746,none,5,edge-5,50.836,12.958,4529.3166045557455,3084.7091980129903,16112,519.741935483871,164.76119656298005
9764,none,9,edge-9,43.214,27.936,5766.717597636693,2407.9300784864286,16599,535.4516129032259,326.4999110358106
977,none,2,edge-2,51.436,7.292,4132.74137008567,3150.7388755644306,14234,459.16129032258067,104.38971662747208
9774,none,9,edge-9,42.67,23.316,5409.549228075075,2270.44031558863,14309,461.5806451612903,57.98507932944249
9784,none,0,edge-0,44.87400000000001,-1.092,3446.613037125621,2483.155665080557,8347,269.258064516129,327.67154778166673
9796,none,9,edge-9,42.68,27.704,5761.399585805571,2345.539823994954,16293,525.5806451612904,301.9651361111711
9822,none,4,edge-4,46.042,14.472,4667.3445526450805,2558.0837012939846,16256,524.3870967741935,364.6376011696405
9839,none,3,edge-3,48.15,11.506,4433.105779371235,2782.970544306761,14065,453.7096774193548,150.36762308866824
9855,none,3,edge-3,48.111999999999995,9.282,4267.509199469343,2777.8644191495378,2950,95.16129032258064,88.73772550474473
9889,none,9,edge-9,42.111999999999995,24.738,5535.413753697537,2231.2406685827546,16268,524.7741935483871,83.16432165795037
9893,none,3,edge-3,49.092,8.542,4214.491735516626,2887.5958453868575,16620,536.1290322580645,93.37665791300391
9899,none,3,edge-3,49.238,6.698,4080.575550110912,2908.1695386527385,16607,535.7096774193549,228.169798586518
9935,none,9,edge-9,41.828,23.478,5438.114242230705,2180.686707152258,35934,1159.1612903225807,101.96921832305189
